tree
version=v4
num_class=1
num_tree_per_iteration=1
label_index=0
max_feature_idx=10
objective=lambdarank
feature_names=bm25_reciprocal_rank embedding_reciprocal_rank value_reciprocal_rank rrf_score is_table is_primary_key is_relationship_key historical_max_similarity historical_weighted_usage historical_support_count historical_operation_match
feature_infos=[0:1] [0.0082644624635577202:1] none [0.0055248602293431759:0.032786890864372253] [0:1] [0:1] [0:1] [0:1] [0:2.6456024646759033] [0:1] [0:1]
tree_sizes=1743 1739 1743 1750 1743 1742 1749 1745 1753 1750 1750 1728 1759 1741 1752 1741 1746 1740 1739 1754 1754 1745 1755 1750 1744 1745 1754 1746 1759 1744 1745 1754 1745 1762 1753 1757 1748 1743 1742 1768 1755 1753 1753 1761 1746 1748 1747 1737 1763 1750 1753 1750 1759 1755 1753 1759 1759 1760 1750 1750 1752 1753 1745 1749 1757 1761 1743 1766 1758 1758 1746 1740 1760 1747 1749 1766 1748 1751 1753 1756 1761 1769 1751 1738 1754 1756 1760 1744 1742 1765 1756 1751 1752 1744 1756 1763 1760 1748 1753 1724 1751 1765 1777 1776 1767 1749 1750 1749 1746 1744 1742 1765 1722 1753 1746 1736 1771 1759 1744 1773 1757 1742 1743 1742 1753 1751 1765 1747 1763 1757 1762 1741 1767 1751 1775 1742 1768 1763 1760 1762 1757 1753 1758 1749 1749 1779 1770 1746 1767 1758 1758 1757 1762 1745 1751 1758 1761 1784 1776 1725 1755 1773 1732 1752 1777 1762 1759 1787 1777 1751 1772 1738 1739 1763 1775 1759 1755 1762 1765 1760 1768 1791 1773 1755 1735 1758 1771 1752 1758 1749 1785 1766 1761 1756 1764 1762 1784 1760 1766 1756 1759 1747 1786 1737 1764 1765 1757 1778 1775 1761 1767 1764 1770 1756 1745 1767 1774 1745 1765 1752 1778 1768 1761 1768 1755 1769 1744 1778 1772 1779 1777 1754 1762 1773 1756 1766 1753 1755 1764 1769 1755 1760 1741 1762 1766 1764 1747 1763 1770 1776

Tree=0
num_leaves=15
num_cat=0
split_feature=3 7 3 7 6 8 1 1 3 8 3 1 8 0
split_gain=673.392 150.22 54.5055 34.5971 24.9804 23.1754 13.6923 5.32778 5.30719 4.09531 3.72399 3.50759 3.34639 2.91512
threshold=0.015268070157617332 0.65736749768257152 0.030091284774243835 0.65268862247467052 1.0000000180025095e-35 0.87403500080108654 0.040833333507180221 0.75000000000000011 0.031076864339411262 1.4096468687057497 0.031017075292766098 0.040833333507180221 1.6892020702362063 0.11805555596947671
decision_type=2 2 2 2 2 2 2 2 2 2 2 2 2 2
left_child=1 4 3 7 6 -3 -1 11 10 -5 -4 13 -7 -2
right_child=2 5 8 9 -6 12 -8 -9 -10 -11 -12 -13 -14 -15
leaf_value=-0.068301196289706781 -0.063461622528694903 -0.008644171566486324 0.057805629950311709 0.041785478038080248 -0.02453875501830163 0.033218410631267556 -0.044380265090477808 0.049560870041605989 0.073191297980004982 0.068280205973003924 -0.010156537938447075 0.0012502515465824559 0.062658220157334701 -0.0051511749405910284
leaf_weight=132.95537440432236 2.6662205862812689 28.18060711119324 34.102291639428586 20.191927487961948 34.887256431626156 19.941307273227725 53.769427634077147 3.2348194848746052 102.48640014789999 17.359482866246253 1.3407291453331698 30.679674461483955 8.950526404194532 2.8255005334503949
leaf_count=9546 84 1079 322 284 2025 527 2486 38 536 141 32 879 139 134
internal_value=0.000322144 -0.0407047 0.0535293 0.0265595 -0.055608 0.0171649 -0.0614129 0.000378632 0.0685771 0.0540336 0.0552348 -0.00401975 0.0423387 -0.0334608
internal_weight=493.572 278.684 214.887 76.9576 221.612 57.0724 186.725 39.4062 137.929 37.5514 35.443 36.1714 28.8918 5.49172
internal_count=18252 15802 2450 1560 14057 1745 12032 1135 890 425 354 1097 666 218
is_linear=0
shrinkage=0.04


Tree=1
num_leaves=15
num_cat=0
split_feature=3 7 4 8 8 6 0 3 1 7 3 1 1 0
split_gain=940.645 361.609 102.066 48.9143 47.1792 43.7209 42.2972 39.8912 26.3562 19.382 10.0777 9.42777 8.9817 7.34759
threshold=0.01550481002777815 0.65691772103309642 1.0000000180025095e-35 0.74409300088882457 1.3731684088706972 1.0000000180025095e-35 0.41666667163372045 0.030650475062429908 0.069047622382640853 0.76598063111305248 0.032010246068239219 0.75000000000000011 0.060661764815449722 0.22500000149011615
decision_type=2 2 2 2 2 2 2 2 2 2 2 2 2 2
left_child=1 5 3 6 -3 8 -2 9 -1 11 -9 -4 -6 -5
right_child=2 4 7 13 12 -7 -8 10 -10 -11 -12 -13 -14 -15
leaf_value=-0.066821699692083014 -0.015323550631160331 -0.0032118842896565404 0.0082185575707265906 0.031461307661320478 0.048223016908872492 -0.031108202618971469 0.033231056877383786 0.056394828476394716 -0.035768204063452144 0.053795183482116198 0.074060945353768004 0.054192777635231025 0.015230039995570441 0.059906963770143352
leaf_weight=269.50105603039265 76.870745548047125 95.374170349910855 40.908171262592077 26.279657771810889 52.751800449565053 96.689565101638436 45.814378362149 107.08342768065631 52.200479896739125 39.52295533567667 99.831426352262497 8.6449133176356536 17.608702894300222 32.492844600230455
leaf_count=10961 869 1352 374 147 318 2017 237 224 1179 146 138 30 97 129
internal_value=-0.000844502 -0.0348859 0.0408029 0.0171823 0.0151188 -0.054694 0.00280823 0.0552835 -0.0617828 0.0329027 0.0649183 0.0162391 0.0399661 0.0471877
internal_weight=1061.57 584.126 477.449 181.458 165.735 418.391 122.685 295.991 321.702 89.076 206.915 49.5531 70.3605 58.7725
internal_count=18218 15924 2294 1382 1767 14157 1106 912 12140 550 362 404 415 276
is_linear=0
shrinkage=0.04


Tree=2
num_leaves=15
num_cat=0
split_feature=3 7 3 8 8 5 1 3 4 5 8 1 1 4
split_gain=806.394 301.794 87.6402 47.1188 31.5987 22.6376 21.7204 13.346 8.8602 8.51669 7.7991 7.00246 6.21478 5.69275
threshold=0.01550481002777815 0.65691772103309642 0.031299686059355743 0.71485984325408947 0.88369229435920726 1.0000000180025095e-35 0.040833333507180221 0.030091284774243835 1.0000000180025095e-35 1.0000000180025095e-35 1.5787281990051272 0.75000000000000011 0.074175827205181136 1.0000000180025095e-35
decision_type=2 2 2 2 2 2 2 2 2 2 2 2 2 2
left_child=1 5 3 7 -3 6 -1 11 -9 -6 -5 -2 -11 -4
right_child=2 4 13 10 9 -7 -8 8 -10 12 -12 -13 -14 -15
leaf_value=-0.062769119771043935 -0.0060890872167766634 -0.0053412166966677497 0.04944158142607151 0.0345451514164778 0.019951681105772411 -0.028609527978681024 -0.041082555536176832 0.0023377516043784781 0.039439010544556709 0.049697312589456012 0.056076623119993646 0.035674741600998365 -0.031488350205971551 0.064660265696536032
leaf_weight=219.57776294695213 73.400937177240849 78.249204091727734 54.494987923651934 69.333224236965179 54.1762176733464 59.1737723890692 111.37384471250698 16.797871066257358 26.618817893788218 31.225561367347836 43.996681172400713 7.0395135767757884 1.5852359384298313 141.28900940716267
leaf_count=9847 1057 1121 195 343 453 1441 2978 150 107 180 159 42 17 256
internal_value=-0.000304144 -0.0322066 0.0406163 0.024266 0.0131017 -0.0513967 -0.055471 0.00721216 0.0250846 0.029692 0.0429041 -0.00243425 0.0457749 0.0604243
internal_weight=988.333 555.362 432.971 237.187 165.236 390.125 330.952 123.857 43.4167 86.987 113.33 80.4405 32.8108 195.784
internal_count=18346 16037 2309 1858 1771 14266 12825 1356 257 650 502 1099 197 451
is_linear=0
shrinkage=0.04


Tree=3
num_leaves=15
num_cat=0
split_feature=3 7 3 6 7 1 8 4 8 5 5 3 1 8
split_gain=686.861 263.074 64.5671 49.1201 34.8242 28.1676 27.7918 12.8779 12.9957 6.68071 6.67374 6.55171 6.42818 6.08542
threshold=0.016001025214791301 0.65691772103309642 0.030650475062429908 1.0000000180025095e-35 0.67754980921745311 0.069047622382640853 0.88369229435920726 1.0000000180025095e-35 0.68586039543151867 1.0000000180025095e-35 1.0000000180025095e-35 0.032010246068239219 0.0091326101683080214 1.5787281990051272
decision_type=2 2 2 2 2 2 2 2 2 2 2 2 2 2
left_child=1 3 4 5 -2 -1 -3 8 -4 12 -8 -9 -5 -6
right_child=2 6 7 9 13 -7 10 11 -10 -11 -12 -13 -14 -15
leaf_value=-0.060738955592488639 0.0012114384444796796 -0.0033859614074471349 0.02172600712049292 0.072313183605567433 0.030992907474624559 -0.029878162439606108 0.020353914381853966 0.052087506693445758 0.057240285902437744 -0.0084938532587672654 0.043225403486947353 0.067742856949153593 -0.032391859148605588 0.054050334368462391
leaf_weight=235.80686627887189 75.56198263168335 82.14577323757112 34.234081670641899 0.95613172091543575 52.919196015223861 59.201625701971352 53.315903155133128 88.891407746821642 31.799462519586086 39.495271351188421 33.076428726315498 82.435683697462082 49.887220159173012 28.00684554502368
leaf_count=11064 955 1147 201 5 308 1383 467 233 114 692 194 139 1362 100
internal_value=0.000302829 -0.028412 0.0406856 -0.046643 0.0207392 -0.0545459 0.0132717 0.053836 0.0388285 -0.0208357 0.0291106 0.0596202 -0.0304228 0.0389726
internal_weight=947.734 553.885 393.849 385.347 156.488 295.008 168.538 237.361 66.0335 90.3386 86.3923 171.327 50.8434 80.926
internal_count=18364 16314 2050 14506 1363 12447 1808 687 315 2059 661 372 1367 408
is_linear=0
shrinkage=0.04


Tree=4
num_leaves=15
num_cat=0
split_feature=3 7 3 6 7 8 1 4 8 3 1 6 8 8
split_gain=593.445 210.337 60.7294 35.632 30.7223 28.4335 13.8068 13.2355 7.81516 7.13433 6.88009 6.19153 5.98349 5.7796
threshold=0.01550481002777815 0.65691772103309642 0.030320434831082824 1.0000000180025095e-35 0.72261759638786327 1.5338028669357302 0.069047622382640853 1.0000000180025095e-35 0.68586039543151867 0.032010246068239219 0.41666667163372045 1.0000000180025095e-35 1.4826412200927737 0.86578214168548595
decision_type=2 2 2 2 2 2 2 2 2 2 2 2 2 2
left_child=1 3 4 6 10 11 -1 8 -4 12 -2 -3 13 -9
right_child=2 5 7 -5 -6 -7 -8 9 -10 -11 -12 -13 -14 -15
leaf_value=-0.058020778169328241 -0.0041183995007676869 -0.0092344163323010309 0.021483726802664433 -0.02396207847287465 0.037053015213627867 0.036658752572008096 -0.033915477520280041 0.046394644339356347 0.047745817394254292 0.064856890490118863 0.023810340797551219 0.0097568101605998003 0.061035455412756762 0.015458451144680503
leaf_weight=221.59161204472184 72.781712125055492 67.576941762119532 37.095647161826491 83.563603176735342 66.964013621211052 43.012723373249173 45.891189840622246 50.616594675928354 35.461411900818348 67.166743472218513 17.507548946887255 46.27634996548295 35.573906973004341 11.942036554217337
leaf_count=11054 1018 961 259 2052 349 288 1203 159 135 126 128 518 83 32
internal_value=-0.0009552 -0.0295552 0.03581 -0.0467622 0.0165232 0.00895203 -0.0538851 0.0485609 0.034319 0.0548123 0.00129713 -0.00151532 0.0479374 0.0404891
internal_weight=903.022 507.912 395.11 351.046 157.253 156.866 267.483 237.856 72.5571 165.299 90.2893 113.853 98.1325 62.5586
internal_count=18365 16076 2289 14309 1495 1767 12257 794 394 400 1146 1479 274 191
is_linear=0
shrinkage=0.04


Tree=5
num_leaves=15
num_cat=0
split_feature=3 7 3 6 8 8 3 4 8 0 3 7 8 7
split_gain=524.961 195.59 55.9602 35.6061 30.5857 26.2792 15.7546 8.83734 7.1121 6.66604 6.18778 5.60743 6.02891 6.02269
threshold=0.015749010257422928 0.65691772103309642 0.031076864339411262 1.0000000180025095e-35 0.68356719613075267 1.5523229837417605 0.013423420023173096 1.0000000180025095e-35 0.69696003198623668 0.18333333730697635 0.029254760593175892 0.66230651736259472 0.80723297595977794 0.78002032637596141
decision_type=2 2 2 2 2 2 2 2 2 2 2 2 2 2
left_child=1 3 4 6 10 11 -1 8 -4 -6 -2 -3 13 -13
right_child=2 5 7 -5 9 -7 -8 -9 -10 -11 -12 12 -14 -15
leaf_value=-0.055306531043004287 -0.0041348662261794736 0.051091563332829652 0.023304270817306544 -0.020898107777448365 0.02811725692427848 0.037201748166465515 -0.030317951541240697 0.056521161399203872 0.052415259339996918 0.049846269859491608 0.016630822456610649 -0.0067326258000690422 0.0081385625081660008 -0.056209099971055596
leaf_weight=212.29628854431212 56.368859698995948 3.401067564263939 27.812980026006699 86.030737125314772 59.869832023978233 43.398049682378769 49.847259263508022 135.62509599328041 25.961846604943275 36.277458673343062 38.737593999132514 48.465023405849934 55.451501755975187 4.2845321837812653
leaf_count=10975 812 22 158 2061 332 276 1297 301 77 172 335 762 647 94
internal_value=0.000225585 -0.0265874 0.0356688 -0.043227 0.0204066 0.0107898 -0.0505549 0.0510805 0.0373587 0.0363159 0.00432316 0.000519119 -0.00107052 -0.0107513
internal_weight=883.828 503.174 380.654 348.174 191.254 155 262.144 189.4 53.7748 96.1473 95.1065 111.602 108.201 52.7496
internal_count=18321 16134 2187 14333 1651 1801 12272 536 235 504 1147 1525 1503 856
is_linear=0
shrinkage=0.04


Tree=6
num_leaves=15
num_cat=0
split_feature=3 7 3 6 8 8 1 5 4 1 0 3 4 8
split_gain=435.362 190.73 54.9558 34.301 28.7551 23.0943 12.4764 9.25411 7.29752 6.0923 6.45898 6.02436 8.10276 5.44817
threshold=0.01550481002777815 0.65268862247467052 0.031076864339411262 1.0000000180025095e-35 0.68356719613075267 1.3731684088706972 0.04446640424430371 1.0000000180025095e-35 1.0000000180025095e-35 0.75000000000000011 0.41666667163372045 0.030186135321855549 1.0000000180025095e-35 1.7452975511550906
decision_type=2 2 2 2 2 2 2 2 2 2 2 2 2 2
left_child=1 3 4 6 9 7 -1 -3 -4 10 11 -2 -13 -7
right_child=2 5 8 -5 -6 13 -8 -9 -10 -11 -12 12 -14 -15
leaf_value=-0.055231208177630116 -0.011438298215323056 -0.008000159872362746 0.036008432974425561 -0.020017494633447909 0.033317780007852175 0.022282417639521698 -0.035531185390553319 0.021143981856788615 0.053523407370926236 0.033696235040236402 0.025562045754744713 -0.02122061811090549 0.037910690388983558 0.047470994281876247
leaf_weight=176.85272083058953 59.002564820460975 69.734996321611106 54.46001660823822 84.531995760276914 92.569768594577909 39.662080647423863 72.532649584114552 23.242221722379327 126.3943737745285 8.863396776840089 12.459734641015528 5.8507902212440941 10.123128468170762 21.021158162504435
leaf_count=9932 932 1130 241 2042 517 307 2309 244 293 54 122 78 56 108
internal_value=-0.000244594 -0.0250665 0.0324896 -0.0420376 0.0173988 0.0118131 -0.0495015 -0.000714777 0.0482492 0.00209646 -0.00110681 -0.00553869 0.0162526 0.0310079
internal_weight=857.302 487.578 369.724 333.917 188.869 153.66 249.385 92.9772 180.854 96.2996 87.4362 74.9765 15.9739 60.6832
internal_count=18365 16072 2293 14283 1759 1789 12241 1374 534 1242 1188 1066 134 415
is_linear=0
shrinkage=0.04


Tree=7
num_leaves=15
num_cat=0
split_feature=3 7 3 6 8 8 1 8 3 4 8 1 1 0
split_gain=396.842 184.963 44.2603 29.0543 24.9989 21.6987 15.8953 9.36052 7.67507 5.69301 4.99318 4.40112 4.39226 4.44465
threshold=0.016001025214791301 0.65691772103309642 0.030600344762206081 1.0000000180025095e-35 1.3731684088706972 0.71522772312164318 0.069047622382640853 1.4770575761795046 0.031529305502772338 1.0000000180025095e-35 1.5523229837417605 0.18333333730697635 0.75000000000000011 0.29166667163372045
decision_type=2 2 2 2 2 2 2 2 2 2 2 2 2 2
left_child=1 3 5 6 -3 -2 -1 8 -4 -10 12 -8 13 -7
right_child=2 4 7 -5 -6 10 11 -9 9 -11 -12 -13 -14 -15
leaf_value=-0.052078240156264347 0.00052079477144644935 -0.00049641225091244306 0.025726790329295156 -0.019795802915474368 0.032000388947655861 0.010986059209046484 -0.034486334782253387 0.056200460445436758 0.032303003185053289 0.053176636975570679 0.045912723753153618 -0.0085906766750473585 0.064791404062981603 0.042976586623167744
leaf_weight=197.38823059620336 75.003565480001271 94.389223642647266 50.110068246722221 84.860566023737192 63.259919406846166 27.443054029718041 37.536855944897979 69.781598053872585 33.57727038860321 55.396606974303722 25.34866776317358 14.579649095423518 3.7032083794474593 9.3050125017762166
leaf_count=11046 982 1408 256 2026 423 177 1083 168 145 136 112 299 11 50
internal_value=-1.92383e-05 -0.0231737 0.0325611 -0.0400139 0.0125436 0.0152284 -0.0468904 0.0442456 0.0382476 0.0452993 0.0319932 -0.027242 0.0232706 0.0190864
internal_weight=841.683 492.014 349.669 334.365 157.649 140.804 249.505 208.866 139.084 88.9739 65.7999 52.1165 40.4513 36.7481
internal_count=18322 16285 2037 14454 1831 1332 12428 705 537 281 350 1382 238 227
is_linear=0
shrinkage=0.04


Tree=8
num_leaves=15
num_cat=0
split_feature=3 8 3 6 8 8 1 4 8 5 3 5 8 1
split_gain=359.314 149.955 46.9223 28.1788 23.8523 20.3505 11.3499 9.76696 9.55134 6.65688 5.64729 5.45601 4.93991 6.1819
threshold=0.01550481002777815 0.65338471531867992 0.030600344762206081 1.0000000180025095e-35 0.72414132952690136 1.3731684088706972 0.04446640424430371 1.0000000180025095e-35 0.68586039543151867 1.0000000180025095e-35 0.032010246068239219 1.0000000180025095e-35 1.7452975511550906 0.069047622382640853
decision_type=2 2 2 2 2 2 2 2 2 2 2 2 2 2
left_child=1 3 4 6 -2 9 -1 8 -4 -3 -9 -5 -7 -14
right_child=2 5 7 11 -6 12 -8 10 -10 -11 -12 -13 13 -15
leaf_value=-0.051587580851222122 0.00017221946363503633 -0.008027585690899966 0.013665225571730775 -0.028156533209909403 0.031202164862063644 0.020025515344925554 -0.032266038796370203 0.041597042610451399 0.046125801042795726 0.017698031732351873 0.057783051140008736 -0.0077021014598906111 0.053857432894991224 -0.0082264692931810855
leaf_weight=164.31803271407261 88.852592245675623 67.981321607716382 29.998156983405352 45.966754358261824 71.555740658193827 38.33833128400147 69.099493880290538 76.604912348091602 28.079136945307255 21.085618361830711 62.732188493013382 38.208704048767686 17.056700311601166 3.0206076465547076
leaf_count=9937 1211 1120 206 1330 386 302 2302 238 106 235 141 701 80 23
internal_value=-5.0333e-05 -0.0232347 0.0300833 -0.0387127 0.0140142 0.0100959 -0.0458677 0.0431402 0.0293592 -0.00193733 0.0488843 -0.0188719 0.0284432 0.044517
internal_weight=822.898 465.076 357.823 317.593 160.408 147.483 233.418 197.414 58.0773 89.0669 139.337 84.1755 58.4156 20.0773
internal_count=18318 16030 2288 14270 1597 1760 12239 691 312 1355 379 2031 405 103
is_linear=0
shrinkage=0.04


Tree=9
num_leaves=15
num_cat=0
split_feature=3 7 3 6 8 1 8 4 8 3 5 6 8 7
split_gain=333.445 145.222 42.7184 25.8371 21.2884 18.2768 15.9067 9.74173 8.24122 5.16619 4.5757 4.50571 4.24426 3.56483
threshold=0.016001025214791301 0.65691772103309642 0.030320434831082824 1.0000000180025095e-35 0.88369229435920726 0.069047622382640853 0.72261759638786327 1.0000000180025095e-35 0.68586039543151867 0.032010246068239219 1.0000000180025095e-35 1.0000000180025095e-35 1.5265618562698366 0.70777574181556713
decision_type=2 2 2 2 2 2 2 2 2 2 2 2 2 2
left_child=1 3 6 5 11 -1 -2 8 -4 12 -6 13 -9 -3
right_child=2 4 7 -5 10 -7 -8 9 -10 -11 -12 -13 -14 -15
leaf_value=-0.049436711387570463 -0.00049038704210247494 0.003656481202396492 0.015680423078681071 -0.017775704802372998 0.017532431190823934 -0.022314539832032021 0.028131134199790058 0.033796430580549243 0.043271105259982151 0.056546261683263453 0.037325769289346278 0.0079051000941806789 0.05202088631519141 -0.019957327360348786
leaf_weight=182.74834050331265 69.903489273972809 15.140166748315094 35.146537519991398 84.949646980501711 49.068290431983769 50.804446693975478 55.922392407432199 50.46214921027422 34.153877928853035 59.60868102684617 30.181061366572976 28.418854321353137 34.373761862516403 31.532676664181054
leaf_count=10969 941 209 260 2068 465 1377 322 195 135 141 190 390 87 585
internal_value=0.000481823 -0.0212347 0.0307215 -0.036666 0.0106098 -0.0435369 0.0122302 0.0416067 0.0292782 0.0475216 0.0250705 -0.00465157 0.0411806 -0.0122973
internal_weight=812.414 472.843 339.571 318.502 154.341 233.553 125.826 213.745 69.3004 144.445 79.2494 75.0917 84.8359 46.6728
internal_count=18334 16253 2081 14414 1839 12346 1263 818 395 423 655 1184 282 794
is_linear=0
shrinkage=0.04


Tree=10
num_leaves=15
num_cat=0
split_feature=3 8 3 6 8 7 1 8 8 7 8 3 1 1
split_gain=309.165 115.442 45.2799 27.2231 26.5959 13.4345 10.7809 10.1558 5.84182 5.7235 5.48723 5.39742 4.68001 4.8784
threshold=0.01550481002777815 0.80723297595977794 0.031076864339411262 1.0000000180025095e-35 0.68356719613075267 0.65268862247467052 0.074175827205181136 1.6901376843452456 1.3964423537254336 0.73620402812957775 1.5606634616851809 0.029254760593175892 0.0093898782506585139 0.010256679728627207
decision_type=2 2 2 2 2 2 2 2 2 2 2 2 2 2
left_child=1 3 4 5 11 6 -1 -3 -4 -7 -6 -2 -5 -14
right_child=2 7 8 12 10 9 -8 -9 -10 -11 -12 -13 13 -15
leaf_value=-0.047161914346415201 -0.007570314337324198 0.01011142287026052 0.037955296724873848 0.057239048190769026 0.02265057108231255 -0.004425842732266704 -0.023515176415273092 0.040772974057068298 0.053767327396879054 -0.044119342240446023 0.043065353924257643 0.012408809536980914 -0.068020672991706485 -0.014780962936088772
leaf_weight=182.43816742952913 59.307476812042296 67.979138690046966 102.10294469632208 1.4050058722496022 57.543734008446336 22.395292576402429 37.125983859878033 23.177064025774598 58.979917492717505 7.8493656273931256 33.231886498630047 34.059333248063922 2.8329201554879537 98.545207079965621
leaf_count=11149 925 766 391 13 369 366 1056 126 143 198 167 334 136 2180
internal_value=-0.000132259 -0.0222178 0.0282562 -0.0325914 0.0147071 -0.0397207 -0.0431635 0.0179073 0.0437448 -0.0147275 0.0301242 -0.000282118 -0.0152639 -0.0162687
internal_weight=788.973 443.748 345.225 352.592 184.142 249.809 219.564 91.1562 161.083 30.2447 90.7756 93.3668 102.783 101.378
internal_count=18319 15990 2329 15098 1795 12769 12205 892 534 564 536 1259 2329 2316
is_linear=0
shrinkage=0.04


Tree=11
num_leaves=15
num_cat=0
split_feature=0 7 1 0 6 8 8 4 8 1 1 1 8 8
split_gain=248.82 137.924 28.4197 21.1542 19.7077 17.634 14.3488 13.6166 8.40133 7.94547 6.67158 4.40787 4.15 3.94267
threshold=0.080128207802772536 0.65268862247467052 0.064583335071802153 0.18333333730697635 1.0000000180025095e-35 0.88369229435920726 0.74682956933975231 1.0000000180025095e-35 0.68500924110412609 0.75000000000000011 0.41666667163372045 0.41666667163372045 2.1174428462982182 1.5265618562698366
decision_type=2 2 2 2 2 2 2 2 2 2 2 2 2 2
left_child=1 2 4 6 -1 -3 10 8 -5 -4 -2 13 -7 -9
right_child=3 5 9 7 -6 12 -8 11 -10 -11 -12 -13 -14 -15
leaf_value=-0.04626509574933025 -0.013656789368333238 -0.0014323761659484884 -0.016091209698871661 0.014581435866542343 -0.020284894632092078 0.019924163860601297 0.030667075474804215 0.028222495111603345 0.039146627183597286 0.031690001842444221 0.02245942701414599 0.053722058160535026 0.040618386276912749 0.051577883484172034
leaf_weight=173.08671720512211 29.499861486256123 78.61395282112062 85.128867198247463 49.091718536801636 63.986873327288777 71.390404414385557 37.362229067832232 28.789460191503167 40.779189128428698 5.9580568671226493 11.325381005182861 62.294719900935888 19.80664998292923 19.329408638179302
leaf_count=10956 409 1209 2066 452 1644 617 192 139 189 43 58 165 100 55
internal_value=0.00011978 -0.0168133 -0.0319565 0.0304 -0.039253 0.0124509 0.012755 0.0372883 0.025728 -0.0129658 -0.00363775 0.0466979 0.0244186 0.0376044
internal_weight=776.443 497.972 328.161 278.472 237.074 169.811 78.1875 200.284 89.8709 91.0869 40.8252 110.414 91.1971 48.1189
internal_count=18294 16635 14709 1659 12600 1926 659 1000 641 2109 467 359 717 194
is_linear=0
shrinkage=0.04


Tree=12
num_leaves=15
num_cat=0
split_feature=3 7 3 6 7 8 8 3 1 1 5 5 5 0
split_gain=239.502 112.612 41.5263 23.4969 17.1881 15.2857 8.90767 9.344 6.91976 5.23272 5.11362 4.88798 4.75154 4.3022
threshold=0.015268070157617332 0.65691772103309642 0.030091284774243835 1.0000000180025095e-35 0.67754980921745311 1.5523229837417605 1.5477371811866762 0.031529305502772338 0.04446640424430371 0.040833333507180221 1.0000000180025095e-35 1.0000000180025095e-35 1.0000000180025095e-35 0.41666667163372045
decision_type=2 2 2 2 2 2 2 2 2 2 2 2 2 2
left_child=1 3 4 8 13 10 7 -4 -1 -7 -3 -9 -5 -2
right_child=2 5 6 12 -6 9 -8 11 -10 -11 -12 -13 -14 -15
leaf_value=-0.045977291951005389 -0.0082114311936745139 -0.0046500305862622535 0.020524606545947486 -0.02463909136940055 0.024400998018341617 0.038432796236750305 0.050395399860865241 0.043244908446953521 -0.029812197092866151 0.0080584352766179569 0.015741532082907871 -0.0060346765513433131 -0.0052091527268714067 0.02264419750163487
leaf_weight=143.98078704858199 64.235838656313717 72.286367830820382 64.077222028747201 44.147606851998717 58.616210293024778 30.412030510604382 58.463906180113554 74.878153650090098 60.036793895065784 12.934164794161914 27.035643389448524 3.3651766777038565 37.027945529203862 8.1470490181818587
leaf_count=9875 1095 1163 413 1310 406 174 180 262 2191 106 290 18 691 85
internal_value=0.000314295 -0.0194638 0.0258198 -0.0339781 0.00830013 0.00955011 0.0372502 0.0318503 -0.0412203 0.0293693 0.000900592 0.0411254 -0.0157762 -0.00473848
internal_weight=759.645 427.861 331.784 285.193 130.999 142.668 200.784 142.321 204.018 43.3462 99.322 78.2433 81.1756 72.3829
internal_count=18259 15800 2459 14067 1586 1733 873 693 12066 280 1453 280 2001 1180
is_linear=0
shrinkage=0.04


Tree=13
num_leaves=15
num_cat=0
split_feature=3 7 3 6 8 8 3 5 3 4 8 8 8 8
split_gain=225.251 109.924 36.5419 22.3806 21.4949 16.4028 7.59399 7.24972 7.06663 5.62678 5.45122 5.06842 3.53806 3.95658
threshold=0.01550481002777815 0.65736749768257152 0.031076864339411262 1.0000000180025095e-35 0.68356719613075267 1.6499184370040896 0.014185109641402962 1.0000000180025095e-35 0.013793759979307653 1.0000000180025095e-35 0.70705461502075206 1.5606634616851809 0.80723297595977794 1.6417425870895388
decision_type=2 2 2 2 2 2 2 2 2 2 2 2 2 2
left_child=1 3 4 6 -2 7 -1 12 -7 10 -4 -6 -3 -14
right_child=2 5 9 -5 11 8 -8 -9 -10 -11 -12 -13 13 -15
leaf_value=-0.043345677942908736 -0.0011609278764906326 -0.012402555945990015 0.017108301739307198 -0.015806449077707296 0.019750957536863133 0.041601334200741372 -0.019364704073367343 0.019151242748977004 -0.027075920971303288 0.045465333748135113 0.045226346587215159 0.039922932922635351 0.005938161120106351 -0.077623812087248834
leaf_weight=178.53853225009516 86.144923513755202 38.815478994511068 27.144857307896018 82.637484748847783 54.658117069862783 27.729184882715348 23.96373568335548 30.719135059975088 2.6240665819495907 100.31518259644508 18.58450236171484 31.36623222194612 42.96606929320842 0.92615621536970039
leaf_count=11506 1244 719 168 2059 368 147 700 315 23 299 71 161 558 11
internal_value=-5.20823e-05 -0.0189697 0.0254469 -0.033349 0.0129627 0.009547 -0.0405078 0.002558 0.0356641 0.0401643 0.0285355 0.0271061 -0.00360503 0.00417495
internal_weight=747.134 428.92 318.214 285.14 172.169 143.78 202.502 113.427 30.3533 146.045 45.7294 86.0243 82.7077 43.8922
internal_count=18349 16038 2311 14265 1773 1773 12206 1603 170 538 239 529 1288 569
is_linear=0
shrinkage=0.04


Tree=14
num_leaves=15
num_cat=0
split_feature=3 8 3 8 6 8 1 1 4 8 5 5 1 0
split_gain=213.489 100.69 38.0601 22.7161 17.8151 14.7585 6.24562 5.11231 4.81929 3.92739 3.75848 3.47589 3.45049 4.74079
threshold=0.01550481002777815 0.65338471531867992 0.031299686059355743 0.68356719613075267 1.0000000180025095e-35 1.3731684088706972 0.04446640424430371 0.75000000000000011 1.0000000180025095e-35 1.5606634616851809 1.0000000180025095e-35 1.0000000180025095e-35 0.75000000000000011 0.18333333730697635
decision_type=2 2 2 2 2 2 2 2 2 2 2 2 2 2
left_child=1 4 3 7 6 -3 -1 -2 -4 12 -7 -6 13 -5
right_child=2 5 8 9 11 10 -8 -9 -10 -11 -12 -13 -14 -15
leaf_value=-0.044267407404193798 -0.0036642407400151156 -0.0017750615512535648 0.030465262950774327 0.0074389705289658013 -0.02464481448976066 0.015303920921530434 -0.028718608325711738 0.027891556822661499 0.047510147568590559 0.037933743096819746 0.036431337560477235 -0.0078591853519616971 0.048335308348562894 0.03162934535716206
leaf_weight=136.7476521153003 83.927540868520737 85.475102558732033 38.840473083779216 30.706841903738678 44.242848504334688 29.714519886299968 59.239205268677324 9.1056815125048143 83.812223341315985 34.849253594875336 24.646831652149558 35.637528803665191 6.5907201990485182 22.43147592432797
leaf_count=9944 1229 1362 195 236 1348 257 2292 57 249 175 151 691 22 133
internal_value=-0.000322499 -0.0190622 0.0247857 0.0134581 -0.0330781 0.00858819 -0.0395676 -0.000575698 0.0421125 0.0272626 0.0248829 -0.0171561 0.0210364 0.0176505
internal_weight=725.968 415.704 310.264 187.612 275.867 139.836 195.987 93.0332 122.653 94.5783 54.3614 79.8804 59.729 53.1383
internal_count=18341 16045 2296 1852 14275 1770 12236 1286 444 566 408 2039 391 369
is_linear=0
shrinkage=0.04


Tree=15
num_leaves=15
num_cat=0
split_feature=3 7 3 5 8 1 8 4 7 3 0 1 8 1
split_gain=186.905 99.5766 27.4763 15.0167 14.9439 13.2163 11.5368 11.5307 7.90569 5.83703 4.71694 6.102 3.82511 4.83621
threshold=0.016001025214791301 0.65691772103309642 0.030091284774243835 1.0000000180025095e-35 0.8892553746700288 0.040833333507180221 0.72414132952690136 1.0000000180025095e-35 0.68752107024192821 0.031766045838594444 0.75000000000000011 0.41666667163372045 1.6901376843452456 0.051315790042281158
decision_type=2 2 2 2 2 2 2 2 2 2 2 2 2 2
left_child=1 3 6 5 -3 -1 -2 8 10 -9 11 -4 -6 -14
right_child=2 4 7 -5 12 -7 -8 9 -10 -11 -12 -13 13 -15
leaf_value=-0.04280679634149813 -0.0034713271960661687 -0.0036138371523399045 0.0093934865483484651 -0.011049469044135533 0.016131642371805865 -0.023261584787669865 0.023486169224311744 0.032283603379213849 0.035770698697476115 0.049725901957197338 0.025592786785889145 -0.037128252303556881 0.044138153301216003 -0.0046340482153405336
leaf_weight=140.91260848916136 59.520261567085981 70.304909172467887 15.852866768836977 50.445244089933112 54.42781563103199 91.166285613551736 44.310803136788309 62.230076255276799 28.745060980319977 60.582350935786963 14.349095217883585 6.3053149655461302 18.75762436166406 3.9354634471237651
leaf_count=9831 886 1148 160 1460 524 3227 292 267 140 181 91 43 93 37
internal_value=-0.000153192 -0.016924 0.0245494 -0.0308295 0.00972441 -0.035129 0.00803302 0.0336682 0.0200801 0.0408877 0.00772563 -0.0038447 0.0218838 0.03568
internal_weight=721.846 429.95 291.896 282.524 147.426 232.079 103.831 188.065 65.2523 122.812 36.5073 22.1582 77.1209 22.6931
internal_count=18380 16320 2060 14518 1802 13058 1178 882 434 448 294 203 654 130
is_linear=0
shrinkage=0.04


Tree=16
num_leaves=15
num_cat=0
split_feature=3 7 3 8 6 3 8 4 7 3 3 0 0 5
split_gain=179.552 103.88 23.7687 16.5883 15.0355 13.5261 6.79964 5.54155 4.22526 4.02893 6.11433 3.60928 3.24802 2.68431
threshold=0.029202494770288471 0.65196481347084057 0.013245610054582359 1.5523229837417605 1.0000000180025095e-35 0.031529305502772338 1.5477371811866762 1.0000000180025095e-35 0.68752107024192821 0.015268070157617332 0.028728535398840908 0.75000000000000011 0.41666667163372045 1.0000000180025095e-35
decision_type=2 2 2 2 2 2 2 2 2 2 2 2 2 2
left_child=1 2 4 9 -1 6 11 8 -7 -3 -11 -2 13 -4
right_child=5 3 12 -5 -6 7 -8 -9 -10 10 -12 -13 -14 -15
leaf_value=-0.041281010373438544 0.012271534306502111 -0.00031363244627106984 -0.015744213268516105 0.03070621718329878 -0.017472405698088774 0.015295238276149115 0.038105880415620193 0.048141194717811975 0.044360548889128444 0.020992320099908281 -0.035279551378076562 0.037723199522835732 0.017796042698305641 0.0025809581174646786
leaf_weight=148.50307217752561 70.173790823668242 98.40195173677057 90.543311711866409 50.723595548421144 59.420830020215362 18.143369806930423 28.975759889930487 69.321592919528484 14.317384671419857 31.579861115664244 3.4245057981461278 10.212044462561606 5.718832383863627 14.893341089598833
leaf_count=10968 580 1475 2308 331 1620 108 133 218 52 245 34 61 69 237
internal_value=0.000301336 -0.0126888 -0.0264947 0.0112355 -0.0344769 0.0312601 0.0214931 0.0417544 0.028115 0.00383233 0.0154872 0.0155049 -0.0115633 -0.0131557
internal_weight=714.353 503.209 319.079 184.13 207.924 211.144 109.362 101.782 32.4608 133.406 35.0044 80.3858 111.155 105.437
internal_count=18439 17287 15202 2085 12588 1152 774 378 160 1754 279 641 2614 2545
is_linear=0
shrinkage=0.04


Tree=17
num_leaves=15
num_cat=0
split_feature=3 7 3 3 8 5 8 8 8 1 5 3 3 1
split_gain=170.012 95.8756 16.5201 15.3007 13.7351 11.9417 9.74737 5.06847 4.47806 4.40705 3.97405 3.53139 3.37364 2.96177
threshold=0.027528079226613048 0.65268862247467052 0.031299686059355743 0.011428945232182743 0.88369229435920726 1.0000000180025095e-35 0.71485984325408947 2.0539617538452153 1.5265618562698366 0.11805555596947671 1.0000000180025095e-35 0.031269090250134475 0.016261234879493717 0.18333333730697635
decision_type=2 2 2 2 2 2 2 2 2 2 2 2 2 2
left_child=1 3 6 5 -3 -1 11 13 -4 -5 12 -2 -11 -6
right_child=2 4 8 9 7 -7 -8 -9 -10 10 -12 -13 -14 -15
leaf_value=-0.0419123906790057 0.0072711002379906306 -0.0018276750618018561 0.033587493544162753 -0.022625095925291355 0.012588711716249021 -0.012500845875206197 0.028861933361886867 0.038769451291216776 0.050811240272229878 -0.015359821915622461 0.035646725144060878 -0.052901717217851092 0.022803639805721355 0.037518459094325711
leaf_weight=123.97467206208967 55.275529482401907 80.271924320608377 79.426193339750171 107.46429493930191 58.476063804700971 26.875904738670215 58.144575456157327 20.014243228361011 34.705386899411678 30.471548223868012 3.233546733390539 1.6058381125330914 4.21932872198522 8.7682424522936326
leaf_count=9332 646 1237 341 3746 571 994 345 110 101 791 34 16 38 50
internal_value=-0.000143414 -0.0140709 0.0280431 -0.0277478 0.0101136 -0.0366724 0.017345 0.0210988 0.0388249 -0.018488 -0.00676493 0.00557234 -0.0107181 0.0158394
internal_weight=692.927 463.77 229.158 296.239 167.53 150.851 115.026 87.2585 114.132 145.389 37.9244 56.8814 34.6909 67.2443
internal_count=18352 16903 1449 14935 1968 10326 1007 731 442 4609 863 662 829 621
is_linear=0
shrinkage=0.04


Tree=18
num_leaves=15
num_cat=0
split_feature=7 3 0 6 3 9 1 4 1 9 7 7 3 7
split_gain=150.36 75.8636 30.0048 16.7209 15.4562 13.9704 5.67676 5.35433 3.89526 3.26848 2.59532 3.85199 2.59064 2.5055
threshold=0.68356719613075267 0.015268070157617332 0.18333333730697635 1.0000000180025095e-35 0.031076864339411262 0.5000000149011613 0.032795699313282974 1.0000000180025095e-35 0.41666667163372045 0.83333334326744091 0.80723297595977794 0.7945058047771455 0.032010246068239219 0.72326120734214794
decision_type=2 2 2 2 2 2 2 2 2 2 2 2 2 2
left_child=1 3 5 6 -3 8 -1 -6 10 13 11 -2 -4 -7
right_child=2 4 12 -5 7 9 -8 -9 -10 -11 -12 -13 -14 -15
leaf_value=-0.041933158575903476 -0.0038994444395567523 -0.0019787634838173279 0.034300351840667855 -0.013589379821816639 0.012835625980460197 -0.027734080972554 -0.027442250905139267 0.039873183487237521 0.029162992947182859 0.034890671819352841 0.0072218396226082348 -0.073603866483333308 0.047537814648023355 0.020168515424745181
leaf_weight=104.15431854408234 49.532557637430727 87.261858901940286 62.7735481467098 76.822207099758089 23.1924396622926 1.8113780394196499 73.975781741086394 23.688784228637815 8.3008791403844935 31.282487511634827 48.9183977721259 1.3018194586038578 37.958520542830229 49.167589794844389
leaf_count=8710 793 1378 300 2075 151 23 3439 98 48 165 596 30 121 378
internal_value=-0.000110423 -0.0163764 0.0216352 -0.029188 0.00797332 0.0122915 -0.0359152 0.0264975 0.00283554 0.0247123 0.000644718 -0.00568451 0.0392886 0.0184664
internal_weight=680.143 389.095 291.047 254.952 134.143 190.315 178.13 46.8812 108.054 82.2615 99.7528 50.8344 100.732 50.979
internal_count=18305 15851 2454 14224 1627 2033 12149 249 1467 566 1419 823 421 401
is_linear=0
shrinkage=0.04


Tree=19
num_leaves=15
num_cat=0
split_feature=3 7 3 6 7 1 9 7 3 7 1 5 1 7
split_gain=151.852 76.6125 24.237 14.4053 11.9889 11.3049 9.95486 3.86251 3.4478 2.96978 2.63259 2.94239 3.13939 2.4916
threshold=0.016001025214791301 0.65691772103309642 0.031076864339411262 1.0000000180025095e-35 0.68356719613075267 0.074175827205181136 0.5000000149011613 0.7856014370918275 0.031505834311246879 0.88785845041275036 0.0091326101683080214 1.0000000180025095e-35 0.040833333507180221 0.80723297595977794
decision_type=2 2 2 2 2 2 2 2 2 2 2 2 2 2
left_child=1 3 4 5 -2 -1 13 8 -4 -8 -5 12 -12 -3
right_child=2 6 7 10 -6 -7 9 -9 -10 -11 11 -13 -14 -15
leaf_value=-0.039713289211656622 0.0012399712854282842 -0.0055291858960755036 0.015722737685650124 0.059586128699614993 0.024277406548578268 -0.015837984368780551 0.013188760716328976 0.044604057455057737 0.035809698312228827 0.032149467275789649 -0.033450200073735642 -0.0056768237590047142 -0.010875736730483221 0.0077724788628600432
leaf_weight=140.12369620497338 73.092251041904092 52.248488047160208 18.664444195106626 0.78160236962139507 71.499078588560224 41.020614740904421 28.589897426776588 55.107474714517593 51.113886868581176 24.580713431350887 18.880406305193901 34.502771344967186 20.623119462281466 39.61438640858978
leaf_count=11150 1034 878 105 5 484 1249 253 182 245 155 807 691 534 519
internal_value=0.000559373 -0.0150468 0.0237805 -0.028209 0.0126318 -0.0343067 0.00817971 0.0366883 0.0304368 0.0219543 -0.0134399 -0.0142111 -0.021665 0.000206943
internal_weight=670.443 400.966 269.477 255.932 144.591 181.144 145.033 124.886 69.7783 53.1706 74.7879 74.0063 39.5035 91.8629
internal_count=18291 16241 2050 14436 1518 12399 1805 532 350 408 2037 2032 1341 1397
is_linear=0
shrinkage=0.04


Tree=20
num_leaves=15
num_cat=0
split_feature=3 7 3 3 8 7 5 8 3 6 5 3 5 3
split_gain=135.711 76.1845 17.4637 14.2323 10.2695 7.99809 6.71767 6.15595 3.81133 5.82766 3.47242 4.08728 3.21687 3.23821
threshold=0.027009889483451847 0.65268862247467052 0.031076864339411262 0.010695495177060367 1.5523229837417605 0.7151319980621339 1.0000000180025095e-35 1.3964423537254336 0.013423420023173096 1.0000000180025095e-35 1.0000000180025095e-35 0.013606070075184109 1.0000000180025095e-35 0.031766045838594444
decision_type=2 2 2 2 2 2 2 2 2 2 2 2 2 2
left_child=1 3 5 6 10 -2 -1 12 9 -5 11 -3 13 -4
right_child=2 4 7 8 -6 -7 -8 -9 -10 -11 -12 -13 -14 -15
leaf_value=-0.040545207667494837 0.0022474559034348532 -0.0074365174045324389 0.019656078067010464 -0.034665719847505369 0.02515919431529148 0.024459970917277377 -0.01381844392711251 0.047703951330569865 -0.012104461003120435 -0.01198014844966473 0.015389441285558188 0.010491193562905602 -0.012697178482671002 0.03682829292567192
leaf_weight=99.404641156084836 52.744898511096835 58.560853101313114 27.99905594997108 41.040022718720138 44.352790792472661 51.02928340062499 17.73074979451485 42.922021279111505 81.948392740916461 32.439438376110047 26.016981003805995 31.181217939592898 2.8727602697908869 47.170542797073722
leaf_count=8423 683 991 154 2759 313 340 788 142 2142 765 288 343 26 206
internal_value=-8.19267e-06 -0.0131062 0.0252086 -0.0259707 0.00879327 0.0131701 -0.0364996 0.0355364 -0.0180357 -0.0246506 0.00252271 -0.00120747 0.0288444 0.030432
internal_weight=657.414 432.675 224.739 272.563 160.112 103.774 117.135 120.964 155.428 73.4795 115.759 89.7421 78.0424 75.1696
internal_count=18363 16812 1551 14877 1935 1023 9211 528 5666 3524 1622 1334 386 360
is_linear=0
shrinkage=0.04


Tree=21
num_leaves=15
num_cat=0
split_feature=3 7 3 6 8 5 1 8 8 4 3 7 7 0
split_gain=120.406 59.9878 22.8742 14.3858 13.0884 8.89156 8.59039 6.05446 4.1067 3.23779 4.51067 3.22736 3.13912 2.87584
threshold=0.01550481002777815 0.6899811625480653 0.031076864339411262 1.0000000180025095e-35 0.68356719613075267 1.0000000180025095e-35 0.037749288603663451 1.4770575761795046 1.5523229837417605 1.0000000180025095e-35 0.032010246068239219 0.88476338982582103 0.70010116696357738 0.75000000000000011
decision_type=2 2 2 2 2 2 2 2 2 2 2 2 2 2
left_child=1 3 4 6 -2 11 -1 9 -7 13 -11 12 -3 -4
right_child=2 5 7 -5 -6 8 -8 -9 -10 10 -12 -13 -14 -15
leaf_value=-0.039578729947246469 -0.00087916200426457769 0.027800201787667782 0.0064465113111020532 -0.011582969634343543 0.022436110228829666 0.012107753471309036 -0.021432139347030973 0.046479375427948992 0.037700236752441663 0.02163215622145033 0.046522694047822125 0.011999764983221917 -0.0074366113482108318 0.030078752082232159
leaf_weight=103.82454168889672 81.485460268333554 4.3785340692847958 17.418491473421454 77.775952021591365 73.06713923253119 22.823772625997663 69.799526907969266 38.739505684003234 17.899669274687767 23.458238266408443 23.140317441895604 27.052141277119517 53.127538818866014 15.633888969197868
leaf_count=9394 1259 51 126 2118 522 256 2996 131 108 109 91 283 900 87
internal_value=4.79937e-05 -0.0146109 0.0202783 -0.0258794 0.0101435 0.00800134 -0.0322835 0.0335088 0.0233567 0.0272004 0.0339925 0.000606146 -0.00475367 0.0176246
internal_weight=649.625 376.682 272.943 251.4 154.553 125.282 173.624 118.39 40.7234 79.6509 46.5986 84.5582 57.5061 33.0524
internal_count=18431 16106 2325 14508 1781 1598 12390 544 364 413 200 1234 951 213
is_linear=0
shrinkage=0.04


Tree=22
num_leaves=15
num_cat=0
split_feature=3 7 8 6 3 8 1 7 6 1 1 1 1 4
split_gain=114.726 63.7046 16.5968 12.4613 11.8453 11.0089 8.95611 4.17575 4.0945 4.56458 3.58929 3.44073 3.09945 2.3227
threshold=0.016001025214791301 0.65691772103309642 1.4770575761795046 1.0000000180025095e-35 0.031039469875395301 1.665262043476105 0.074175827205181136 0.67754980921745311 1.0000000180025095e-35 0.029857398010790352 0.75000000000000011 0.042572464793920524 0.054093567654490478 1.0000000180025095e-35
decision_type=2 2 2 2 2 2 2 2 2 2 2 2 2 2
left_child=1 3 4 6 7 8 -1 10 -3 -10 -2 -11 -7 -6
right_child=2 5 -4 -5 13 12 -8 -9 9 11 -12 -13 -14 -15
leaf_value=-0.037350618584519643 -0.002021050744184843 -0.0038065256239044262 0.038535741079340241 -0.012485278586995257 0.01912371418018385 0.038333200861896323 -0.015723673530591706 0.017151228735090403 0.024465897723191091 -0.022473705569670287 0.029395471473384952 0.0093448220821870497 -0.00082788952033434685 0.033244959883675068
leaf_weight=127.41215869178995 64.18764441087842 67.09352298732847 65.011943500488997 74.436391115188599 32.681741468608379 20.55866247415543 40.336380380671471 38.881795877590775 22.849984866566956 7.6948654735460904 6.3985391911119214 18.536914294585586 3.8372267205268136 43.365738855674863
leaf_count=11158 976 1067 306 2067 207 117 1251 307 243 117 47 236 37 193
internal_value=0.000100323 -0.0136736 0.0211442 -0.0261062 0.0150495 0.00774587 -0.0321503 0.00662506 0.00261626 0.011396 0.000826813 1.11325e-05 0.0321736 0.0271763
internal_weight=633.284 382.756 250.527 242.185 185.515 140.571 167.749 109.468 116.175 49.0818 70.5862 26.2318 24.3959 76.0475
internal_count=18329 16293 2036 14476 1730 1817 12409 1330 1663 596 1023 353 154 400
is_linear=0
shrinkage=0.04


Tree=23
num_leaves=15
num_cat=0
split_feature=3 7 3 3 8 8 7 6 6 3 4 3 7 8
split_gain=109.914 62.4759 13.7335 12.3075 10.6093 7.54036 5.17342 4.55801 4.04291 5.44878 3.70454 4.51606 3.79517 3.57862
threshold=0.026694180443882946 0.65268862247467052 0.031076864339411262 0.010582310147583486 0.88369229435920726 1.6534048318862917 0.77961143851280224 1.0000000180025095e-35 1.0000000180025095e-35 0.014389229938387873 1.0000000180025095e-35 0.031750030815601356 0.70010116696357738 2.0539617538452153
decision_type=2 2 2 2 2 2 2 2 2 2 2 2 2 2
left_child=1 3 5 7 -3 -2 10 -1 9 -5 -4 12 -12 -6
right_child=2 4 6 8 13 -7 -8 -9 -10 -11 11 -13 -14 -15
leaf_value=-0.039728080267994841 0.0071096158053222305 -0.0032131677347860934 0.013549882001341836 -0.030352498770263168 0.013648284655061536 0.037072478617344612 0.042213899236296475 -0.020143359523089936 -0.0081567918359501841 -0.011484842708805783 0.032173274737782399 0.043337742346255301 -0.0086152317229133916 0.034597203173748599
leaf_weight=81.005503579974174 84.236778414808214 71.691976731643081 27.029265565797687 55.459986508125439 60.916277562268078 15.989068230614064 47.780215924605727 24.844997516367584 50.900551143568009 43.854870526120067 8.9551237393170577 24.560913126915693 6.1608393713831893 16.603124829009175
leaf_count=8093 936 1224 182 3524 592 93 182 901 1195 1095 42 108 21 105
internal_value=-0.000437198 -0.012696 0.0227017 -0.0246845 0.00787786 0.0118896 0.032167 -0.0351312 -0.0173231 -0.022021 0.0249707 0.0327509 0.015549 0.0181351
internal_weight=619.989 405.277 214.712 256.066 149.211 100.226 114.486 105.851 150.215 99.3149 66.7061 39.6769 15.116 77.5194
internal_count=18293 16729 1564 14808 1921 1029 535 8994 5814 4619 353 171 63 697
is_linear=0
shrinkage=0.04


Tree=24
num_leaves=15
num_cat=0
split_feature=8 1 0 8 0 6 0 4 7 1 5 1 8 1
split_gain=106.507 43.8512 21.3337 10.8634 9.6848 13.513 8.41272 8.0351 4.9975 4.89743 4.28332 3.70289 3.47971 3.02177
threshold=0.68356719613075267 0.10555555671453477 0.18333333730697635 1.6579574346542361 0.15476191043853763 1.0000000180025095e-35 0.18333333730697635 1.0000000180025095e-35 0.65736749768257152 0.75000000000000011 1.0000000180025095e-35 0.18333333730697635 1.5606634616851809 0.75000000000000011
decision_type=2 2 2 2 2 2 2 2 2 2 2 2 2 2
left_child=1 4 3 11 5 8 9 -8 -1 10 -3 -2 13 -4
right_child=2 6 12 -5 -6 -7 7 -9 -10 -11 -12 -13 -14 -15
leaf_value=-0.034898563918306091 0.0027532147550722841 -0.010801109579660786 0.022435078270920793 0.029899845081235096 0.0033401581459859553 -0.012502742239303642 0.0047374620936527275 0.038887783705080954 0.0075346853124193302 0.023749239372046996 0.025535769070375119 0.020177712467920026 0.044379049782714668 0.044290684637584732
leaf_weight=142.57037848862819 113.5565845714882 52.610918334685266 37.547111051157117 38.069269180297852 18.754343029111624 72.750259705353528 25.628339409828186 19.344050278887153 4.5835566762834778 9.5025052297860366 5.7585726152174166 23.56278910394758 37.274382082745433 13.857352603226898
leaf_count=11898 1593 1186 215 236 288 2020 222 110 78 66 70 165 164 51
internal_value=-0.000118774 -0.0145369 0.0190879 0.0109959 -0.0242518 -0.026605 0.00600944 0.0194266 -0.0335769 -0.00288086 -0.00721621 0.00574747 0.035074 0.0283268
internal_weight=615.37 351.503 263.867 175.189 238.659 219.904 112.844 44.9724 147.154 67.872 58.3695 137.119 88.6788 51.4045
internal_count=18362 15938 2424 1994 14284 13996 1654 332 11976 1322 1256 1758 430 266
is_linear=0
shrinkage=0.04


Tree=25
num_leaves=15
num_cat=0
split_feature=3 7 3 8 6 8 0 0 6 1 1 1 3 3
split_gain=92.7336 59.9787 16.8752 8.6844 6.08362 6.02492 4.19972 3.72401 4.5507 4.84349 2.84875 2.76172 2.56412 2.98699
threshold=0.030091284774243835 0.65196481347084057 0.011428945232182743 1.5523229837417605 1.0000000180025095e-35 1.4770575761795046 0.75000000000000011 0.18333333730697635 1.0000000180025095e-35 0.10555555671453477 0.0091326101683080214 0.75000000000000011 0.031766045838594444 0.030787454918026928
decision_type=2 2 2 2 2 2 2 2 2 2 2 2 2 2
left_child=1 2 4 11 -1 6 12 8 9 -4 -6 -3 13 -2
right_child=5 3 7 -5 10 -7 -8 -9 -10 -11 -12 -13 -14 -15
leaf_value=-0.037442602259521285 0.023414344568412387 0.0032015223662039401 -0.026722363211489776 0.023972434632346131 0.061153555410231139 0.039519774932182949 0.034402057460901615 0.0070084405563938072 -0.0035288270736896239 -0.0085539066556224626 -0.019192679209185399 0.04979799131624791 0.027477630706744801 0.0032830401540637076
leaf_weight=86.147495208773762 20.017951879650354 126.57021812163293 54.161171162035316 47.447387857362628 0.72128664329647918 45.657645750790834 31.083210688084364 15.12206690572202 45.942405599169433 41.439656228758395 33.4507891475223 2.068397792056202 24.22977320663631 28.699613144621253
leaf_count=9095 180 1775 2791 360 4 202 169 236 1013 987 1131 10 125 215
internal_value=0.000110571 -0.00890758 -0.0205116 0.00934571 -0.0317778 0.0274064 0.02209 -0.0118592 -0.013875 -0.018847 -0.0174968 0.00395075 0.0168437 0.011555
internal_weight=602.759 453.071 276.985 176.086 120.32 149.688 104.031 156.665 141.543 95.6008 34.1721 128.639 72.9473 48.7176
internal_count=18293 17402 15257 2145 10230 891 689 5027 4791 3778 1135 1785 520 395
is_linear=0
shrinkage=0.04


Tree=26
num_leaves=15
num_cat=0
split_feature=8 0 0 1 8 4 1 6 6 1 0 5 1 0
split_gain=91.1579 37.3155 23.0669 11.5231 9.41038 8.37471 5.03718 4.21916 4.21594 4.45715 4.19868 4.20708 3.62326 3.2311
threshold=0.68356719613075267 0.069047622382640853 0.18333333730697635 0.028991596773266796 1.5456029176712038 1.0000000180025095e-35 0.10555555671453477 1.0000000180025095e-35 1.0000000180025095e-35 0.18333333730697635 0.41666667163372045 1.0000000180025095e-35 0.18333333730697635 0.18333333730697635
decision_type=2 2 2 2 2 2 2 2 2 2 2 2 2 2
left_child=1 3 4 7 12 10 -7 -1 9 -5 -3 -12 -2 -8
right_child=2 5 -4 8 -6 6 13 -9 -10 -11 11 -13 -14 -15
leaf_value=-0.037425862859530451 -0.00029312733920127011 -0.012122369495729084 0.034884549969725849 -0.025122414158412758 0.023004542107635202 -0.015081641455486751 0.012691526893161989 -0.018372203419738012 -0.0060389134232287289 -0.0043907742765453795 0.014678015760185254 -0.05590558433790286 0.01864062288414511 0.038720055078983184
leaf_weight=76.054532062495127 98.582526737824082 30.62949307076633 82.375865323469043 70.843361418694258 53.767512044869363 4.9640778535976997 12.76696934644133 24.612194714602083 52.08222367009148 21.667177000083029 22.05876130703837 1.4392754137516011 19.344597459770739 18.968002535402775
leaf_count=8182 1462 516 419 4123 401 99 110 929 1204 420 193 23 154 112
internal_value=-0.000596685 -0.0142653 0.0174843 -0.0223763 0.00913596 0.00763677 0.0223877 -0.0327674 -0.0151419 -0.0202668 -0.00236454 0.0103547 0.00281274 0.0282488
internal_weight=590.157 336.086 254.071 245.259 171.695 90.8266 36.699 100.667 144.593 92.5105 54.1275 23.498 117.927 31.735
internal_count=18347 15911 2436 14858 2017 1053 321 9111 5747 4543 732 216 1616 222
is_linear=0
shrinkage=0.04


Tree=27
num_leaves=15
num_cat=0
split_feature=3 7 3 6 7 1 8 8 5 0 1 3 3 8
split_gain=87.067 45.813 16.5969 11.1147 10.7164 6.75633 6.16492 4.21937 3.09036 2.65625 2.64208 2.22252 2.44941 4.41521
threshold=0.016001025214791301 0.69038766622543346 0.031076864339411262 1.0000000180025095e-35 0.65196481347084057 0.037749288603663451 0.88369229435920726 1.4386643171310427 1.0000000180025095e-35 0.75000000000000011 0.41666667163372045 0.031645495444536216 0.031253814697265632 0.80723297595977794
decision_type=2 2 2 2 2 2 2 2 2 2 2 2 2 2
left_child=1 3 4 5 10 -1 -3 9 -8 11 -2 12 -4 -14
right_child=2 6 7 -5 -6 -7 8 -9 -10 -11 -12 -13 13 -15
leaf_value=-0.036766061565524651 -0.0067711276633646168 -0.0028764225366704459 0.037052078260850524 -0.010529036432547228 0.020913606158449102 -0.019947355730365889 0.0086968178013369524 0.042298232134899062 0.026344042440647985 0.03536251647266609 0.012995719512582823 0.026296729613526918 0.0097278225546677428 -0.054115539815475053
leaf_weight=85.324984969105572 48.979941312689334 54.557403182610869 3.5940039195120361 75.747655708342791 63.267326240427792 69.218004810158163 43.431404162198305 34.51896445825696 25.026183952577412 25.87954603228718 13.886438332498072 27.067790251225233 11.152915265411137 2.0520538054406634
leaf_count=9374 855 949 20 2112 500 3160 469 137 199 140 144 155 75 13
internal_value=-7.81711e-05 -0.0125536 0.0190523 -0.023081 0.00929143 -0.0292332 0.00715422 0.0308603 0.0151482 0.0251995 -0.00240487 0.0192037 0.00777493 -0.000193444
internal_weight=583.705 353.306 230.399 230.291 126.134 154.543 123.015 104.265 68.4576 69.7463 62.8664 43.8668 16.799 13.205
internal_count=18302 16263 2039 14646 1499 12534 1617 540 668 403 999 263 108 88
is_linear=0
shrinkage=0.04


Tree=28
num_leaves=15
num_cat=0
split_feature=3 7 3 8 4 6 8 3 5 3 3 5 7 0
split_gain=79.5032 50.1184 13.474 8.67431 7.1577 7.09739 5.25976 5.16177 2.81614 3.98403 2.72382 3.27995 2.68774 2.84413
threshold=0.030091284774243835 0.6899811625480653 0.011050060391426088 1.5523229837417605 1.0000000180025095e-35 1.0000000180025095e-35 0.69696003198623668 0.032010246068239219 1.0000000180025095e-35 0.015268070157617332 0.0059702000580728063 1.0000000180025095e-35 0.69785863161087047 0.29166667163372045
decision_type=2 2 2 2 2 2 2 2 2 2 2 2 2 2
left_child=1 2 5 12 6 -1 -2 -6 9 -4 -7 -12 -3 -14
right_child=4 3 8 -5 7 10 -8 -9 -10 -11 11 -13 13 -15
leaf_value=-0.036941397318182502 0.0030312973948668095 0.030448106251920772 -0.02059220021495662 0.023062260631481864 0.026268713037704467 0.053861363306363146 0.028795976748065256 0.047294221768302544 -0.0013869601596267986 -0.006725654144989701 -0.028971788293767863 -0.0023159136629904756 -0.00029885095480011828 0.027435086243141411
leaf_weight=76.743054669583216 28.791162015870214 5.3236593604087821 78.828109541907907 47.717005046084523 55.596918534487486 0.91433734446764248 22.651812672615051 28.136882297694683 30.918807275593281 57.213142579421401 15.45859417039901 14.143282768782228 100.81404042104259 6.2850975655019274
leaf_count=8782 283 61 3871 367 311 7 142 132 671 1112 711 345 1456 45
internal_value=-0.000670196 -0.00900736 -0.0193906 0.00877272 0.0261193 -0.030453 0.0143762 0.0333339 -0.0122839 -0.0147605 -0.0141358 -0.0162361 0.00270763 0.00132871
internal_weight=569.536 434.359 274.219 160.14 135.177 107.259 51.443 83.7338 166.96 136.041 30.5162 29.6019 112.423 107.099
internal_count=18296 17428 15499 1929 868 9845 425 443 5654 4983 1063 1056 1562 1501
is_linear=0
shrinkage=0.04


Tree=29
num_leaves=15
num_cat=0
split_feature=3 7 3 8 8 5 1 0 3 3 5 1 4 0
split_gain=77.058 52.2197 10.1557 8.20382 7.66199 5.61502 4.90932 3.08926 3.3237 2.86526 3.84261 2.87346 2.55517 2.86909
threshold=0.029254760593175892 0.65196481347084057 0.010582310147583486 1.5523229837417605 1.5477371811866762 1.0000000180025095e-35 0.75000000000000011 0.18333333730697635 0.031017075292766098 0.015268070157617332 1.0000000180025095e-35 0.01183473411947489 1.0000000180025095e-35 0.75000000000000011
decision_type=2 2 2 2 2 2 2 2 2 2 2 2 2 2
left_child=1 2 5 9 6 -1 7 8 -2 10 -3 -12 13 -8
right_child=4 3 -4 -5 -6 -7 12 -9 -10 -11 11 -13 -14 -15
leaf_value=-0.035044019060294182 0.0059923693092092572 -0.0047352333705099579 -0.01378357935708824 0.023817904697964361 0.040056354945097676 -0.0082966393402404744 -0.022013197104337943 0.018838897074701405 -0.050283966951353828 0.01440181489285822 -0.075300580411308354 0.016314931840179962 0.038858046224285271 0.0305390184280321
leaf_weight=75.429776051547378 18.453912470489744 66.845377021469176 157.85665303771384 44.463919827714562 39.295450082048774 15.065861612791194 2.5743113458156577 62.294740515761077 1.8472369108349074 30.073071398772299 0.56124474108219402 22.790869661606848 25.077772259712219 4.6913015693426132
leaf_count=8234 204 1183 6110 347 208 776 20 512 22 286 15 265 114 22
internal_value=0.000682791 -0.00832513 -0.019908 0.00913704 0.0248087 -0.0305911 0.0195958 0.0144228 0.000871688 0.00370953 0.000144582 0.014113 0.0328065 0.011919
internal_weight=567.321 413.087 248.352 164.734 154.235 90.4956 114.939 82.5959 20.3011 120.271 90.1975 23.3521 32.3434 7.26561
internal_count=18318 17216 15120 2096 1102 9010 894 738 226 1749 1463 280 156 42
is_linear=0
shrinkage=0.04


Tree=30
num_leaves=15
num_cat=0
split_feature=8 0 1 1 8 6 4 7 0 0 1 5 7 1
split_gain=66.3426 28.9373 16.5831 12.8122 10.3541 7.79431 5.62392 4.82259 4.31762 3.5644 3.28256 3.19997 2.88338 2.74452
threshold=0.68356719613075267 0.18333333730697635 0.41666667163372045 0.064583335071802153 1.5477371811866762 1.0000000180025095e-35 1.0000000180025095e-35 0.65268862247467052 0.75000000000000011 0.22500000149011615 0.75000000000000011 1.0000000180025095e-35 0.80804961919784557 0.29166667163372045
decision_type=2 2 2 2 2 2 2 2 2 2 2 2 2 2
left_child=1 3 4 5 8 7 -3 -1 13 -6 11 -5 -11 -2
right_child=2 6 -4 10 9 -7 -8 -9 -10 12 -12 -13 -14 -15
leaf_value=-0.032253596106405262 0.0040613918299558334 0.0053774000031131808 0.037440759586068947 -0.011538055625274275 0.018520809512545363 -0.012212426095788242 0.032548493276724051 0.013558447298848897 0.035515822003220052 -0.00041422064320473435 0.017366686626984432 0.010196519893555757 0.047326265150638688 -0.023569419907691628
leaf_weight=105.16597160394304 118.30081629380584 38.885321319103241 46.15710935741663 75.146551082376391 44.427178621292114 55.283346890937537 17.752887800335884 3.809744630008935 6.7717916294932357 2.3682717010378846 8.6914933267980796 12.665026914328335 13.931481398642063 6.0456795301288357
leaf_count=11132 1664 449 235 2176 362 1671 133 66 39 12 63 221 78 51
internal_value=-4.98647e-05 -0.0120211 0.015915 -0.0176499 0.010736 -0.024446 0.013894 -0.030652 0.00441188 0.0243907 -0.00608233 -0.00840329 0.0403898 0.00271799
internal_weight=555.403 317.4 238.002 260.762 191.845 164.259 56.6382 108.976 131.118 60.7269 96.5031 87.8116 16.2998 124.346
internal_count=18352 15911 2441 15329 2206 12869 582 11198 1754 452 2460 2397 90 1715
is_linear=0
shrinkage=0.04


Tree=31
num_leaves=15
num_cat=0
split_feature=3 7 3 8 4 6 8 6 1 0 3 3 8 1
split_gain=69.3095 44.2576 10.255 8.04095 7.13813 6.44699 5.01836 3.70163 3.51706 3.26396 3.14004 2.593 2.51234 2.24571
threshold=0.030091284774243835 0.67651858925819408 0.011428945232182743 1.5523229837417605 1.0000000180025095e-35 1.0000000180025095e-35 0.68586039543151867 1.0000000180025095e-35 0.18333333730697635 0.18333333730697635 0.032010246068239219 0.025126799941062931 1.4826412200927737 0.0091326101683080214
decision_type=2 2 2 2 2 2 2 2 2 2 2 2 2 2
left_child=1 2 5 8 6 -1 -2 9 -3 -4 12 -11 -6 -7
right_child=4 3 7 -5 10 13 -8 -9 -10 11 -12 -13 -14 -15
leaf_value=-0.034188101812164445 0.0035259424019367471 0.00092924783653655174 -0.018371897955855185 0.023234233824609828 0.020812950392597004 0.050136810760260893 0.029380370886375764 -0.0021411098503564007 0.023657441988504956 -0.06400652691808921 0.044427084768317616 0.0077941059890968513 0.03898394516832495 -0.014520295602106775
leaf_weight=72.518605885095894 29.321743261069059 105.28233557846397 87.865114977117628 44.582473867572844 32.244262857362628 0.88344709947705169 20.347415436059237 48.380532550159842 12.150818602181969 0.86159106716513534 27.350125731900334 12.20052247866988 19.558878371492028 31.695365706924349
leaf_count=9165 289 1570 3767 363 221 5 138 1066 110 21 143 188 92 1147
internal_value=0.000362957 -0.00756919 -0.0179757 0.00877156 0.0260038 -0.0275478 0.0141174 -0.0112378 0.00328094 -0.0155984 0.0334625 0.00305806 0.0276736 -0.012767
internal_weight=545.243 416.421 254.405 162.016 128.822 105.097 49.6692 149.308 117.433 100.927 79.1533 13.0621 51.8031 32.5788
internal_count=18285 17402 15359 2043 883 10317 427 5042 1680 3976 456 209 313 1152
is_linear=0
shrinkage=0.04


Tree=32
num_leaves=15
num_cat=0
split_feature=3 7 3 5 8 8 3 4 1 3 8 1 0 5
split_gain=66.8666 43.16 9.13838 7.29404 6.59531 6.04309 3.65506 3.33153 2.99283 4.24407 2.92033 2.76853 2.56187 1.92589
threshold=0.030091284774243835 0.68356719613075267 0.011050060391426088 1.0000000180025095e-35 1.5523229837417605 1.5787281990051272 0.031529305502772338 1.0000000180025095e-35 0.41666667163372045 0.032654680311679847 0.80723297595977794 0.75000000000000011 0.75000000000000011 1.0000000180025095e-35
decision_type=2 2 2 2 2 2 2 2 2 2 2 2 2 2
left_child=1 2 3 -1 -3 6 -2 8 -8 10 -10 12 13 -4
right_child=5 4 11 -5 -6 -7 7 -9 9 -11 -12 -13 -14 -15
leaf_value=-0.033229165538907784 0.012432419297122205 0.0034551888912141074 -0.016046463968906775 -0.0053348042799675477 0.021537694836181925 0.040877830594537305 0.032231951334458449 0.038387822300957664 -0.033580613999821901 0.033876401100212096 0.021073610674182678 0.018717891333071921 0.021122661761097401 -0.0046824975064962537
leaf_weight=76.800582130206749 45.050461842678487 115.97121159546077 120.71933386358432 18.638816381804645 44.716835839673877 31.498346967622638 10.867936181835832 24.99018818885088 4.8608860261738283 4.4108170941472054 2.3064726516604424 4.5268812384456387 3.4376897970214477 29.739335462450981
leaf_count=8928 418 1660 4913 869 370 166 65 147 43 22 13 41 35 671
internal_value=-2.71084e-05 -0.00773531 -0.0180038 -0.0277815 0.00848725 0.0257457 0.0205921 0.0283414 0.0171563 0.00300538 -0.0159928 -0.0121133 -0.0130202 -0.0138003
internal_weight=538.536 414.551 253.863 95.4394 160.688 123.985 92.4868 47.4363 22.4461 11.5782 7.16736 158.423 153.896 150.459
internal_count=18361 17487 15457 9797 2030 874 708 290 143 78 56 5660 5619 5584
is_linear=0
shrinkage=0.04


Tree=33
num_leaves=15
num_cat=0
split_feature=8 3 3 6 1 7 8 3 7 1 4 1 1 6
split_gain=61.4379 38.6284 8.62923 6.49243 8.28387 4.9962 4.95335 4.71642 4.0542 3.57438 2.93643 2.62707 2.59401 3.2043
threshold=0.80723297595977794 0.025126799941062931 0.031529305502772338 1.0000000180025095e-35 0.074175827205181136 0.65268862247467052 1.7452975511550906 0.031505834311246879 0.70777574181556713 0.0093898782506585139 1.0000000180025095e-35 0.010256679728627207 0.080128207802772536 1.0000000180025095e-35
decision_type=2 2 2 2 2 2 2 2 2 2 2 2 2 2
left_child=1 3 6 4 5 -1 12 -3 -7 -5 -9 -11 13 -2
right_child=2 7 -4 9 -6 8 -8 10 -10 11 -12 -13 -14 -15
leaf_value=-0.031393422810074172 -0.00085595033355471885 0.0057830067153168364 0.039536563086964134 0.053692969380723911 -0.008239139723553392 0.0093572542439852805 0.030059730388319248 0.013131206783428492 -0.025222335516615117 -0.057668864268656882 0.037640322008769891 -0.008448332363796442 0.019865407219079811 0.017201672151306788
leaf_weight=98.938761465484276 36.70645268028602 75.348624790087342 30.679020250216126 1.457728481851517 50.313970365561545 9.5075617022812384 31.049609730020165 17.322623348794878 12.632881101220844 1.7721731872297812 14.259924082085492 82.708118228241801 39.902896295301616 27.503881325945258
leaf_count=11279 483 996 156 12 1475 161 214 123 308 136 101 2218 352 294
internal_value=0.000203191 -0.00898516 0.0203849 -0.0173819 -0.0218809 -0.0275497 0.0160379 0.0112218 -0.0103731 -0.00840926 0.0241974 -0.00948085 0.0118561 0.00687886
internal_weight=530.104 364.262 165.842 257.331 171.393 121.079 135.163 106.931 22.1404 85.938 31.5825 84.4803 104.113 64.2103
internal_count=18308 16809 1499 15589 13223 11748 1343 1220 469 2366 224 2354 1129 777
is_linear=0
shrinkage=0.04


Tree=34
num_leaves=15
num_cat=0
split_feature=3 7 8 6 1 3 5 1 8 1 7 4 8 6
split_gain=56.1141 29.3784 14.4493 7.29329 6.34507 5.64327 5.2241 5.12569 2.53367 2.38223 2.33163 2.30662 2.16658 1.75949
threshold=0.016261234879493717 0.65268862247467052 0.71485984325408947 1.0000000180025095e-35 0.04446640424430371 0.031505834311246879 1.0000000180025095e-35 0.75000000000000011 0.87403500080108654 0.10555555671453477 0.8624648153781892 1.0000000180025095e-35 1.5523229837417605 1.0000000180025095e-35
decision_type=2 2 2 2 2 2 2 2 2 2 2 2 2 2
left_child=1 3 5 4 -1 -2 8 13 10 12 -3 -7 -8 -4
right_child=2 6 7 -5 -6 11 9 -9 -10 -11 -12 -13 -14 -15
leaf_value=-0.033015689043668119 0.00060514879700973437 -0.0052194718287686412 0.026266869488612694 -0.0091594565973643124 -0.015277416568685004 0.012469595983554665 0.01170884419703578 0.043602306842551827 0.006910103905416496 -0.0344518673695818 -0.067213089093544939 0.035900303777702598 0.032066334060565929 0.011583041441637038
leaf_weight=73.857162751955912 73.422218347433954 48.188630540389568 51.514396637678146 68.455905536655337 57.295000819023699 17.147267239168286 21.639174662530422 25.26898898743093 41.987332251854241 1.3558642966672767 0.99065795447677274 11.057289220392706 13.635423661209641 17.489270740188658
leaf_count=9958 1102 924 368 2059 2565 122 276 125 498 18 24 79 101 158
internal_value=-2.32321e-05 -0.0101552 0.0169102 -0.0197426 -0.0252666 0.00644723 0.00481958 0.0281894 -0.000306774 0.0175781 -0.00646826 0.0216553 0.019578 0.0225452
internal_weight=523.305 327.405 195.899 199.608 131.152 101.627 127.797 94.2727 91.1666 36.6305 49.1793 28.2046 35.2746 69.0037
internal_count=18377 16423 1954 14582 12523 1303 1841 651 1446 395 948 201 377 526
is_linear=0
shrinkage=0.04


Tree=35
num_leaves=15
num_cat=0
split_feature=0 7 1 8 8 6 4 1 6 1 8 8 0 6
split_gain=57.9401 36.242 11.2474 7.45786 5.82783 5.55747 5.53867 3.05651 2.38965 4.03472 2.16758 1.96513 1.96053 2.77648
threshold=0.18333333730697635 0.67651858925819408 0.064583335071802153 0.70705461502075206 0.88369229435920726 1.0000000180025095e-35 1.0000000180025095e-35 0.087121214717626586 1.0000000180025095e-35 0.18333333730697635 1.7452975511550906 1.5606634616851809 0.057189542800188072 1.0000000180025095e-35
decision_type=2 2 2 2 2 2 2 2 2 2 2 2 2 2
left_child=1 2 5 6 12 -1 -2 -8 9 -4 -6 -5 13 -3
right_child=3 4 8 11 10 -7 7 -9 -10 -11 -12 -13 -14 -15
leaf_value=-0.029732197467244793 0.0060002323026914026 -0.010891943782740488 -0.019315942206479097 0.027758490098859771 0.01091266681033996 -0.013526769887014331 -0.032236096774180767 0.036210060663394814 0.0045161485015518324 0.00025510039480779395 0.025386564139281535 0.04221329780336168 0.013124413525196681 0.0070801525500466967
leaf_weight=94.262227468891069 40.297969162464142 35.649128939025104 35.408797997515649 33.05147435888648 63.762144176289439 52.839013360440731 1.1086562387645269 17.864565156400204 24.803826592862606 32.163524426985532 22.36030933726579 27.626502284780145 13.192661719396709 22.392882605083287
leaf_count=11168 460 702 1386 235 666 1715 21 131 528 534 168 165 132 351
internal_value=0.000120695 -0.00724289 -0.0170417 0.024482 0.00766962 -0.0239112 0.0143904 0.0322106 -0.00610257 -0.0100004 0.0146706 0.0343397 -0.000794519 -0.00395822
internal_weight=516.784 396.835 239.477 119.949 157.357 147.101 59.2712 18.9732 92.3761 67.5723 86.1225 60.678 71.2347 58.042
internal_count=18362 17350 15331 1012 2019 12883 612 152 2448 1920 834 400 1185 1053
is_linear=0
shrinkage=0.04


Tree=36
num_leaves=15
num_cat=0
split_feature=8 3 0 3 6 8 7 4 8 7 6 3 0 7
split_gain=49.0283 24.0809 13.6836 7.41648 6.57142 5.67485 3.97474 3.88039 2.58033 2.22637 2.17762 6.60119 2.39852 1.89375
threshold=0.68356719613075267 0.013986699748784305 0.18333333730697635 0.030091284774243835 1.0000000180025095e-35 1.665262043476105 0.65268862247467052 1.0000000180025095e-35 1.5606634616851809 0.66230651736259472 1.0000000180025095e-35 0.013606070075184109 0.15476191043853763 0.70777574181556713
decision_type=2 2 2 2 2 2 2 2 2 2 2 2 2 2
left_child=1 4 5 -3 6 10 -1 -5 -4 -8 11 13 -12 -2
right_child=2 3 8 7 -6 -7 9 -9 -10 -11 12 -13 -14 -15
leaf_value=-0.029331427606834524 0.0090233806509589821 -0.0055820608107106278 0.023356601541693466 0.003768375304385362 -0.010875307851119755 0.024200698105741263 0.053005920407282893 0.02600714648531504 0.039835015232646723 -0.014759542992340748 0.012480297255931781 0.012913316729126391 -0.052726718098668565 -0.014136622661696954
leaf_weight=92.951682397397235 6.7268297160044304 83.009204137139022 35.804613512009382 27.723509176634252 58.942485714331269 28.632577619515359 1.4424406150355928 22.942625501193106 26.425824353471398 1.6782189840450881 46.593536955304444 36.035219816491008 0.92038733512163062 35.25254300609231
leaf_count=11379 97 2076 258 275 1868 224 15 180 163 51 605 388 10 668
internal_value=0.000127853 -0.0106618 0.0145224 0.00177881 -0.0213898 0.00813163 -0.0278407 0.0138385 0.0303541 0.0165632 0.00446634 0.000354819 0.0112172 -0.0104254
internal_weight=505.082 288.69 216.392 133.675 155.015 154.161 96.0723 50.6661 62.2304 3.12066 125.529 78.0146 47.5139 41.9794
internal_count=18257 15844 2413 2531 13313 1992 11445 455 421 66 1768 1153 615 765
is_linear=0
shrinkage=0.04


Tree=37
num_leaves=15
num_cat=0
split_feature=8 3 0 8 5 3 4 0 8 1 0 0 1 7
split_gain=51.2156 19.6637 14.0979 7.40024 7.05698 7.43756 6.05392 2.80144 2.40689 2.48082 3.33096 2.38985 1.82076 1.68068
threshold=0.68356719613075267 0.026148115284740928 0.18333333730697635 1.5456029176712038 1.0000000180025095e-35 0.011834735050797464 1.0000000180025095e-35 0.22500000149011615 1.5265618562698366 0.18333333730697635 0.13392857462167743 0.75000000000000011 0.75000000000000011 0.744692623615265
decision_type=2 2 2 2 2 2 2 2 2 2 2 2 2 2
left_child=1 4 3 8 5 -1 11 -8 9 -2 13 -3 -7 -11
right_child=2 6 -4 -5 -6 12 7 -9 -10 10 -12 -13 -14 -15
leaf_value=-0.029787571988861776 0.00097673223206950718 -0.0076358467166826221 0.031203645319502083 0.022126995973466648 -0.0026582452231293297 -0.013942546681414225 0.010899315778652422 0.036080264471815275 -0.06274174142256117 0.0051099400666263289 -0.028185528452936152 0.01230680808875931 0.014627786049791208 0.034410849955941944
leaf_weight=77.388366310740821 91.000248058699071 34.828372485935688 62.883759897202253 46.295652468688786 43.498530751094222 82.513428528094664 17.850482609122995 11.703815212473272 0.88320748135447402 4.6405280157923725 2.1812399718910447 13.28063189703971 3.7303131446242324 9.6360096056014282
leaf_count=9829 1470 550 426 401 1485 3502 208 97 10 49 24 114 37 78
internal_value=0.000620094 -0.0105423 0.0152347 0.00874092 -0.0169783 -0.020785 0.0066226 0.0208712 0.00302088 0.00356139 0.0178528 -0.00213062 -0.0127068 0.0248867
internal_weight=502.315 284.794 217.521 154.637 207.131 163.632 77.6633 29.5543 108.341 107.458 16.4578 48.109 86.2437 14.2765
internal_count=18280 15822 2458 2032 14853 13368 969 305 1631 1621 151 664 3539 127
is_linear=0
shrinkage=0.04


Tree=38
num_leaves=15
num_cat=0
split_feature=8 3 0 3 6 8 7 8 8 1 0 7 8 1
split_gain=42.9422 19.9497 13.3674 7.23135 5.67036 5.44338 3.16305 2.63825 2.56267 2.40253 2.31404 2.16766 2.06517 2.05246
threshold=0.68356719613075267 0.013986699748784305 0.18333333730697635 0.031505834311246879 1.0000000180025095e-35 1.3731684088706972 0.65268862247467052 1.5606634616851809 0.89101329445838939 0.18333333730697635 0.13392857462167743 0.71951285004615795 1.5188317298889162 0.75000000000000011
decision_type=2 2 2 2 2 2 2 2 2 2 2 2 2 2
left_child=1 4 5 13 6 8 -1 12 9 -2 11 -11 -4 -3
right_child=2 3 7 -5 -6 -7 -8 -9 -10 10 -12 -13 -14 -15
leaf_value=-0.027492886815809772 -0.00070737816836732761 -0.0045622380137753339 0.024782246040439528 0.02139808151249353 -0.01016181646082462 0.016691603859693462 0.01256340453841037 0.039715756992628255 -0.073678261315660534 -0.023731555641581043 -0.029750454243100077 0.030164396821847343 -0.022671477813519986 0.01635378612120636
leaf_weight=89.362756539601833 78.07774051418528 101.34848118480295 33.084699872881174 23.603059341199696 58.375916853547096 61.964576684869826 3.2695666877552858 25.071026389487088 0.72269641514867444 1.3524089641869057 1.4505859035998572 10.192444572225211 1.5354551747441281 8.1069333124905807
leaf_count=11398 1333 2331 253 182 1895 568 64 161 11 19 19 85 12 64
internal_value=0.000211291 -0.00997549 0.0137681 0.00131719 -0.0199259 0.00753126 -0.0260791 0.0298338 0.00134778 0.00194314 0.0178677 0.0238508 0.0226776 -0.00301307
internal_weight=497.518 284.067 213.452 133.058 151.008 153.76 92.6323 59.6912 91.7959 91.0732 12.9954 11.5449 34.6202 109.455
internal_count=18395 15934 2461 2577 13357 2035 11462 426 1467 1456 123 104 265 2395
is_linear=0
shrinkage=0.04


Tree=39
num_leaves=15
num_cat=0
split_feature=3 8 3 6 3 7 7 8 6 6 7 3 1 1
split_gain=43.2675 21.136 7.8795 4.98182 5.65136 4.34106 3.87636 3.70672 2.83933 2.34715 2.24253 2.21278 2.16691 2.15948
threshold=0.026694180443882946 0.80723297595977794 0.031076864339411262 1.0000000180025095e-35 0.013606070075184109 0.72450456023216259 0.65268862247467052 1.5477371811866762 1.0000000180025095e-35 1.0000000180025095e-35 0.73620402812957775 0.030787454918026928 0.020204081200063232 0.0093898782506585139
decision_type=2 2 2 2 2 2 2 2 2 2 2 2 2 2
left_child=1 3 5 4 6 9 -1 -4 -3 -2 -8 -7 -6 -5
right_child=2 8 7 13 12 11 10 -9 -10 -11 -12 -13 -14 -15
leaf_value=-0.028155662008015649 -0.0044041386210394527 0.002337405337809103 0.020956040550527699 0.049555513511607939 -0.061797305590543951 0.022640743319324339 -0.0021882421091533591 0.041012865917807888 0.017409884262667468 0.017247219633856975 -0.033236167086780857 -0.0077370816538156464 -0.0073070483962574739 -0.0073004997189302593
leaf_weight=81.648877560044639 36.322554947808385 44.185584936756641 55.128468697890639 1.0828106547705818 1.1927722692489613 31.279423612169921 16.763197592459623 20.125028133392334 36.529062934219837 10.277888435870407 4.7845190055668345 4.3729542810469857 55.502779866103083 82.90230690035969
leaf_count=11124 575 589 416 11 44 285 312 111 400 141 156 39 1663 2376
internal_value=-0.000236182 -0.00858362 0.0169664 -0.0144557 -0.0185991 0.00840884 -0.0241731 0.0263198 0.00915876 0.000371143 -0.00908222 0.0189147 -0.00845343 -0.00656746
internal_weight=482.098 324.592 157.506 243.877 159.892 82.2528 103.197 75.2535 80.7146 46.6004 21.5477 35.6524 56.6956 83.9851
internal_count=18242 16675 1567 15686 13299 1040 11592 527 989 716 468 324 1707 2387
is_linear=0
shrinkage=0.04


Tree=40
num_leaves=15
num_cat=0
split_feature=8 0 3 6 1 8 8 1 4 1 8 6 3 1
split_gain=39.7746 20.3045 10.5949 5.61087 6.20976 4.44465 4.04566 3.50145 3.43182 3.1754 3.01289 2.77869 2.41494 2.13558
threshold=0.76598063111305248 0.18333333730697635 0.015268070157617332 1.0000000180025095e-35 0.074175827205181136 0.65338471531867992 1.665262043476105 0.75000000000000011 1.0000000180025095e-35 0.080128207802772536 0.73620402812957775 1.0000000180025095e-35 0.029908834956586364 0.0093898782506585139
decision_type=2 2 2 2 2 2 2 2 2 2 2 2 2 2
left_child=1 3 6 4 5 -1 11 -4 -3 -8 -7 -2 -10 -5
right_child=2 8 7 13 -6 10 9 -9 12 -11 -12 -13 -14 -15
leaf_value=-0.027227144192563446 -0.0071527450403682368 0.0063666138876185031 0.021369356241370228 0.052663477032237574 -0.0077743800245318106 -0.0019391110443507551 0.028289722105051145 0.040462548431877021 -0.023038895761208732 -0.038323709075384411 -0.064352883886456394 0.010201726282421856 0.031319847415953811 -0.0055372469013635914
leaf_weight=86.117846585344523 33.177929932251573 41.739800802432001 63.165916886180639 1.0205662250518788 67.404772981535643 18.338004044257108 14.862461837008597 20.308717438951135 1.4170703496783996 1.24054103065282 1.3270442131906737 26.594249658286572 16.932815780863166 87.056965925265104
leaf_count=11376 592 496 527 10 1744 336 123 116 22 16 55 351 141 2439
internal_value=-0.000158414 -0.00826069 0.0161812 -0.0130827 -0.017263 -0.0233091 0.00536284 0.0260146 0.0127048 0.023158 -0.00615094 0.000568726 0.027122 -0.00486287
internal_weight=480.705 321.355 159.35 261.265 173.188 105.783 75.8752 83.4746 60.0897 16.103 19.665 59.7722 18.3499 88.0775
internal_count=18344 16619 1725 15960 13511 11767 1082 643 659 139 391 943 163 2449
is_linear=0
shrinkage=0.04


Tree=41
num_leaves=15
num_cat=0
split_feature=3 7 4 3 3 9 6 1 8 1 6 3 1 8
split_gain=41.0593 25.7409 6.8078 5.58679 5.4712 4.33241 3.90737 2.52682 2.49637 2.09224 1.90068 3.48351 3.13892 1.71139
threshold=0.029254760593175892 0.65268862247467052 1.0000000180025095e-35 0.031890055164694793 0.011428945232182743 0.83333334326744091 1.0000000180025095e-35 0.75000000000000011 0.68586039543151867 0.069047622382640853 1.0000000180025095e-35 0.013606070075184109 0.029857398010790352 1.6380200982093813
decision_type=2 2 2 2 2 2 2 2 2 2 2 2 2 2
left_child=1 4 8 13 6 7 -1 10 -2 -7 11 -3 -12 -4
right_child=2 5 3 -5 -6 9 -8 -9 -10 -11 12 -13 -14 -15
leaf_value=-0.029753715368896507 0.002888477789525079 -0.0073875530500566514 0.016172262213508974 0.045055135318144861 -0.010246834721746579 0.034885730476284231 -0.011463843254880037 0.04484120471928988 0.020363410233143139 -0.0021468195209297112 0.021010774314257082 0.0097328571645884637 0.00058414742593062066 0.033771890985237939
leaf_weight=54.902399523183703 33.128449545241892 47.412602590862662 34.140161189250648 22.476055019535124 122.92308683786541 11.516093043610452 28.333747156430036 2.3875697441399089 21.612881775014102 3.0975450947880736 21.373580527491868 31.748999929055572 27.553836514707655 11.929085806012152
leaf_count=9160 378 879 295 165 4861 91 1122 15 194 41 266 393 402 74
internal_value=0.000445898 -0.00652488 0.020306 0.0287059 -0.015609 0.00638275 -0.0235278 0.00406953 0.0097879 0.0270362 0.00330954 -0.000521145 0.00950737 0.0207295
internal_weight=474.536 351.249 123.287 68.5453 206.159 145.09 83.2361 130.477 54.7413 14.6136 128.089 79.1616 48.9274 46.0692
internal_count=18336 17230 1106 534 15143 2087 10282 1955 572 132 1940 1272 668 369
is_linear=0
shrinkage=0.04


Tree=42
num_leaves=15
num_cat=0
split_feature=8 3 3 3 8 4 7 5 1 8 3 6 0 6
split_gain=40.0279 18.0423 11.4527 7.21743 4.69086 3.0789 2.94645 2.24173 2.17453 2.21886 2.10534 2.07019 1.79253 2.08774
threshold=0.68356719613075267 0.029254760593175892 0.031299686059355743 0.011050060391426088 1.5523229837417605 1.0000000180025095e-35 0.89101329445838939 1.0000000180025095e-35 0.75000000000000011 1.502380967140198 0.031299686059355743 1.0000000180025095e-35 0.22500000149011615 1.0000000180025095e-35
decision_type=2 2 2 2 2 2 2 2 2 2 2 2 2 2
left_child=1 3 4 7 6 -3 8 -1 9 12 -7 -5 13 -2
right_child=2 5 -4 11 -6 10 -8 -9 -10 -11 -12 -13 -14 -15
leaf_value=-0.028559798626095933 -0.00060202256326806784 0.0022486719590284923 0.034092752304690291 -0.0133159654935684 0.019804438424379182 0.010629143952034553 -0.073138217753813684 -0.01165752468553358 0.037302169959564993 -0.023561075397304766 0.034599201302482861 -0.0029523495683414303 0.021410431833105675 0.011355048891528245
leaf_weight=60.568057445343584 61.003621509298682 31.814368646591902 36.152215520851314 87.910336132859811 47.840003157965839 13.190324817784132 0.76806513965129752 15.837879471015183 3.334376346319913 4.3278655000030986 10.553655455820261 47.50422098999843 10.433031655848024 37.866778913885355
leaf_count=8923 1024 371 236 4345 443 144 14 888 21 61 84 1165 92 538
internal_value=0.000243923 -0.00990509 0.013696 -0.0152266 0.00924246 0.0103835 0.0049507 -0.0250562 0.00546348 0.00452921 0.0212833 -0.00968035 0.00564144 0.00397747
internal_weight=469.105 267.379 201.726 211.82 165.574 55.5583 117.734 76.4059 116.966 113.631 23.744 135.415 109.303 98.8704
internal_count=18349 15920 2429 15321 2193 599 1750 9811 1736 1715 228 5510 1654 1562
is_linear=0
shrinkage=0.04


Tree=43
num_leaves=15
num_cat=0
split_feature=7 0 3 5 3 9 3 1 3 1 3 0 5 1
split_gain=36.2191 12.3373 11.6268 6.28152 6.83359 4.74827 2.70051 2.46781 3.48713 2.071 1.97053 2.22258 1.60225 2.18778
threshold=0.68356719613075267 0.29166667163372045 0.029794779606163505 1.0000000180025095e-35 0.011834735050797464 0.5000000149011613 0.031039469875395301 0.054093567654490478 0.012270399834960701 0.22500000149011615 0.028728535398840908 0.064583335071802153 1.0000000180025095e-35 0.01183473411947489
decision_type=2 2 2 2 2 2 2 2 2 2 2 2 2 2
left_child=1 3 5 4 -1 9 -3 8 -5 10 11 12 -2 -14
right_child=2 6 -4 7 -6 -7 -8 -9 -10 -11 -12 -13 13 -15
leaf_value=-0.02650892659381307 -0.005503789416210326 -0.003137543975656778 0.027526769356587995 -0.0014435867622057316 -0.01051960164787712 0.0161376420600737 0.021047272136455058 0.013472821594610896 -0.043342944381833649 0.022564537990334369 -0.030101564552242902 0.019127448675077912 -0.075793366724261124 0.011549848086148853
leaf_weight=67.814519706647843 52.067278692964464 11.093364967033265 60.054240103811026 27.252532092970799 115.78898032801226 50.955336397513747 22.111563097685575 14.94765734951943 3.5977006861940017 6.4536043405532828 3.5548702254891387 8.9252274464815837 0.47281645238399761 15.527626234106718
leaf_count=9821 1028 179 463 1147 4087 522 197 296 99 63 49 96 15 205
internal_value=-8.11576e-05 -0.00982098 0.012836 -0.0131195 -0.0164253 0.00644093 0.0129674 0.000133429 -0.00632982 0.000761715 -0.000985158 0.000359187 -0.00210176 0.00896884
internal_weight=460.617 262.606 198.011 229.401 183.604 137.957 33.2049 45.7979 30.8502 87.0014 80.5478 76.9929 68.0677 16.0004
internal_count=18267 15826 2441 15450 13908 1978 376 1542 1246 1456 1393 1344 1248 220
is_linear=0
shrinkage=0.04


Tree=44
num_leaves=15
num_cat=0
split_feature=7 3 3 5 3 6 4 1 0 1 0 7 7 7
split_gain=32.084 14.9742 9.07058 5.5909 6.61429 3.0973 2.96208 2.35416 2.64222 2.13698 1.94202 1.94171 2.09141 2.17409
threshold=0.72402209043502819 0.030186135321855549 0.01550481002777815 1.0000000180025095e-35 0.010929290205240251 1.0000000180025095e-35 1.0000000180025095e-35 0.75000000000000011 0.29166667163372045 0.030776515603065494 0.22500000149011615 0.80723297595977794 0.78002032637596141 0.77769252657890331
decision_type=2 2 2 2 2 2 2 2 2 2 2 2 2 2
left_child=1 3 5 4 -1 11 -3 8 -4 -7 -8 12 13 -2
right_child=2 6 7 -5 -6 9 10 -9 -10 -11 -12 -13 -14 -15
leaf_value=-0.026060133049665608 -0.013699444286631482 0.0033807969556520069 0.012864772925393167 -0.00028651995086125372 -0.010182445971226617 0.021844932848871283 0.0094717013414020688 0.035907530410682273 0.029431562619939684 0.0032691100312849299 0.033993106767602477 0.003312037859857112 -0.049931690135666437 0.039287024925700735
leaf_weight=63.05529014649801 11.187358848750588 27.610215732827783 37.594599755480886 48.691754545085132 125.58821249729954 20.824364196509123 9.1573337167501467 18.366343913599849 26.094770779833198 18.904037703759968 11.860411283560095 32.70101153338328 2.2212701039388767 1.3932939041405923
leaf_count=8889 266 284 378 1616 5289 243 84 118 201 271 111 472 78 14
internal_value=-5.71074e-05 -0.00822736 0.0137443 -0.0123706 -0.0154897 0.0047641 0.0119942 0.0232908 0.0196525 0.013006 0.0233092 -0.00212886 -0.0141491 -0.00783125
internal_weight=455.25 285.963 169.287 237.335 188.644 87.2313 48.628 82.0557 63.6894 39.7284 21.0177 47.5029 14.8019 12.5807
internal_count=18314 16273 2041 15794 14178 1344 479 697 579 514 195 830 358 280
is_linear=0
shrinkage=0.04


Tree=45
num_leaves=15
num_cat=0
split_feature=3 7 8 5 8 3 3 5 0 3 8 3 8 5
split_gain=30.0312 17.898 6.902 4.4785 3.68937 3.46145 3.45895 4.07219 2.64395 2.14752 1.99691 2.75045 2.1131 2.65395
threshold=0.025126799941062931 0.65268862247467052 1.4770575761795046 1.0000000180025095e-35 1.6499184370040896 0.011834735050797464 0.031505834311246879 1.0000000180025095e-35 0.22500000149011615 0.014389229938387873 1.6140992045402529 0.014599314890801908 1.4605516195297243 1.0000000180025095e-35
decision_type=2 2 2 2 2 2 2 2 2 2 2 2 2 2
left_child=1 3 6 5 10 -1 -2 -8 -4 -5 12 -12 13 -3
right_child=2 4 8 9 -6 -7 7 -9 -10 -11 11 -13 -14 -15
leaf_value=-0.025519027352752671 0.0052992430313218639 -0.0037933232240891157 0.016956145512457034 -0.0067549393632896221 0.020846383393207636 -0.01284506593856384 0.022816590124547762 -0.045404282567371883 0.038845517165823289 0.022156445280016559 -0.043249654381541679 0.034769167122676858 0.016723943138913174 0.012911393515883773
leaf_weight=63.477852642652579 82.985319286584854 61.879137550713494 15.138265808112918 34.282729908707552 19.072817011736333 75.473352208267897 34.967008629348129 1.4583408292382944 21.183439033105969 4.6707853926345697 3.1928686480969182 0.9346034564077853 14.82466767169535 20.179776580072939
leaf_count=9803 1172 1234 130 1418 185 3440 278 19 161 63 42 9 159 267
internal_value=0.000218747 -0.00722071 0.0144539 -0.0152747 0.00471131 -0.018635 0.00980961 0.0200853 0.0297224 -0.00328827 0.0016647 -0.0255835 0.00282554 0.00031467
internal_weight=453.721 297.989 155.732 177.905 120.084 138.951 119.411 36.4253 36.3217 38.9535 101.011 4.12747 96.8836 82.0589
internal_count=18380 16620 1760 14724 1896 13243 1469 297 291 1481 1711 51 1660 1501
is_linear=0
shrinkage=0.04


Tree=46
num_leaves=15
num_cat=0
split_feature=8 3 3 6 3 4 3 8 8 8 8 0 3 8
split_gain=29.6789 14.6915 5.56526 4.81089 5.76435 3.16975 2.77033 2.62627 2.44644 2.3832 2.031 2.03045 3.19191 1.86953
threshold=0.76598063111305248 0.029491504654288295 0.031076864339411262 1.0000000180025095e-35 0.010152544826269152 1.0000000180025095e-35 0.031766045838594444 0.65196481347084057 1.7452975511550906 0.74810978770256054 1.4770575761795046 0.18333333730697635 0.028290714137256149 0.8892553746700288
decision_type=2 2 2 2 2 2 2 2 2 2 2 2 2 2
left_child=1 3 8 4 -1 -3 -7 11 -2 -5 13 12 -6 -4
right_child=2 5 10 9 7 6 -8 -9 -10 -11 -12 -13 -14 -15
leaf_value=-0.027544833069279986 0.0075717877742600649 0.0020127130841614558 0.039836227843572256 -0.0034733117569004414 -0.014312988329079717 0.012421483131991163 0.041046876607810083 0.0027871973830285246 0.02271215723137714 -0.074145970339785525 0.037219687336524386 0.0041405024440880856 -0.059795623221894613 0.0070120471612118377
leaf_weight=48.022584309452213 94.18742215866223 33.687644843012094 3.972719006240367 82.900545903015882 78.483713705209084 19.306472578085963 7.5149880116805425 18.581982434727252 20.857129442505538 0.77054108493029971 19.499249473214149 9.1438773339614254 2.548945394344627 9.2186551261693221
leaf_count=7698 1303 390 36 2438 5326 195 72 313 188 18 131 179 70 62
internal_value=-0.000228055 -0.00743571 0.0144551 -0.0118691 -0.0160024 0.0101817 0.0204419 -0.0109058 0.0103167 -0.00412415 0.0290192 -0.0137274 -0.0157437 0.0168974
internal_weight=448.696 300.961 147.735 240.452 156.781 60.5091 26.8215 108.759 115.045 83.6711 32.6906 90.1765 81.0327 13.1914
internal_count=18419 16699 1720 16042 13586 657 267 5888 1491 2456 229 5575 5396 98
is_linear=0
shrinkage=0.04


Tree=47
num_leaves=15
num_cat=0
split_feature=3 7 3 8 6 8 0 7 7 7 7 4 1 1
split_gain=25.925 17.4836 6.89116 4.34137 3.45589 2.8599 3.07619 2.52135 2.08043 2.24548 1.9585 1.95235 2.49556 2.47184
threshold=0.031039469875395301 0.6899811625480653 0.013986699748784305 2.3232755661010747 1.0000000180025095e-35 1.4770575761795046 0.75000000000000011 0.69785863161087047 0.65268862247467052 0.66230651736259472 0.89101329445838939 1.0000000180025095e-35 0.41666667163372045 0.41666667163372045
decision_type=2 2 2 2 2 2 2 2 2 2 2 2 2 2
left_child=1 2 4 7 8 6 11 -3 -1 -10 -9 12 -2 -13
right_child=5 3 -4 -5 -6 -7 -8 10 9 -11 -12 13 -14 -15
leaf_value=-0.023326597216335548 0.013643434453426449 0.030046337320798092 -0.002292648321274154 0.0298815748957247 -0.0086482490538102655 0.03675168822295128 0.031780813831507 0.0043840207635995236 0.03860271080682226 -0.015987900565412615 -0.04642893112329629 -0.00049387090523921235 -0.022172781427157329 0.030088809753749057
leaf_weight=75.028179568704218 7.4766876455396432 6.186796322464942 95.798628187272698 12.412082413211463 55.843837552471086 18.374347396194935 17.225192364305258 122.92736159916967 1.8168489011004556 3.5832218425348401 1.2257544789463271 6.6063967514783153 5.3326984494924545 11.748081277124584
leaf_count=11370 75 77 2322 114 1919 128 138 1840 17 95 18 53 51 102
internal_value=0.000352386 -0.00373803 -0.0105136 0.00727688 -0.0162928 0.0233168 0.0182153 0.00512426 -0.0216007 0.00237906 0.00388235 0.0107172 -0.00126728 0.0190811
internal_weight=441.586 374.823 232.071 142.752 136.272 66.7634 48.3891 130.34 80.4283 5.40007 124.153 31.1639 12.8094 18.3545
internal_count=18319 17772 15723 2049 13401 547 419 1935 11482 112 1858 281 126 155
is_linear=0
shrinkage=0.04


Tree=48
num_leaves=15
num_cat=0
split_feature=0 7 4 1 6 8 8 3 5 1 5 3 0 1
split_gain=28.0991 18.4536 5.6984 5.45434 4.80098 3.67173 3.11411 2.42228 2.09558 2.01283 1.91337 2.05521 1.85286 1.74975
threshold=0.18333333730697635 0.65196481347084057 1.0000000180025095e-35 0.064583335071802153 1.0000000180025095e-35 1.665262043476105 0.68500924110412609 0.029908834956586364 1.0000000180025095e-35 0.75000000000000011 1.0000000180025095e-35 0.013606070075184109 0.10555555671453477 0.016807910054922107
decision_type=2 2 2 2 2 2 2 2 2 2 2 2 2 2
left_child=1 3 6 4 13 10 -2 -4 9 -5 11 -3 -13 -1
right_child=2 5 7 8 -6 -7 -8 -9 -10 -11 -12 12 -14 -15
leaf_value=-0.035179733616966156 0.0034443927624637841 -0.0050768354255300808 -0.0080515890393486039 -0.0099291006040044538 -0.0086551366326183075 0.020010052784509531 0.023257579614576366 0.03293939217757226 0.011235797530543039 0.012972832380159007 0.011888442437188753 0.011243384146067894 -0.010087181037770595 -0.021221387878541727
leaf_weight=20.11254255392123 33.96526519395411 53.278181879781187 2.450901777483522 61.018990067066625 46.579782400280237 23.836701068095863 20.265432922169566 39.168636181391776 10.946817772462962 6.8272072914987794 28.663602574728429 32.021085407584906 8.1801692247390729 50.317582063609734
leaf_count=4236 452 1065 38 2151 1661 225 187 331 217 61 373 432 100 6854
internal_value=0.000252999 -0.00511451 0.0193925 -0.0131398 -0.0186182 0.00564986 0.0108484 0.0305255 -0.00500424 -0.00762453 0.00284741 7.51604e-05 0.00690303 -0.0252074
internal_weight=437.633 341.783 95.8502 195.803 117.01 145.98 54.2307 41.6195 78.793 67.8462 122.143 93.4794 40.2013 70.4301
internal_count=18383 17375 1008 15180 12751 2195 639 369 2429 2212 1970 1597 532 11090
is_linear=0
shrinkage=0.04


Tree=49
num_leaves=15
num_cat=0
split_feature=8 3 1 8 3 4 5 7 0 3 8 1 3 8
split_gain=28.6772 12.5058 10.7338 6.42239 4.10112 2.71308 2.2821 2.00547 2.16583 1.91838 1.6046 1.8295 1.60302 1.52567
threshold=0.68356719613075267 0.029254760593175892 0.75000000000000011 1.5477371811866762 0.010695495177060367 1.0000000180025095e-35 1.0000000180025095e-35 0.69785863161087047 0.75000000000000011 0.031299686059355743 0.70628839731216442 0.012739370577037336 0.0069204948376864204 0.8892553746700288
decision_type=2 2 2 2 2 2 2 2 2 2 2 2 2 2
left_child=1 4 3 7 6 -3 -1 12 10 -7 11 -9 -2 -10
right_child=2 5 -4 -5 -6 9 -8 8 13 -11 -12 -13 -14 -15
leaf_value=-0.026350985181760201 -0.050340043994404907 0.0008351177748174085 0.040650627661392782 0.020306876239992496 -0.009834523788017524 0.0093138815615981582 -0.0078376260007970554 0.027731758976280933 0.044109552952493455 0.034073581009237922 0.00066151718584945109 -0.063036681293567154 0.021508434352545541 0.0048106555697504921
leaf_weight=48.597932256408967 0.51862678211182256 30.366449506953359 18.403921398799866 50.874021366238594 131.81396112707444 12.001211022958161 13.644283074536359 0.49223759956657787 3.1073074266314498 8.5909607661887986 95.369912581518292 1.2770234020426867 11.831999804824589 3.2169527411460876
leaf_count=8419 16 375 138 497 6067 135 814 4 31 82 1551 39 161 22
internal_value=-0.000222331 -0.00919947 0.0116611 0.00846041 -0.0138304 0.00843552 -0.0222926 0.00325658 0.00143797 0.0196435 -3.8706e-05 -0.0377834 0.0184914 0.0241194
internal_weight=430.107 245.015 185.092 166.688 194.056 50.9586 62.2422 115.814 103.463 20.5922 97.1392 1.76926 12.3506 6.32426
internal_count=18351 15892 2459 2321 15300 592 9233 1824 1647 217 1594 43 177 53
is_linear=0
shrinkage=0.04


Tree=50
num_leaves=15
num_cat=0
split_feature=8 0 0 1 5 1 8 4 1 1 1 6 0 1
split_gain=23.4912 9.42259 7.91828 4.33782 3.97671 3.18598 2.90509 2.29815 2.25072 1.9061 1.67597 3.62939 2.38864 2.23499
threshold=0.68356719613075267 0.095454547554254546 0.11805555596947671 0.032795699313282974 1.0000000180025095e-35 0.75000000000000011 1.665262043476105 1.0000000180025095e-35 0.042572464793920524 0.29166667163372045 0.074175827205181136 1.0000000180025095e-35 0.10555555671453477 0.060661764815449722
decision_type=2 2 2 2 2 2 2 2 2 2 2 2 2 2
left_child=1 3 6 4 -1 9 10 -3 -8 -4 11 -2 -12 -13
right_child=2 7 5 -5 -6 -7 8 -9 -10 -11 12 13 -14 -15
leaf_value=-0.02539746072584519 -0.0085399378816732371 0.00075458518238661124 0.023632390545947311 -0.0072030781489722693 -0.0028877218958892133 0.040886388516851557 0.031860062577834122 0.017171026155788308 0.0023563552256578159 0.0058011872624461934 0.013041082571969067 0.012841264128306251 -0.043155912078092711 -0.025647683866878285
leaf_weight=51.852838594350033 38.787960626650602 43.094783181324601 34.047093485482037 113.8706348168198 16.570460652932525 13.112876479513941 10.934188794344665 19.964893564581871 6.6549723939970127 13.354019608348606 30.148870305158201 29.296143746003512 1.2607714738696802 2.6306841662153593
leaf_count=8974 798 668 339 5121 883 104 98 249 77 119 401 428 19 41
internal_value=0.000678716 -0.00737574 0.0116437 -0.0119861 -0.0199461 0.0234363 0.00568266 0.00595208 0.0206971 0.0186089 0.00309667 -0.000318437 0.0107854 0.00966988
internal_weight=425.581 245.354 180.228 182.294 68.4233 60.514 119.714 63.0597 17.5892 47.4011 102.124 70.7148 31.4096 31.9268
internal_count=18319 15895 2424 14978 9857 562 1862 917 175 458 1687 1267 420 469
is_linear=0
shrinkage=0.04


Tree=51
num_leaves=15
num_cat=0
split_feature=8 3 5 3 1 0 8 7 8 0 7 1 4 7
split_gain=21.0248 12.8415 4.61977 4.11109 2.86044 3.00427 2.54202 2.4379 2.35092 2.72554 2.29706 2.08432 3.3597 2.0184
threshold=0.80723297595977794 0.016001025214791301 1.0000000180025095e-35 0.031076864339411262 0.75000000000000011 0.41666667163372045 2.1711282730102544 0.78402599692344677 1.4770575761795046 0.75000000000000011 0.89101329445838939 0.41666667163372045 1.0000000180025095e-35 0.67651858925819408
decision_type=2 2 2 2 2 2 2 2 2 2 2 2 2 2
left_child=1 2 7 6 5 -3 10 13 9 -5 -2 -7 -13 -1
right_child=3 4 -4 8 -6 11 -8 -9 -10 -11 -12 12 -14 -15
leaf_value=-0.017048203004223203 0.0075421630568388498 -0.0020664133783687487 -0.00091386906039256539 -0.00068202709139987734 0.020747639604030796 0.019224159363339054 0.023969961561993811 -0.069977711254408118 0.036714724979388817 0.040199807235957855 -0.057978886633888102 -0.052780051455748087 0.037559273434942704 -0.0049195232384844547
leaf_weight=120.06095364282373 81.827200786210597 59.273667541798204 46.9509953095112 7.6597575917840022 16.987627187743783 20.656385277863595 16.690891647711396 1.2938841860741366 16.564271343871951 3.9572146702557802 0.86516280472278495 1.6966052427887908 1.0766572384163737 26.865827540867031
leaf_count=13096 1111 1077 1593 60 148 243 160 48 129 31 15 21 14 610
internal_value=-1.27774e-05 -0.00588233 -0.0118482 0.0135546 0.00579754 0.00272673 0.00973074 -0.0153119 0.0270395 0.013244 0.00685665 0.0148527 -0.0177078 -0.0148305
internal_weight=422.427 294.863 195.172 127.564 99.6909 82.7033 99.3833 148.221 28.1812 11.617 82.6924 23.4296 2.77326 146.927
internal_count=18356 16850 15347 1506 1503 1355 1286 13754 220 91 1126 278 35 13706
is_linear=0
shrinkage=0.04


Tree=52
num_leaves=15
num_cat=0
split_feature=8 1 0 0 8 4 5 1 1 7 1 5 7 7
split_gain=22.1044 10.3526 8.50555 3.9379 3.18053 2.89147 2.45254 2.17332 1.92386 1.83262 1.79182 3.12658 1.89347 3.05554
threshold=0.68356719613075267 0.060661764815449722 0.18333333730697635 0.18333333730697635 1.7452975511550906 1.0000000180025095e-35 1.0000000180025095e-35 0.75000000000000011 0.020204081200063232 0.67651858925819408 0.080128207802772536 1.0000000180025095e-35 0.70895385742187511 0.69785863161087047
decision_type=2 2 2 2 2 2 2 2 2 2 2 2 2 2
left_child=1 8 4 6 10 -5 7 -3 -1 -10 11 -2 13 -12
right_child=2 3 -4 5 -6 -7 -8 -9 9 -11 12 -13 -14 -15
leaf_value=-0.023575802096550764 -0.0054481412366760773 -0.009594163246096717 0.025646133293171038 0.0042638267992269581 0.021409183403211757 0.029914338464222204 0.011896693453188356 0.014819417498814283 -0.013566862798170432 0.039479926386997988 0.0050617678867333985 0.012128531331620373 0.013359824176043271 -0.084031001105658906
leaf_weight=40.66480858437717 56.013334378600121 64.237653405638412 44.488043897785246 24.630833374336362 17.263295697979629 9.8407724974676949 12.420614117756484 6.4169958140701047 77.220637780148536 1.0562702994793642 2.2415325064212079 22.777126183733344 32.143474731594324 0.84927773475646962
leaf_count=6409 1094 2349 424 294 169 115 243 63 6407 13 36 296 414 16
internal_value=-0.000212617 -0.00819782 0.0105306 0.000220811 0.00540864 0.0115864 -0.00449528 -0.00737687 -0.0165177 -0.012851 0.00298616 -0.000366992 0.0104844 -0.0194187
internal_weight=412.265 236.489 175.776 117.547 131.288 34.4716 83.0753 70.6546 118.942 78.2769 114.025 78.7905 35.2343 3.09081
internal_count=18342 15893 2449 3064 2025 409 2655 2412 12829 6420 1856 1390 466 52
is_linear=0
shrinkage=0.04


Tree=53
num_leaves=15
num_cat=0
split_feature=8 3 0 5 4 8 1 8 8 0 6 3 1 1
split_gain=20.4133 12.9552 3.87852 3.53791 3.36056 2.27549 2.2927 2.24567 2.1717 1.84356 3.77212 2.33503 2.02533 1.83105
threshold=0.80723297595977794 0.025984985753893856 0.22500000149011615 1.0000000180025095e-35 1.0000000180025095e-35 0.79064622521400463 0.069047622382640853 1.5477371811866762 1.7452975511550906 0.41666667163372045 1.0000000180025095e-35 0.031505834311246879 0.030776515603065494 0.054093567654490478
decision_type=2 2 2 2 2 2 2 2 2 2 2 2 2 2
left_child=1 3 8 5 9 6 -1 -4 -2 10 11 12 -3 -10
right_child=2 4 7 -5 -6 -7 -8 -9 13 -11 -12 -13 -14 -15
leaf_value=-0.017200430913753714 0.0062603528575072408 0.041231411765917415 0.014780876686793523 -0.00176140732981764 0.017987283991192128 -0.077757313271944434 -0.0069724887941642038 0.036427780377198175 0.035470033644454509 0.010365179323615224 0.011722504638081466 0.017939481678197811 -0.027573997773824119 0.010072944158177678
leaf_weight=105.76117750420235 71.69288538955152 0.72138725407421844 14.972710136324169 47.819949786528014 30.939880427904427 0.89534539263695379 52.460217408370227 15.716742301359771 8.3767225947231072 20.259370398707688 11.952082875184717 2.4928244762122622 13.385158051736651 9.9220317220315319
leaf_count=12144 1004 9 137 1648 386 33 1895 147 80 229 178 21 311 101
internal_value=-0.000213651 -0.00602315 0.0135873 -0.0113018 0.00767399 -0.0141691 -0.0138092 0.0258667 0.00939964 0.00113667 -0.00541164 -0.0177488 -0.0240554 0.0216991
internal_weight=407.368 286.687 120.681 206.937 79.7507 159.117 158.221 30.6895 89.9916 48.8108 28.5515 16.5994 14.1065 18.2988
internal_count=18323 16854 1469 15720 1134 14072 14039 284 1185 748 519 341 320 181
is_linear=0
shrinkage=0.04


Tree=54
num_leaves=15
num_cat=0
split_feature=3 7 7 1 4 5 1 3 3 6 0 5 7 0
split_gain=19.845 11.5095 4.0676 3.82736 2.83096 2.52213 2.25779 2.25529 2.20365 2.1715 5.08702 5.04143 1.81614 1.78599
threshold=0.025126799941062931 0.6899811625480653 0.68412163853645336 0.022474748082458976 1.0000000180025095e-35 1.0000000180025095e-35 0.18333333730697635 0.032010246068239219 0.031408419832587249 1.0000000180025095e-35 0.15476191043853763 1.0000000180025095e-35 0.65268862247467052 0.41666667163372045
decision_type=2 2 2 2 2 2 2 2 2 2 2 2 2 2
left_child=1 3 4 12 9 6 -3 -4 -6 10 -2 13 -1 -12
right_child=2 5 7 -5 8 -7 -8 -9 -10 -11 11 -13 -14 -15
leaf_value=-0.024879354095106936 -0.042761546903281385 -0.0022837632376316638 0.016012680962518143 -0.0092038403763757583 0.0085553189140219754 0.014436949122339152 0.019657046142775473 0.035415740585957804 0.034788988326332024 0.015409657403066412 -0.0086623357735295652 -0.09090751296803895 0.0063023315429493075 0.012119751601185358
leaf_weight=42.980729649425484 4.9771056757308534 64.294307369273156 53.41588543727994 122.77560934179928 16.862353605218235 27.818227274343371 8.4956796793267113 11.680733127519487 7.3591320114210239 10.496207607910035 10.79406703356654 0.92368673346936603 3.2119528753682962 17.09512906614691
leaf_count=7259 161 1220 552 7608 248 350 99 108 84 172 189 27 79 185
internal_value=-0.000271332 -0.00651882 0.0123344 -0.0128965 0.00553092 0.00419228 0.000277057 0.0194943 0.0165258 -0.00048252 -0.00541912 0.00103137 -0.0227112 0.00407638
internal_weight=403.181 269.577 133.604 168.968 68.5077 100.608 72.79 65.0966 24.2215 44.2862 33.79 28.8129 46.1927 27.8892
internal_count=18341 16615 1726 14946 1066 1669 1319 660 332 734 562 401 7338 374
is_linear=0
shrinkage=0.04


Tree=55
num_leaves=15
num_cat=0
split_feature=8 3 3 7 6 7 1 7 8 1 5 1 7 1
split_gain=18.3198 9.0833 4.3485 3.49359 3.37125 2.97659 2.56449 2.41839 2.25968 2.19787 2.20952 2.1483 1.78977 1.75433
threshold=0.80723297595977794 0.016261234879493717 0.031529305502772338 0.78402599692344677 1.0000000180025095e-35 0.65268862247467052 0.75000000000000011 0.71165418624877941 1.5523229837417605 0.0093898782506585139 1.0000000180025095e-35 0.074175827205181136 0.74701264500617992 0.010582306887954475
decision_type=2 2 2 2 2 2 2 2 2 2 2 2 2 2
left_child=1 3 8 4 5 11 12 13 -2 -6 -11 -1 -3 -7
right_child=2 6 -4 -5 9 7 -8 -9 -10 10 -12 -13 -14 -15
leaf_value=-0.021551343444244669 0.0052714362032376385 0.000550148140929488 0.031492850580706652 -0.075670098929780619 0.049453416263079517 -0.066519469745692575 0.019309491763627486 -0.013968994171698442 0.0173886099187824 -0.011127596093762805 0.0028656053832166097 -0.0087847216274384368 0.029590126537752514 0.014328167290506842
leaf_weight=61.624495862866752 61.139501665253192 70.11513961898163 17.956037518568337 1.2954201381653536 1.2545288512483228 0.44603211153298872 16.717812296003103 12.219612052664159 41.229791694320738 35.191546652698889 37.075289635453373 32.061435537878424 3.5684740319848052 11.539275158196686
leaf_count=11128 878 1222 159 51 12 22 153 329 458 1522 820 1293 42 201
internal_value=0.000261698 -0.00529524 0.0133364 -0.0102025 -0.00975948 -0.0139516 0.0051656 -0.00144718 0.0101517 -0.0030374 -0.00394862 -0.0171823 0.00195655 0.0113194
internal_weight=403.434 283.109 120.325 192.708 191.412 117.891 90.4014 24.2049 102.369 73.5214 72.2668 93.6859 73.6836 11.9853
internal_count=18290 16795 1495 15378 15327 12973 1417 552 1336 2354 2342 12421 1264 223
is_linear=0
shrinkage=0.04


Tree=56
num_leaves=15
num_cat=0
split_feature=7 1 1 6 9 3 4 3 1 1 1 1 1 1
split_gain=16.6649 8.72293 5.11148 2.9823 2.80854 2.79523 3.1833 2.23864 2.07374 1.94985 2.48177 1.91873 2.50747 1.91504
threshold=0.6899811625480653 0.10555555671453477 0.75000000000000011 1.0000000180025095e-35 0.83333334326744091 0.031299686059355743 1.0000000180025095e-35 0.031750030815601356 0.014185110572725536 0.074175827205181136 0.060661764815449722 0.048809524625539787 0.030776515603065494 0.0093025267124176043
decision_type=2 2 2 2 2 2 2 2 2 2 2 2 2 2
left_child=1 3 4 8 9 -3 7 -7 -1 10 11 12 -2 -5
right_child=2 5 -4 13 -6 6 -8 -9 -10 -11 -12 -13 -14 -15
leaf_value=-0.032212686224601883 0.0054493245585557973 -0.00122098139454913 0.031737712941860716 0.055735971986094035 0.020896932933588949 0.026839940016869606 0.03535502414720109 -0.0067815738620672517 -0.014890122996514113 0.011093055391439963 -0.023351407056228436 0.020473701053660892 -0.012877134288374802 -0.0065858812008848903
leaf_weight=12.793035928276366 44.983638982288539 60.87759564537555 14.996513211634008 0.79986987914889951 20.675566326826811 4.6732557555660614 8.0909447222948074 9.8413524273782951 81.496370532200672 50.526046109385788 6.1735682077705851 8.884901544544844 16.264319057576358 57.484128686832264
leaf_count=2930 778 1427 130 6 202 41 93 95 9350 674 118 130 311 2079
internal_value=-0.000369426 -0.00715581 0.00948858 -0.0128436 0.0072266 0.00323916 0.0152505 0.00404352 -0.0172404 0.00499814 0.000962408 0.00310267 0.000582756 -0.0057306
internal_weight=398.561 236.057 162.505 152.573 147.508 83.4831 22.6056 14.5146 94.2894 126.832 76.3064 70.1329 61.248 58.284
internal_count=18364 16021 2343 14365 2213 1656 229 136 12280 2011 1337 1219 1089 2085
is_linear=0
shrinkage=0.04


Tree=57
num_leaves=15
num_cat=0
split_feature=8 3 0 5 8 3 4 1 1 7 7 7 1 3
split_gain=16.5215 7.93135 4.80868 2.52043 2.36135 1.9267 2.76602 1.98685 1.55349 1.53187 2.39637 1.49056 1.36269 2.46526
threshold=0.80723297595977794 0.014599314890801908 0.22500000149011615 1.0000000180025095e-35 1.5606634616851809 0.031299686059355743 1.0000000180025095e-35 0.014599318150430919 0.010362972505390646 0.78002032637596141 0.77961143851280224 0.72402209043502819 0.41666667163372045 0.032654680311679847
decision_type=2 2 2 2 2 2 2 2 2 2 2 2 2 2
left_child=1 3 -2 9 -4 7 12 -3 -5 10 -1 -9 -7 -14
right_child=2 5 4 8 -6 6 -8 11 -10 -11 -12 -13 13 -15
leaf_value=-0.015011152582763839 0.0074970543488546175 -0.086926098712751865 0.015281279354853856 -0.061137645913777829 0.038888546999743194 0.012480227656040234 0.028539120896869975 -0.0022332045158329596 -0.0024244880434684448 -0.054595098592565623 0.042354491635525057 0.013595534911746593 -0.030177775805212557 0.017871204009372577
leaf_weight=112.65577501087682 88.170537069905549 0.42697756085544725 13.951956996694209 0.73401042667683114 13.187003208324311 7.9479618035256863 9.5643502473831177 84.335765632335097 40.796119289472699 1.5389148676767934 1.1772954687476147 10.729744987562297 4.4061157330870628 2.7905508503317833
leaf_count=12808 1213 15 140 85 134 77 114 1952 1468 75 12 136 51 17
internal_value=-0.000694444 -0.00598894 0.0120289 -0.0119121 0.0267522 0.00174271 0.0116983 -0.000833342 -0.00346219 -0.0149538 -0.0144179 -0.000446665 0.00106283 -0.0115465
internal_weight=392.413 277.104 115.309 156.902 27.139 120.201 24.709 95.4925 41.5301 115.372 113.833 95.0655 15.1446 7.19667
internal_count=18297 16810 1487 14448 274 2362 259 2103 1553 12895 12820 2088 145 68
is_linear=0
shrinkage=0.04


Tree=58
num_leaves=15
num_cat=0
split_feature=3 8 8 8 6 1 8 8 1 1 1 8 1 6
split_gain=15.5554 8.66407 4.67471 2.47888 2.37177 1.96061 2.80002 1.77774 2.4859 1.44811 1.39874 2.07899 1.86507 1.28892
threshold=0.025126799941062931 0.80723297595977794 1.4770575761795046 0.7945058047771455 1.0000000180025095e-35 0.75000000000000011 1.4386643171310427 0.65196481347084057 0.022991543635725979 0.18333333730697635 0.012270400300621988 0.86578214168548595 0.060661764815449722 1.0000000180025095e-35
decision_type=2 2 2 2 2 2 2 2 2 2 2 2 2 2
left_child=1 3 5 7 9 6 -2 8 13 -3 -6 12 -12 -1
right_child=2 4 -4 -5 10 -7 -8 -9 -10 -11 11 -13 -14 -15
leaf_value=-0.025291080953768533 0.0047005145309319089 -0.0041819425467552671 0.024915322180437193 -0.080547971084529893 0.037337788450464086 0.019124941325239293 -0.076127511699702388 -0.0028171922227740393 -0.0092892203353343045 0.018803547575241469 0.050331664494815527 0.0059579503650565215 -0.010941390797259847 -0.010137614601135729
leaf_weight=29.480958031024784 86.07132236007601 30.459589031059295 27.880971589125693 0.81191765330731769 3.7368966788053539 16.432506843004376 0.69124281033873458 38.45576139446348 111.05218271486228 5.1230364693328729 3.4069310938939479 21.301018291153014 1.0366890747100113 12.915387159446253
leaf_count=6757 1316 520 286 29 38 144 5 877 7244 62 41 295 22 691
internal_value=-0.000836933 -0.00654176 0.0103825 -0.0108027 0.00607896 0.006456 0.00405655 -0.0105076 -0.0124349 -0.000872589 0.0144691 0.0111497 0.0360368 -0.0206748
internal_weight=388.856 257.78 131.076 192.716 65.0642 103.195 86.7626 191.904 153.449 35.5826 29.4815 25.7446 4.44362 42.3963
internal_count=18327 16576 1751 15598 978 1465 1321 15569 14692 582 396 358 63 7448
is_linear=0
shrinkage=0.04


Tree=59
num_leaves=15
num_cat=0
split_feature=8 3 0 1 4 6 3 0 6 1 8 8 3 1
split_gain=15.6734 6.87348 4.99476 3.2477 2.14975 1.7551 1.69519 1.61454 1.82354 1.53417 1.51385 2.0569 1.79732 3.02818
threshold=0.68356719613075267 0.030186135321855549 0.080128207802772536 0.020204081200063232 1.0000000180025095e-35 1.0000000180025095e-35 0.031750030815601356 0.75000000000000011 1.0000000180025095e-35 0.41666667163372045 1.4826412200927737 2.5955792665481572 0.031253814697265632 0.18333333730697635
decision_type=2 2 2 2 2 2 2 2 2 2 2 2 2 2
left_child=1 3 5 -1 -3 -2 10 8 9 -5 12 -12 -4 -14
right_child=2 4 6 7 -6 -7 -8 -9 -10 -11 11 -13 13 -15
leaf_value=-0.020683756374876249 -0.00043495592217973069 0.00098260046080789589 0.012654220192149113 -0.012888303732931173 0.020478201095739626 0.010154513397930848 0.029058071512384948 0.023661609280951505 -0.0021697232794697639 0.0060344311802517092 0.026152314199707458 -0.036626296960466598 0.033138944505332772 -0.04005982823773907
leaf_weight=36.638182332797442 59.381843888666481 22.913587471470237 21.35455240029842 85.430350276990794 14.957004172727464 43.304523173719645 17.355632032733411 2.6301934458315364 54.811977556440979 7.4533627834171048 17.247264563106004 0.8775329515337934 1.3412494249641884 2.775458512827754
leaf_count=6421 1112 269 254 7229 167 659 181 33 1642 112 195 6 11 30
internal_value=-2.94211e-06 -0.00685737 0.00941488 -0.010005 0.0086824 0.0040308 0.0184855 -0.00740237 -0.00795556 -0.0113699 0.0142766 0.0231128 0.00798894 -0.0162112
internal_weight=388.473 224.835 163.638 186.964 37.8706 102.686 60.9517 150.326 147.696 92.8837 43.5961 18.1248 25.4713 4.11671
internal_count=18321 15873 2448 15437 436 1771 677 9016 8983 7341 496 201 295 41
is_linear=0
shrinkage=0.04


Tree=60
num_leaves=15
num_cat=0
split_feature=7 3 1 7 9 0 3 5 6 4 0 1 1 7
split_gain=15.4479 7.56129 5.57403 2.27987 2.3407 2.16319 1.99728 1.92484 1.84859 2.3984 2.6341 2.64476 1.77027 1.7054
threshold=0.68356719613075267 0.025126799941062931 0.41666667163372045 0.8892553746700288 0.5000000149011613 0.75000000000000011 0.031505834311246879 1.0000000180025095e-35 1.0000000180025095e-35 1.0000000180025095e-35 0.41666667163372045 0.030776515603065494 0.020204081200063232 0.69785863161087047
decision_type=2 2 2 2 2 2 2 2 2 2 2 2 2 2
left_child=1 7 3 5 -5 13 8 12 9 10 11 -3 -1 -2
right_child=2 6 -4 4 -6 -7 -8 -9 -10 -11 -12 -13 -14 -15
leaf_value=-0.023170322864960683 0.016552842197965351 0.023400782876743006 0.027391182600601593 0.0042643874153099086 0.02244919322857258 0.033301052246861931 0.015908800806995482 -0.0040146330335728234 0.015680366378320806 0.007094503480916772 0.0052508622925509152 -0.030742792276122546 -0.011760864490676653 -0.0007377608858644654
leaf_weight=28.501068253419362 10.300918978638945 1.6504447041079426 22.622343547642231 22.660225433297455 22.640800238586962 3.4957764632999888 17.144894800614566 36.864341121399775 9.6264374656602723 17.345283270813525 7.9121266808360806 11.511258031241594 91.974492372188251 80.085674276109785
leaf_count=5870 165 34 234 324 258 36 177 1482 159 249 116 307 7555 1416
internal_value=-0.000428397 -0.0072666 0.00897614 0.00598303 0.0133529 0.00242685 0.00418828 -0.0120127 5.85299e-06 -0.00392161 -0.0129887 -0.0239533 -0.01446 0.00123276
internal_weight=384.336 222.53 161.806 139.183 45.301 93.8824 65.1904 157.34 48.0456 38.4191 21.0738 13.1617 120.476 90.3866
internal_count=18382 15949 2433 2199 582 1617 1042 14907 865 706 457 341 13425 1581
is_linear=0
shrinkage=0.04


Tree=61
num_leaves=15
num_cat=0
split_feature=3 7 6 1 9 3 1 9 1 1 0 1 4 3
split_gain=13.4496 9.17308 3.32533 2.65943 2.48815 1.77056 1.86878 1.71214 2.62043 2.33336 1.58899 1.55157 1.47581 2.07495
threshold=0.030091284774243835 0.65196481347084057 1.0000000180025095e-35 0.022474748082458976 0.5000000149011613 0.015749010257422928 0.0091326101683080214 0.83333334326744091 0.069047622382640853 0.18333333730697635 0.18333333730697635 0.010362972505390646 1.0000000180025095e-35 0.032010246068239219
decision_type=2 2 2 2 2 2 2 2 2 2 2 2 2 2
left_child=1 2 3 -1 12 6 -4 -3 -9 -10 -6 -8 -2 -14
right_child=4 7 5 -5 10 -7 11 8 9 -11 -12 -13 13 -15
leaf_value=-0.024609284319431071 0.0043817163591379892 0.0030218915647972134 0.057718590411083424 -0.010233997404714376 0.0069721544629908752 0.015709920765682072 -0.052591388060331264 0.031614749333665405 -0.023164711043438584 0.055466465593602771 0.032189382509231534 -0.0046190235141393508 0.011570852833166919 0.03905460038115198
leaf_weight=27.043565117171966 30.318459985777736 114.93782190885395 0.75661172159016032 86.297753956343513 5.2372423503547934 7.7233010940253726 1.1006370726972807 8.2359379995614272 3.1630432391539212 0.74629419483244408 16.896605467423797 54.166764555498958 21.174882402643565 5.5464233742095521
leaf_count=6575 368 2034 4 6479 50 136 135 88 41 10 173 1917 220 82
internal_value=0.00015374 -0.00366879 -0.00955325 -0.013664 0.0148393 -0.00224446 -0.0047196 0.00453113 0.0188139 -0.00815399 0.0262226 -0.00557438 0.0104221 0.0172755
internal_weight=383.345 304.172 177.089 113.341 79.1736 63.7473 56.024 127.083 12.1453 3.90934 22.1338 55.2674 57.0398 26.7213
internal_count=18312 17419 15246 13054 893 2192 2056 2173 139 51 223 2052 670 302
is_linear=0
shrinkage=0.04


Tree=62
num_leaves=15
num_cat=0
split_feature=7 1 1 8 7 7 8 6 0 1 0 7 1 7
split_gain=14.2206 5.98355 5.90697 3.15189 2.23167 2.03947 2.08894 1.93874 2.46272 2.07385 1.8846 1.80344 1.95794 1.7844
threshold=0.65196481347084057 0.75000000000000011 0.10555555671453477 1.5477371811866762 0.72491174936294567 0.89101329445838939 1.502380967140198 1.0000000180025095e-35 0.41666667163372045 0.0093025267124176043 0.75000000000000011 0.79739290475845348 0.095454547554254546 0.81831201910972606
decision_type=2 2 2 2 2 2 2 2 2 2 2 2 2 2
left_child=2 3 7 5 -3 6 10 8 -1 -9 -2 -8 -13 -5
right_child=1 4 -4 13 -6 -7 11 9 -10 -11 -12 12 -14 -15
leaf_value=-0.016842948885938062 0.0041759095366237604 -0.02612777583023717 0.0029270349856887461 -0.0027370672222538552 0.040916242815755989 -0.074021928076218754 0.015965810768847781 0.057337557001473576 0.0086225770098700954 -0.0060741771720251008 0.027631957771931975 -0.076755178564797952 -0.0092126044315540383 0.020746934961019769
leaf_weight=76.289950741513167 100.58510187361389 0.85277932789176603 76.145524843130261 6.1177489645779124 11.600585791282354 0.53331962786614795 1.2427316177636378 0.83810329437255759 6.6019998034462324 53.582500259624794 5.7964407391846171 1.3383793085813525 1.4102783445268867 33.661517989821732
leaf_count=12040 1842 13 1575 74 119 14 15 4 98 2012 56 30 19 407
internal_value=0.000786755 0.00967792 -0.00600847 0.00747566 0.0363252 0.004011 0.00438806 -0.0109636 -0.0148147 -0.00509761 0.00545397 -0.0240214 -0.0421005 0.0171353
internal_weight=376.597 163.139 213.458 150.686 12.4534 110.906 110.373 137.313 82.892 54.4206 106.382 3.99139 2.74866 39.7793
internal_count=18318 2589 15729 2457 132 1976 1962 14154 12138 2016 1898 64 49 481
is_linear=0
shrinkage=0.04


Tree=63
num_leaves=15
num_cat=0
split_feature=8 0 4 1 7 7 1 5 7 0 7 0 8 1
split_gain=14.1114 6.37782 2.77357 2.63746 2.61934 2.40878 1.8443 3.13932 1.77656 1.68766 1.67715 1.5731 1.42465 1.28472
threshold=0.87403500080108654 0.080128207802772536 1.0000000180025095e-35 0.75000000000000011 0.8624648153781892 0.6899811625480653 0.064583335071802153 1.0000000180025095e-35 0.76530236005783092 0.22500000149011615 0.68412163853645336 0.75000000000000011 2.2606446743011479 0.057189542800188072
decision_type=2 2 2 2 2 2 2 2 2 2 2 2 2 2
left_child=1 4 10 9 5 6 7 13 -5 -2 -3 -4 -11 -1
right_child=3 2 11 8 -6 -7 -8 -9 -10 12 -12 -13 -14 -15
leaf_value=-0.016526944385120743 0.008086904408447922 -0.0040278335313308124 0.011737059295910823 0.0050183710056347988 -0.072305938166794786 0.00044482669862523888 -0.0045504916968616606 -0.0023490853480690223 0.042799962799762885 0.016592656434878939 0.014401052261892026 0.041070923913378153 0.045627385328858398 -0.03813360410393498
leaf_weight=67.155061482510064 64.9059843942523 40.815256784204394 25.119857981801037 2.7188238445669395 1.015577109530567 43.442116924095899 58.839709647931159 28.984395462437533 7.4417807329446077 14.802718127146365 9.7979667242616397 3.3105695080012074 3.30821225978434 4.7119751143036401
leaf_count=11126 885 723 345 19 28 931 2188 1299 80 152 120 43 40 332
internal_value=-4.88606e-05 -0.00449162 0.00515545 0.0134539 -0.00822683 -0.00790646 -0.0101783 -0.0134618 0.0326902 0.0110995 -0.000460276 0.0151528 0.0218963 -0.0179436
internal_weight=376.37 283.192 79.0437 93.1775 204.149 203.133 159.691 100.851 10.1606 83.0169 50.6132 28.4304 18.1109 71.867
internal_count=18311 17135 1231 1176 15904 15876 14945 12757 99 1077 843 388 192 11458
is_linear=0
shrinkage=0.04


Tree=64
num_leaves=15
num_cat=0
split_feature=3 7 9 4 1 7 5 3 1 1 4 9 7 7
split_gain=10.0946 6.52543 3.68354 2.83634 2.72661 2.33333 1.97573 1.92015 1.69575 1.64814 1.93637 1.47701 1.47996 1.35168
threshold=0.025126799941062931 0.6899811625480653 0.5000000149011613 1.0000000180025095e-35 0.025320513173937801 0.69093462824821483 1.0000000180025095e-35 0.032010246068239219 0.022991543635725979 0.11805555596947671 1.0000000180025095e-35 0.83333334326744091 0.87680101394653331 0.82689639925956737
decision_type=2 2 2 2 2 2 2 2 2 2 2 2 2 2
left_child=1 4 3 8 -1 -3 9 -5 -2 10 -7 12 -12 -8
right_child=2 5 -4 7 -6 6 13 -9 -10 -11 11 -13 -14 -15
leaf_value=-0.017633327141656954 0.042606377444457902 0.063908702708395063 0.022131234152276393 0.010812724676181022 -0.0060206310207918451 -0.00080183150823678873 0.0040467523188709564 0.037802900725574358 -0.0011518323248476199 0.01289286788408337 -0.048528597590928549 0.032761950851170285 -0.0038210041178760494 0.022277091767307463
leaf_weight=46.046724764222745 1.4557192064821709 1.0246361978352059 28.973259070888162 31.023871463723481 108.75936307816301 49.125064060091972 13.96515058260411 4.8808969599194816 53.246002386324108 12.175952893681822 3.2803004067391148 0.62460583634674538 1.8544280715286729 12.185385129414499
leaf_count=8237 15 7 331 411 6656 1002 198 78 881 177 104 8 36 151
internal_value=0.000163712 -0.00442305 0.00971629 0.00574636 -0.0094748 0.00387575 0.00321583 0.0144818 1.26587e-05 -0.000420784 -0.00337438 -0.0253173 -0.0323823 0.0125416
internal_weight=368.621 249.042 119.58 90.6065 154.806 94.2355 93.2109 35.9048 54.7017 67.0604 54.8844 5.75933 5.13473 26.1505
internal_count=18292 16576 1716 1385 14893 1683 1676 489 896 1327 1150 148 140 349
is_linear=0
shrinkage=0.04


Tree=65
num_leaves=15
num_cat=0
split_feature=8 3 3 7 1 7 3 8 8 8 1 7 6 1
split_gain=10.8182 4.53939 3.51045 2.43279 2.24925 1.81946 1.81059 2.5362 1.88788 1.59859 1.53786 1.48086 1.42935 1.38524
threshold=0.76598063111305248 0.029254760593175892 0.031076864339411262 0.74512207508087169 0.015504807699471714 0.67651858925819408 0.030816650018095974 0.76634052395820629 1.7452975511550906 2.5955792665481572 0.75000000000000011 0.66967597603797924 1.0000000180025095e-35 0.22500000149011615
decision_type=2 2 2 2 2 2 2 2 2 2 2 2 2 2
left_child=1 3 6 4 -1 11 7 -2 10 -10 -9 12 13 -6
right_child=2 -3 -4 -5 5 -7 -8 8 9 -11 -12 -13 -14 -15
leaf_value=-0.018139233223918944 0.062258987352184464 0.0058988121697818629 0.024561596636387496 -0.053399927921165151 -0.011762298559352598 0.0043090915876351551 -0.026786332837285695 0.0035641671264327992 0.023675280204026334 -0.029365552723520528 0.040055843980979652 -0.061983537131386893 -0.0014776913797029851 0.0020160361003164228
leaf_weight=24.840222318947781 1.3446099497377861 52.628045235294849 21.913523627910763 1.8154300306923676 78.917448533931747 26.821089813485742 2.4979997174814335 75.976605588104576 13.611247620545324 0.97422416880726892 1.8938308581709851 0.7802469301968803 52.805736404377967 13.701920711901037
leaf_count=4123 19 689 231 76 9120 493 28 1259 165 7 15 36 1729 300
internal_value=0.000126302 -0.00455205 0.0101117 -0.00730647 -0.00688357 -0.00526767 0.00682353 0.00771859 0.0069254 0.0201325 0.00445165 -0.0070245 -0.00672963 -0.00972396
internal_weight=370.522 252.31 118.212 199.682 197.867 173.026 96.2985 93.8005 92.4559 14.5855 77.8704 146.205 145.425 92.6194
internal_count=18290 16566 1724 15877 15801 11678 1493 1465 1446 172 1274 11185 11149 9420
is_linear=0
shrinkage=0.04


Tree=66
num_leaves=15
num_cat=0
split_feature=3 7 7 8 5 3 8 1 1 7 0 8 3 3
split_gain=9.8709 6.94642 3.27752 2.55232 2.04368 3.05232 1.44673 1.66022 1.37645 1.10937 1.07987 1.76605 1.46342 5.50441
threshold=0.030091284774243835 0.65196481347084057 0.85176765918731701 2.1711282730102544 1.0000000180025095e-35 0.012121655046939852 1.5606634616851809 0.75000000000000011 0.75000000000000011 0.65952381491661083 0.75000000000000011 0.69696003198623668 0.030816650018095974 0.031039469875395301
decision_type=2 2 2 2 2 2 2 2 2 2 2 2 2 2
left_child=1 4 10 8 5 -1 7 -4 9 -3 12 -12 -2 -14
right_child=2 3 6 -5 -6 -7 -8 -9 -10 -11 11 -13 13 -15
leaf_value=-0.018597162892764214 0.015738017600003838 0.041031921612538727 0.001843154542959715 0.024062367058684891 -0.00023891719377290601 -0.0059434125378188445 0.038664410273091296 0.046102268274961923 0.041936080189974627 0.0016578685934333886 0.011140533423495769 0.046451798160980044 -0.045996527418332774 0.0070736207812523233
leaf_weight=48.581099861068651 15.480647784657775 1.1567849623970676 4.7268406953662661 9.5642069485038501 39.208592565846629 81.954884859384038 9.9453905681148154 1.9016122817993162 1.4023426100611676 111.66090082097799 10.432950937654821 2.8950412617996326 3.5703286603093174 25.184194072149694
leaf_count=10111 192 23 57 119 1527 3609 128 17 13 2042 118 37 54 289
internal_value=0.000301301 -0.00299255 0.0133426 0.00421322 -0.00824727 -0.0106527 0.0290164 0.0145405 0.00255115 0.00206159 0.00882967 0.0188107 0.00582241 0.000484123
internal_weight=367.666 293.529 74.137 123.784 169.745 130.536 16.5738 6.62845 114.22 112.818 57.5632 13.328 44.2352 28.7545
internal_count=18336 17444 892 2197 15247 13720 202 74 2078 2065 690 155 535 343
is_linear=0
shrinkage=0.04


Tree=67
num_leaves=15
num_cat=0
split_feature=8 0 0 6 1 1 1 4 8 1 6 5 1 8
split_gain=11.4529 5.47114 3.00593 2.55501 2.68749 2.39549 2.12802 1.83404 1.7607 1.69817 1.66373 3.23313 1.64545 1.59692
threshold=0.87403500080108654 0.11805555596947671 0.22500000149011615 1.0000000180025095e-35 0.0093898782506585139 0.015268065501004459 0.010256679728627207 1.0000000180025095e-35 1.5606634616851809 0.75000000000000011 1.0000000180025095e-35 1.0000000180025095e-35 0.046536797657608993 0.85966771841049205
decision_type=2 2 2 2 2 2 2 2 2 2 2 2 2 2
left_child=1 3 9 5 -5 -1 -6 10 -4 -2 11 -3 -9 -7
right_child=2 7 8 4 6 13 -8 12 -10 -11 -12 -13 -14 -15
leaf_value=-0.025674950062429536 0.0060612040457252402 -0.0012079419697566586 0.013840506606422482 0.050812536453803826 -0.056521141699838115 -0.0088910474580158362 -0.0023428556051155892 -0.03354795557126488 0.037003761108788252 0.032080861632756412 0.014681105383257082 -0.070436917799949261 0.018086370382460141 -0.070240649297638097
leaf_weight=16.247763540886808 63.107963513582945 31.81650382746011 10.859815953299405 1.5040711229667056 1.1782245053909708 113.36517422454199 74.854200431145728 1.0408669826574648 10.165441758930681 4.2858283426612607 10.572465455159543 1.1172668100334693 19.25096080917865 0.68294728081673284
leaf_count=3597 886 508 118 14 144 10037 2362 25 131 40 162 38 270 21
internal_value=-0.000668776 -0.00473901 0.0118353 -0.00788428 -0.00213501 -0.0113055 -0.00318242 0.00550718 0.0250396 0.00771589 0.000875418 -0.00355651 0.0154378 -0.00925842
internal_weight=360.049 271.63 88.419 207.832 77.5365 130.296 76.0324 63.7981 21.0253 67.3938 43.5062 32.9338 20.2918 114.048
internal_count=18353 17178 1175 16175 2520 13655 2506 1003 249 926 708 546 295 10058
is_linear=0
shrinkage=0.04


Tree=68
num_leaves=15
num_cat=0
split_feature=8 3 1 7 4 7 0 3 1 6 1 7 7 7
split_gain=11.2491 5.97871 3.17497 2.51365 1.75524 2.24043 2.19476 3.02047 2.34755 1.41863 2.3253 2.04005 1.62265 1.68669
threshold=0.80723297595977794 0.01550481002777815 0.41666667163372045 0.7945058047771455 1.0000000180025095e-35 0.72402209043502819 0.18333333730697635 0.029908834956586364 0.13392857462167743 1.0000000180025095e-35 0.0093898782506585139 0.65268862247467052 0.73620402812957775 0.76598063111305248
decision_type=2 2 2 2 2 2 2 2 2 2 2 2 2 2
left_child=1 3 -2 9 5 -3 -6 -8 -9 11 -11 -1 -13 -14
right_child=2 4 -4 -5 6 -7 7 8 -10 10 -12 12 13 -15
leaf_value=-0.015246325497118983 0.0079729276411254282 -0.0032602806966453902 0.026985272855485399 -0.081846105334266256 0.0028286223933596736 0.02312633329211811 -0.03218583569648141 0.068129268944372365 0.021622217267320522 0.049868630627826448 -0.0054399489781310883 0.0045152560150088358 -0.069012034230045829 -0.0096173314408110819
leaf_weight=72.815099830448162 89.035518868360668 55.00333255995065 16.687677476555109 0.75971392635255952 22.546873482875526 5.6802351325750342 1.3964339122176159 2.1211941596120587 9.5776945827528817 1.239691303577273 64.250390396919101 16.844525735359642 0.97760943975299497 3.517522098030895
leaf_count=12233 1322 1065 181 28 401 70 26 13 142 12 2321 372 62 118
internal_value=-7.19689e-06 -0.00452928 0.0109739 -0.00925958 0.00334775 -0.000790384 0.0103932 0.0234176 0.0300547 -0.00891415 -0.00439299 -0.0120589 -0.00118271 -0.0225346
internal_weight=362.454 256.73 105.723 160.405 96.3258 60.6836 35.6422 13.0953 11.6989 159.645 65.4901 94.1548 21.3397 4.49513
internal_count=18366 16863 1503 15146 1717 1135 582 181 155 15118 2333 12785 552 180
is_linear=0
shrinkage=0.04


Tree=69
num_leaves=15
num_cat=0
split_feature=7 1 3 8 6 7 7 1 1 3 1 7 1 5
split_gain=10.4101 5.12411 4.80599 2.5988 2.4594 1.97678 1.52731 1.49886 1.2304 1.22437 2.09897 2.11652 1.14596 1.09534
threshold=0.65196481347084057 0.75000000000000011 0.016001025214791301 1.665262043476105 1.0000000180025095e-35 0.89101329445838939 0.85176765918731701 0.0091326101683080214 0.75000000000000011 0.011696309782564642 0.030776515603065494 0.83820387721061718 0.016807910054922107 1.0000000180025095e-35
decision_type=2 2 2 2 2 2 2 2 2 2 2 2 2 2
left_child=2 3 4 5 12 9 -3 -6 -4 10 13 -12 -1 -2
right_child=1 6 8 -5 7 -7 -8 -9 -10 -11 11 -13 -14 -15
leaf_value=-0.02455499427978533 -0.0009943396726140156 0.021048072837109928 0.0010332842812757208 0.018570555516045174 0.050943327720112397 -0.074722589581487656 0.049432767585597691 -0.0039378908391537607 0.015428717792793074 0.0075988836723083052 -0.0089145323744348453 -0.062157190176957998 -0.011914657255634644 0.013965467845589186
leaf_weight=13.977582337858619 31.108185237739235 7.0930867143906635 56.963565177749842 23.612671281211078 0.80810995772480865 0.50707582384347816 5.2988769821822643 54.121001155115664 11.401229497045277 75.426980919204652 5.0709467856213442 1.5627507073804734 64.107420135638677 10.465506269596515
leaf_count=4210 676 81 1132 279 5 15 58 2064 116 1196 121 47 8164 155
internal_value=0.000867606 0.00847906 -0.00518538 0.00640695 -0.00961546 0.00409334 0.0331855 -0.00313049 0.00343402 0.0044166 -0.000562522 -0.0214573 -0.0141773 0.00277155
internal_weight=361.525 160.146 201.379 147.754 133.014 124.141 12.392 54.9291 68.3648 123.634 48.2074 6.6337 78.085 41.5737
internal_count=18319 2628 15691 2489 14443 2210 139 2069 1248 2195 999 168 12374 831
is_linear=0
shrinkage=0.04


Tree=70
num_leaves=15
num_cat=0
split_feature=3 8 8 7 7 1 0 3 7 7 6 7 8 1
split_gain=12.727 6.85704 3.30162 2.46577 1.72085 1.56826 1.48535 1.42981 1.29723 1.92001 1.29497 1.26665 1.23956 1.38513
threshold=0.030292679555714134 0.72384655475616466 1.6190779209136965 0.71407991647720348 0.70895385742187511 0.013423423748463394 0.10555555671453477 0.031505834311246879 0.69785863161087047 0.72326120734214794 1.0000000180025095e-35 0.72450456023216259 2.1711282730102544 0.080128207802772536
decision_type=2 2 2 2 2 2 2 2 2 2 2 2 2 2
left_child=1 3 6 4 5 -1 -2 -8 -3 -10 -9 -11 -13 -14
right_child=2 8 -4 -5 -6 -7 7 10 9 11 -12 12 13 -15
leaf_value=-0.020848040286252846 0.039020218875910409 0.05481511762170093 0.034914865089854634 -0.052335223836074224 0.042001821324563253 -0.0071266459540937641 0.0033927553226889961 0.019625356994900284 -0.060802912955411313 0.047090643011915061 -0.010433328767341789 0.0026390554722121968 0.027272092023951922 -0.0058105573424928501
leaf_weight=14.465588859398848 2.9586003134027115 0.81494681630283494 11.612833919934927 2.0206673722714177 1.0987555971369136 169.36531638237648 26.605077675543725 23.051197909750048 0.72304425947368045 1.1108028879389156 2.5465308148413888 88.396833804436028 6.9471873324364406 2.8579640425741673
leaf_count=2905 16 10 144 72 17 12817 355 279 18 11 33 1558 87 37
internal_value=-0.000203172 -0.00385346 0.0155298 -0.00838826 -0.00790807 -0.00820638 0.0114487 0.00988613 0.00455285 0.00414339 0.016635 0.00461623 0.00413578 0.0176293
internal_weight=354.575 287.801 66.7742 186.95 184.93 183.831 55.1614 52.2028 100.851 100.036 25.5977 99.3128 98.202 9.80515
internal_count=18359 17532 827 15811 15739 15722 683 667 1721 1711 312 1693 1682 124
is_linear=0
shrinkage=0.04


Tree=71
num_leaves=15
num_cat=0
split_feature=8 3 1 7 7 8 0 7 3 6 3 4 3 7
split_gain=9.71256 4.74584 2.46388 1.83368 1.53651 1.3357 1.51568 1.31424 1.54944 1.4945 1.60531 1.39938 2.01207 1.34218
threshold=0.80723297595977794 0.014599314890801908 0.75000000000000011 0.85176765918731701 0.79064622521400463 2.2606446743011479 0.22500000149011615 0.72402209043502819 0.031408419832587249 1.0000000180025095e-35 0.031253814697265632 1.0000000180025095e-35 0.032010246068239219 0.78721171617507946
decision_type=2 2 2 2 2 2 2 2 2 2 2 2 2 2
left_child=1 4 5 -4 -1 -2 -7 8 9 -3 -11 12 -10 -9
right_child=2 7 3 -5 -6 6 -8 13 11 10 -12 -13 -14 -15
leaf_value=-0.0093044343968890462 0.0061127026349078887 -0.005105371395532167 0.01179024082227279 0.047212068479564703 -0.07687994614595374 0.012355288900788694 0.045064422518814255 0.01867089896878937 0.019659233645208805 0.01095410102217494 -0.058220128407376559 0.027401950638598772 -0.011008167450044999 -0.035993928581100371
leaf_weight=139.17316083156038 79.929054421838373 63.698553005931899 4.6628601085394603 4.6904476303607225 0.54045577580109139 9.4349397420883161 2.9834266109392038 10.067956900224086 6.4892151933163422 15.482572874752805 0.55605002865195352 5.4728433322161427 7.2443490708246827 0.77388486568816084
leaf_count=14503 1218 1649 51 56 28 123 40 137 62 301 8 90 68 13
internal_value=-0.00042859 -0.00467554 0.00999032 0.0295534 -0.00956584 0.00800889 0.0202134 0.00154788 9.91693e-05 -0.0023575 0.00855587 0.0102983 0.00348242 0.014769
internal_weight=351.2 249.499 101.701 9.35331 139.714 92.3474 12.4184 109.785 98.9436 79.7372 16.0386 19.2064 13.7336 10.8418
internal_count=18347 16859 1488 107 14531 1381 163 2328 2178 1958 309 220 130 150
is_linear=0
shrinkage=0.04


Tree=72
num_leaves=15
num_cat=0
split_feature=8 3 6 1 7 7 1 1 5 7 7 7 1 1
split_gain=8.28887 4.86727 2.52043 2.44618 2.32239 1.86252 1.82181 1.82304 1.37919 1.48563 1.36228 1.73495 1.44066 1.49236
threshold=0.87403500080108654 0.01550481002777815 1.0000000180025095e-35 0.75000000000000011 0.81913942098617565 0.85073077678680431 0.0093898782506585139 0.010256679728627207 1.0000000180025095e-35 0.73519253730773937 0.65268862247467052 0.71050539612770092 0.087121214717626586 0.074175827205181136
decision_type=2 2 2 2 2 2 2 2 2 2 2 2 2 2
left_child=1 2 5 -2 6 10 -4 -8 9 -9 -1 12 13 -12
right_child=3 -3 4 -5 -6 -7 7 8 -10 -11 11 -13 -14 -15
leaf_value=-0.013549683989311225 0.009268506018822854 0.0041021588841398827 0.046778147803339859 0.032025230645631016 0.041304867517141804 -0.068773279184318137 -0.055694514641383787 -0.012195146240737991 0.0028818477695680363 0.015560544432332804 0.010248462169163782 -0.010766133310653687 -0.030885399270865234 0.064522060141183946
leaf_weight=69.976121898012934 77.153569783084095 101.48466541571543 1.1833217362873245 8.3783866539597494 2.0026962878182522 0.88875920884311099 1.0455751293338824 25.749215066898618 35.219312023837119 3.5055867461487642 7.9362443680875021 16.995238222647458 1.2017986997961987 0.90283723920583714
leaf_count=12214 1076 1812 11 98 29 36 141 1322 811 71 183 491 29 6
internal_value=0.000655543 -0.00280353 -0.00700998 0.0114977 -0.00113714 -0.0111315 -0.00241142 -0.00329981 -0.00245013 -0.0088692 -0.0106034 -0.00297764 0.0102052 0.0157921
internal_weight=353.623 268.091 166.607 85.532 68.7057 97.901 66.703 65.5197 64.4741 29.2548 97.0122 27.0361 10.0409 8.83908
internal_count=18330 17156 15344 1174 2385 12959 2356 2345 2204 1393 12923 709 218 189
is_linear=0
shrinkage=0.04


Tree=73
num_leaves=15
num_cat=0
split_feature=8 3 0 7 4 7 7 7 7 1 8 1 3 3
split_gain=7.30458 4.30209 3.59965 2.51282 1.58081 1.82778 1.29156 1.4733 1.36952 1.30783 1.22963 1.2162 1.21437 1.18773
threshold=0.87403500080108654 0.029491504654288295 0.22500000149011615 0.8624648153781892 1.0000000180025095e-35 0.69696003198623668 0.65196481347084057 0.66230651736259472 0.67651858925819408 0.022474748082458976 2.2606446743011479 0.13392857462167743 0.031890055164694793 0.025126799941062931
decision_type=2 2 2 2 2 2 2 2 2 2 2 2 2 2
left_child=1 3 -2 6 5 -3 9 -8 -9 13 -4 -6 -13 -1
right_child=2 4 10 -5 11 -7 7 8 -10 -11 -12 12 -14 -15
leaf_value=-0.014740659838920296 0.0062782556861213845 -0.0028553482712227406 0.021493937584326571 -0.070580363433580262 0.040480722713109075 0.025471307452160752 0.028731050113661026 -0.03808117720039194 -0.00027695334192992023 -0.0050537521317972267 0.048397768910038622 0.0074493847752328604 0.033473994501055961 0.047120030757339608
leaf_weight=34.365482396446168 64.782075536437333 25.497887844219807 14.891601616516711 0.94336330331861873 2.6767014451324966 4.2524588182568541 2.7294918191619209 1.5803179978393007 51.464412015862763 120.91311930248048 3.32500644493848 17.099585541523997 3.4471351429820052 0.50388303771614928
leaf_count=7272 923 350 194 33 25 57 33 71 1155 7891 51 198 75 8
internal_value=0.000338245 -0.00289991 0.0106956 -0.00544229 0.00729863 0.00119361 -0.00515183 7.14946e-05 -0.00140322 -0.00702192 0.0264046 0.0151195 0.0118155 -0.0138467
internal_weight=348.473 265.474 82.9987 212.5 52.9738 29.7503 211.557 55.7742 53.0447 155.782 18.2166 23.2234 20.5467 34.8694
internal_count=18336 17168 1168 16463 705 407 16430 1259 1226 15171 245 298 273 7280
is_linear=0
shrinkage=0.04


Tree=74
num_leaves=15
num_cat=0
split_feature=7 0 3 4 6 3 3 3 3 1 0 5 3 1
split_gain=7.85112 3.87771 3.63545 2.27588 1.59547 1.59047 1.42041 1.5047 1.92741 1.9055 1.58513 1.40302 1.39013 1.30484
threshold=0.65196481347084057 0.18333333730697635 0.029254760593175892 1.0000000180025095e-35 1.0000000180025095e-35 0.012121655046939852 0.031299686059355743 0.030816650018095974 0.030650475062429908 0.75000000000000011 0.29166667163372045 1.0000000180025095e-35 0.029794779606163505 0.0091326101683080214
decision_type=2 2 2 2 2 2 2 2 2 2 2 2 2 2
left_child=2 11 4 -4 5 -1 7 8 -5 10 -9 -2 -3 -6
right_child=1 12 3 6 13 -7 -8 9 -10 -11 -12 -13 -14 -15
leaf_value=-0.017891951439576725 0.0010768950782798934 0.002541407222470162 -0.0024739893572302491 0.0059418096219595786 0.049704969328890125 -0.007317144395640152 0.033373159246729414 -0.073889845342305957 0.050188567760732578 0.033222721493825193 0.0068076770043431012 0.01107788676949387 0.023764806791852947 -0.0035511855755113036
leaf_weight=36.623242303583538 89.993880567140877 6.1810105117037919 25.574523289687932 6.9216040093451756 0.74601947329938312 60.100251114810817 5.4023988787084809 1.0349555006250732 2.0392667353153229 0.75230819731950749 0.62444409355521191 29.900891685858369 24.553083254722878 55.380970639176667
leaf_count=9931 1727 87 363 88 5 3087 81 20 11 6 10 442 349 2144
internal_value=-4.04233e-05 0.00682047 -0.00533473 0.00503597 -0.00820809 -0.0113212 0.0164854 0.00846306 0.0160112 -0.0195828 -0.0435228 0.00357107 0.0194965 -0.00284332
internal_weight=345.829 150.629 195.2 42.3495 152.85 96.7235 16.775 11.3726 8.96087 2.41171 1.6594 119.895 30.7341 56.127
internal_count=18351 2605 15746 579 15167 13018 216 135 99 36 30 2169 436 2149
is_linear=0
shrinkage=0.04


Tree=75
num_leaves=15
num_cat=0
split_feature=8 3 7 0 8 3 1 7 3 6 7 7 3 1
split_gain=9.86852 4.45093 2.27856 1.91571 2.19272 1.28947 1.28357 1.29606 1.77871 1.09355 1.68887 1.27855 1.12004 1.31965
threshold=0.87403500080108654 0.029491504654288295 0.86578214168548595 0.22500000149011615 1.5606634616851809 0.029561495408415798 0.013423423748463394 0.69696003198623668 0.0070672251749783763 1.0000000180025095e-35 0.85450997948646557 0.83555287122726452 0.014599314890801908 0.10555555671453477
decision_type=2 2 2 2 2 2 2 2 2 2 2 2 2 2
left_child=1 2 6 -2 -5 -3 7 -1 -9 11 12 -8 13 -11
right_child=3 5 -4 4 -6 -7 9 8 -10 10 -12 -13 -14 -15
leaf_value=-0.023197731446635471 0.0090061738247845212 0.046127041512219413 -0.06992366754518442 0.01021132105692215 0.037675899623818142 0.0060191310408191116 -0.006927101057265783 0.0097188824025191117 -0.062778162286818914 -0.0032168943601636984 0.063610185399576122 -0.061296068647566128 0.0090876045293170442 -0.052524974084997192
leaf_weight=12.445980715303451 63.893435413017869 1.3168850895017374 0.89315086510032315 9.5499079991132039 9.0670884931460005 49.17873356747441 120.06353915968793 4.4234681371599427 0.61701192799955595 54.830988811794668 0.64259596168994804 0.69605824258178373 12.886679944349451 0.88241861015558143
leaf_count=2909 902 10 30 115 138 702 11229 96 23 1878 3 30 259 40
internal_value=0.000249857 -0.00358959 -0.00617147 0.0122962 0.0235875 0.00706511 -0.00589704 -0.0162676 0.000844422 -0.00494261 -0.000935114 -0.00724048 -0.00153973 -0.00399786
internal_weight=341.388 258.878 208.382 82.5104 18.617 50.4956 207.489 17.4865 5.04048 190.002 69.2427 120.76 68.6001 55.7134
internal_count=18364 17209 16497 1155 253 712 16467 3028 119 13439 2180 11259 2177 1918
is_linear=0
shrinkage=0.04


Tree=76
num_leaves=15
num_cat=0
split_feature=7 0 8 0 4 1 0 1 6 8 1 1 8 1
split_gain=6.6444 3.67476 2.77806 1.92485 1.76148 2.89033 1.70425 1.61256 2.07166 1.48534 1.38484 1.35994 1.28193 1.08696
threshold=0.65196481347084057 0.18333333730697635 1.7084267735481264 0.18333333730697635 1.0000000180025095e-35 0.087121214717626586 0.15476191043853763 0.75000000000000011 1.0000000180025095e-35 1.7021593451499941 0.0091326101683080214 0.016261236742138866 1.5456029176712038 0.75000000000000011
decision_type=2 2 2 2 2 2 2 2 2 2 2 2 2 2
left_child=1 7 3 6 -3 -6 9 8 11 -2 -10 -1 -8 -4
right_child=2 4 13 -5 5 -7 12 -9 10 -11 -12 -13 -14 -15
leaf_value=-0.024413673408389968 0.0032772638297004827 0.0022278192299846752 0.016896802559557868 0.014831947306861751 -0.046943280515995466 0.031890478954017504 -0.048915866141747311 0.01257958475582549 0.054013288817599488 -0.062690075515598243 -0.0028156884961347151 -0.0099137574563791537 0.01864088508358186 0.044747302309228257
leaf_weight=11.853045212483265 102.11704874457791 27.937282684259117 17.523224816191945 23.434719892917201 0.8314920961856832 7.0814489787444472 1.7454760782420629 6.306265987455844 0.69438076764345069 0.54905553907155891 57.465923570794985 81.575218975776806 0.60525073669850815 2.571156980469822
leaf_count=3938 1957 442 231 345 19 105 32 66 4 14 2174 9002 9 42
internal_value=0.000265388 -0.00461445 0.00663005 0.00446649 0.0069466 0.0236066 0.00215342 -0.0072394 -0.00806389 0.00292447 -0.0021372 -0.0117533 -0.0315218 0.0204604
internal_weight=342.291 193.745 148.546 128.452 35.8502 7.91294 105.017 157.895 151.589 102.666 58.1603 93.4283 2.35073 20.0944
internal_count=18380 15750 2630 2357 566 124 2012 15184 15118 1971 2178 12940 41 273
is_linear=0
shrinkage=0.04


Tree=77
num_leaves=15
num_cat=0
split_feature=8 0 3 3 7 8 8 8 1 8 7 7 1 7
split_gain=8.49731 2.96517 2.7566 2.47813 1.8499 1.54094 1.42283 1.36677 1.90876 1.31245 1.0783 1.13754 1.00638 1.08326
threshold=0.6899811625480653 0.22500000149011615 0.029254760593175892 0.028923839330673221 0.68529570102691661 0.69038766622543346 1.3731684088706972 0.89101329445838939 0.75000000000000011 2.2931365966796879 0.67651858925819408 0.66967597603797924 0.060661764815449722 0.65268862247467052
decision_type=2 2 2 2 2 2 2 2 2 2 2 2 2 2
left_child=2 5 3 4 10 -2 7 8 -7 -3 11 12 13 -1
right_child=1 9 -4 -5 -6 6 -8 -9 -10 -11 -12 -13 -14 -15
leaf_value=-0.0099925132933013951 0.071186336155201632 0.017189864119763709 0.0040392905216293023 -0.056242321636704576 -0.058011144608850387 0.00020712314281498266 0.010356845382660532 -0.066097047834035014 0.034115238137095209 0.046751559685850895 0.014086503081462802 -0.048784214567658364 -0.0026631101670463015 0.021111466854322761
leaf_weight=92.937131528131431 0.56131470948457618 21.65658063674346 41.806428627576679 1.6516469381749619 1.1288956711068738 64.732313772663474 43.919979079626501 0.48059063963591953 2.7698760358616701 2.7028432334773234 3.9221684318035832 1.0430416231974948 56.900037937681191 1.8267258792184282
leaf_count=12709 4 316 604 51 37 1362 590 15 21 46 89 53 2374 39
internal_value=0.000126655 0.00781739 -0.00510292 -0.00750053 -0.00699023 0.00507689 0.00474527 0.00111994 0.0015985 0.0204699 -0.0066225 -0.00715439 -0.00686809 -0.00939293
internal_weight=338.04 136.823 201.216 159.41 157.758 112.464 111.903 67.9828 67.5022 24.3594 156.629 152.707 151.664 94.7639
internal_count=18310 2354 15956 15352 15301 1992 1988 1398 1383 362 15264 15175 15122 12748
is_linear=0
shrinkage=0.04


Tree=78
num_leaves=15
num_cat=0
split_feature=8 0 1 7 1 5 1 3 0 0 0 8 7 0
split_gain=6.90793 3.852 2.88443 2.24988 1.32011 1.23096 1.43963 1.29206 1.20462 2.21065 1.16873 1.43112 1.99142 1.37366
threshold=0.76598063111305248 0.18333333730697635 0.75000000000000011 0.74296158552169811 0.013986697886139156 1.0000000180025095e-35 0.014599318150430919 0.029689920134842399 0.064583335071802153 0.060661764815449722 0.087121214717626586 1.5606634616851809 0.78272947669029247 0.22500000149011615
decision_type=2 2 2 2 2 2 2 2 2 2 2 2 2 2
left_child=1 3 8 4 -1 -6 -7 -8 9 -2 -10 12 -12 -14
right_child=2 -3 -4 -5 5 6 7 -9 10 -11 11 -13 13 -15
leaf_value=-0.016372711620585585 0.0045901324375583275 0.0072751310567510984 0.031385502514917334 -0.049334144564952873 -0.0064507443529259884 0.049345846794902205 -0.0010782876991118481 0.037137129100875417 0.03934585572297538 -0.061069417697564569 0.026862403582926957 0.020948848975930977 -0.021785586117326679 0.0060323496937304865
leaf_weight=16.527581069152802 63.381603746209294 42.763192031998187 8.353630258003248 1.8992377361282695 129.58555813334533 0.98141501093050365 38.860969985136762 1.4690632596611966 2.5362593354657319 0.83119451627135177 4.1304265446960953 12.830698131583629 4.8327259086072427 6.8886677511036396
leaf_count=3251 1145 673 112 89 11230 36 1299 16 28 7 58 195 67 94
internal_value=0.000268329 -0.00356776 0.0088467 -0.00601688 -0.00557794 -0.00453397 0.00147858 0.000313748 0.00687376 0.00374021 0.013319 0.0110176 0.00297911 -0.00543697
internal_weight=335.872 232.087 103.785 189.324 187.425 170.897 41.3114 40.33 95.4316 64.2128 31.2188 28.6825 15.8518 11.7214
internal_count=18300 16594 1706 15921 15832 12581 1351 1315 1594 1152 442 414 219 161
is_linear=0
shrinkage=0.04


Tree=79
num_leaves=15
num_cat=0
split_feature=8 7 0 3 7 5 1 3 1 7 6 1 1 7
split_gain=8.44882 3.3877 2.98247 1.66478 1.45207 1.23854 1.3652 1.63686 1.16785 1.55942 2.51144 1.52774 1.58806 1.42004
threshold=0.80723297595977794 0.79645448923110973 0.18333333730697635 0.031076864339411262 0.74701264500617992 1.0000000180025095e-35 0.095454547554254546 0.030816650018095974 0.18333333730697635 0.65196481347084057 1.0000000180025095e-35 0.13392857462167743 0.10555555671453477 0.66230651736259472
decision_type=2 2 2 2 2 2 2 2 2 2 2 2 2 2
left_child=1 2 8 5 -4 6 -2 -8 9 10 11 12 -1 -11
right_child=3 -3 4 -5 -6 -7 7 -9 -10 13 -12 -13 -14 -15
leaf_value=-0.014317377154408759 0.0008143171305564817 -0.086087392586750952 0.0048799288097380747 0.022265346500841214 0.050348000972654641 0.01657137470943917 0.016713153068390912 -0.025660945534466024 0.0013889438663970716 0.032776739405660206 -0.0024860670601250584 -0.035087853631356726 0.0058028811615718394 -0.0014840134038248982
leaf_weight=60.967211631097598 39.837808349635452 0.79582129558548231 42.023239270783961 15.642556416802107 1.1546908579766739 20.251261796336621 19.111794203054163 1.5790962260216463 32.665519541827962 2.0533323665149501 54.728477064054459 5.031829740619286 6.9968329633120439 33.7727260151878
leaf_count=11898 702 30 658 219 18 285 261 24 657 32 2106 275 288 860
internal_value=0.000319543 -0.00369564 -0.00342174 0.0103214 0.00609586 0.00800853 0.00514364 0.0134792 -0.00551612 -0.00689525 -0.00896386 -0.0138206 -0.012246 0.000479605
internal_weight=336.612 240.19 239.394 96.4225 43.1779 80.78 60.5287 20.6909 196.216 163.55 127.724 72.9959 67.964 35.8261
internal_count=18313 16822 16792 1491 676 1272 987 285 16116 15459 14567 12461 12186 892
is_linear=0
shrinkage=0.04


Tree=80
num_leaves=15
num_cat=0
split_feature=8 3 3 6 4 3 1 3 1 8 1 5 3 3
split_gain=6.94281 2.39601 2.19732 1.81787 1.58518 1.58151 1.23632 1.96517 1.21162 1.19786 1.1435 1.14724 1.59012 1.43221
threshold=0.65196481347084057 0.016261234879493717 0.031408419832587249 1.0000000180025095e-35 1.0000000180025095e-35 0.0084389699622988718 0.41666667163372045 0.032654680311679847 0.29166667163372045 2.5343644618988042 0.0091326101683080214 1.0000000180025095e-35 0.028393074870109562 0.029908834956586364
decision_type=2 2 2 2 2 2 2 2 2 2 2 2 2 2
left_child=2 9 3 5 6 -1 8 -8 -4 -2 -5 13 -13 -12
right_child=1 -3 4 10 -6 -7 7 -9 -10 -11 11 12 -14 -15
leaf_value=-0.023172065046394685 0.0018610783414405789 0.012966178853110317 -0.0038565099452186791 0.048754043574337297 0.029059890682657512 -0.008064727741812867 -0.031289512079979438 0.017730412859537758 0.032051425383715776 0.050080161835027982 -0.0061680900653434201 0.00073196678266291366 0.033269089004519956 -0.060418965425335591
leaf_weight=12.507327684055779 89.228817238938063 53.947974900249392 3.1062162220478076 0.72604340501129527 4.4499285891652098 97.637021418311633 3.4404607806354761 2.1116111110895872 2.9139516893774271 0.83198987320065398 26.669045614078644 29.519754304783419 2.6161927785724393 0.80201004445552726
leaf_count=4398 1829 771 36 5 75 8904 44 16 28 12 1418 727 43 19
internal_value=-0.00029772 0.0062998 -0.00539211 -0.00672316 0.00877041 -0.00978023 0.000968399 -0.0126458 0.0135241 0.00230653 -0.00114217 -0.00174993 0.00338082 -0.00775193
internal_weight=330.508 144.009 186.5 170.477 16.0222 110.144 11.5722 5.55207 6.02017 90.0608 60.333 59.607 32.1359 27.4711
internal_count=18325 2612 15713 15514 199 13302 124 60 64 1841 2212 2207 770 1437
is_linear=0
shrinkage=0.04


Tree=81
num_leaves=15
num_cat=0
split_feature=8 3 6 1 7 1 0 8 8 1 1 3 3 3
split_gain=6.89014 4.02918 2.17244 1.82831 1.66676 1.42857 1.24966 1.23474 1.5389 1.48631 1.17201 1.49237 1.17478 1.09056
threshold=1.6568480730056765 0.030186135321855549 1.0000000180025095e-35 0.0093898782506585139 0.65268862247467052 0.010256679728627207 0.75000000000000011 1.6140992045402529 1.6405735015869143 0.0091326101683080214 0.75000000000000011 0.028036504983901981 0.0083683449774980562 0.030091284774243835
decision_type=2 2 2 2 2 2 2 2 2 2 2 2 2 2
left_child=1 2 4 -4 6 -5 10 9 -9 -6 11 12 -1 -11
right_child=-2 -3 3 5 7 -7 -8 8 -10 13 -12 -13 -14 -15
leaf_value=-0.021540706955045393 0.020278005749002896 0.0084243920106014357 0.048685944474877785 -0.044093004532026435 -0.071843986550218106 0.0010573939504303022 0.018285427683282961 -0.06442922041547447 0.0002108827318669554 0.0012236071508996171 0.012494634836244783 -0.027546025539497702 -0.0078065575656642008 -0.04363613972255876
leaf_weight=11.584460178302832 25.189009245950729 53.993829367216676 1.2775845732539881 1.1350222164764989 0.45775835402309795 92.359411830198951 2.4796682596206656 1.0908061591908329 1.2816998371854422 55.621055349474773 3.4238200504332772 8.270529593806712 71.275725511804922 0.88080161809921165
leaf_count=4167 343 733 12 145 25 2691 35 21 23 1198 40 239 8590 9
internal_value=0.00017115 -0.00148869 -0.00361997 0.00115872 -0.00651629 0.000509268 -0.00974558 -0.00123497 -0.0295087 -5.72976e-05 -0.0104807 -0.0113439 -0.00972669 0.000524293
internal_weight=330.321 305.132 251.138 94.772 156.366 93.4944 97.0342 59.3321 2.37251 56.9596 94.5545 91.1307 82.8602 56.5019
internal_count=18271 17928 17195 2848 14347 2836 13071 1276 44 1232 13036 12996 12757 1207
is_linear=0
shrinkage=0.04


Tree=82
num_leaves=15
num_cat=0
split_feature=3 7 8 4 3 8 1 0 0 3 6 3 1 6
split_gain=5.89843 2.4216 2.12564 1.24988 1.47505 1.19368 1.02482 0.984558 1.53905 1.84541 1.32781 1.39951 1.06986 1.20185
threshold=0.027009889483451847 0.67651858925819408 1.3731684088706972 1.0000000180025095e-35 0.032010246068239219 2.5955792665481572 0.087121214717626586 0.087121214717626586 0.18333333730697635 0.028036504983901981 1.0000000180025095e-35 0.027945944108068946 0.41666667163372045 1.0000000180025095e-35
decision_type=2 2 2 2 2 2 2 2 2 2 2 2 2 2
left_child=1 6 3 7 -5 -4 -1 10 9 -9 11 -2 13 -11
right_child=2 -3 5 4 -6 -7 -8 8 -10 12 -12 -13 -14 -15
leaf_value=-0.0090572997270413347 0.019271794692986673 0.0013831120797525584 0.021073416398032157 0.0083668532673673753 0.037524666020143364 -0.034742453295931577 -0.0012835612728919602 -0.07454992380178195 0.0033282773079845842 -0.036707929640436981 0.04054863138009502 -0.075880614345654837 0.023018690794596553 -0.003217186463537549
leaf_weight=101.60461997252423 0.71407209429889851 92.221723894122988 20.417722071520988 25.994979418814186 3.107866740319877 0.63202130608260532 37.019797904184088 0.76514827646314998 32.89648530818522 2.7430643667466921 2.1320145409554243 0.37836680142208934 1.3467754069715736 4.5718832025304437
leaf_count=13547 16 1837 299 377 79 6 1373 28 491 95 31 18 16 86
internal_value=-0.000178378 -0.00363977 0.00817112 0.00500553 0.0114806 0.0193975 -0.00698131 0.000868276 -0.000754972 -0.0150041 0.0221746 -0.0136843 -0.009744 -0.015776
internal_weight=326.547 230.846 95.7004 74.6507 29.1028 21.0497 138.624 45.5478 42.3234 9.42687 3.22445 1.09244 8.66172 7.31495
internal_count=18299 16757 1542 1237 456 305 14920 781 716 225 65 34 197 181
is_linear=0
shrinkage=0.04


Tree=83
num_leaves=15
num_cat=0
split_feature=8 1 7 7 6 3 8 7 7 7 7 1 7 7
split_gain=5.09338 3.51277 1.78481 2.34275 1.89305 2.00703 1.53338 1.4773 1.42915 1.4131 1.3874 1.89741 1.67103 1.86447
threshold=1.5477371811866762 0.75000000000000011 0.65196481347084057 0.66230651736259472 1.0000000180025095e-35 0.0083683449774980562 1.5067449212074282 0.88132035732269298 0.72491174936294567 0.79739290475845348 0.86528104543685924 0.18333333730697635 0.81844714283943187 0.79772290587425243
decision_type=2 2 2 2 2 2 2 2 2 2 2 2 2 2
left_child=1 2 4 -4 5 -1 -5 10 -3 -8 12 -12 13 -2
right_child=7 8 3 6 -6 -7 9 -9 -10 -11 11 -13 -14 -15
leaf_value=-0.023868466911674734 0.017707926565165996 0.0092171843021799354 0.039082436704639706 0.00181144956270524 0.00084390950022908418 -0.0060983044175398462 0.013396242901175165 0.021521417890731892 0.035145138536955688 -0.045677144600720559 -0.032287425282590959 0.033761065395475194 0.028842321706291651 -0.021679630036554084
leaf_weight=11.287079954228828 4.2336746901273745 12.587782536167653 2.6419432614929965 92.781059173401445 61.625239114160649 102.68952640300267 0.94315136782824938 20.707076954655349 4.6608812788035712 2.0696728676557541 2.8106668330729003 0.92492070980370034 5.3719809567555785 3.523053748998791
leaf_count=4232 51 145 40 1888 2252 9139 14 310 63 45 48 11 81 47
internal_value=0.00050257 -0.00128527 -0.0023873 0.0019243 -0.00480423 -0.00785808 0.000899495 0.0143634 0.0162234 -0.0271845 0.00557442 -0.015934 0.0116943 -0.000181636
internal_weight=328.858 291.286 274.038 98.4358 175.602 113.977 95.7939 37.5714 17.2487 3.01282 16.8643 3.73559 13.1287 7.75673
internal_count=18366 17818 17610 1987 15623 13371 1947 548 208 59 238 59 179 98
is_linear=0
shrinkage=0.04


Tree=84
num_leaves=15
num_cat=0
split_feature=7 7 3 0 5 3 1 0 1 1 3 1 8 8
split_gain=4.38438 4.29292 2.94315 2.60574 1.72726 1.39883 1.34823 1.38537 1.56482 1.25116 1.23747 1.31311 1.13099 1.0827
threshold=0.76462683081626903 0.76240217685699474 0.031076864339411262 0.18333333730697635 1.0000000180025095e-35 0.029689920134842399 0.074175827205181136 0.15476191043853763 0.29166667163372045 0.18333333730697635 0.030772875063121322 0.75000000000000011 1.5477371811866762 0.74512207508087169
decision_type=2 2 2 2 2 2 2 2 2 2 2 2 2 2
left_child=1 3 10 4 6 -6 13 -8 9 -9 11 -2 -4 -1
right_child=2 -3 12 -5 5 -7 7 8 -10 -11 -12 -13 -14 -15
leaf_value=-0.0093515414284353372 0.004479071484461852 -0.077881564725357677 0.011592554020366302 0.0062022112705399854 0.00071786086019489054 0.039173385495067201 -0.0010488385213174543 -0.028196799517481816 -0.072416729542820357 0.052930232106486466 -0.021990125529812925 0.038674771993198583 0.035332299270367074 -0.035965964413543813
leaf_weight=80.382688915880863 73.881786101264879 1.2201071996241797 5.7361174793913943 43.287663567811251 45.18006271822378 1.5658992454409588 58.014437217381783 1.1710898713208728 0.93415556382387865 0.41087174601852883 2.7530389642342916 1.8414951469749201 7.2936112051829696 2.5223907129839054
leaf_count=12193 1323 13 87 706 1667 18 2006 31 19 7 41 17 113 82
internal_value=-0.00015072 -0.00304642 0.007276 -0.00265533 -0.00467142 0.00200605 -0.00684761 -0.00230908 -0.0313666 -0.00712625 0.00435292 0.00531067 0.0248813 -0.0101613
internal_weight=326.195 234.689 91.506 233.469 190.182 46.746 143.436 60.5306 2.51612 1.58196 78.4763 75.7233 13.0297 82.9051
internal_count=18323 16742 1581 16729 16023 1685 14338 2063 57 38 1381 1340 200 12275
is_linear=0
shrinkage=0.04


Tree=85
num_leaves=15
num_cat=0
split_feature=8 3 1 8 6 3 3 3 3 4 3 3 4 1
split_gain=5.43338 3.00022 2.52 1.87157 1.64985 1.80035 1.25018 1.689 1.82506 1.70767 1.21168 1.16428 1.06107 1.03222
threshold=0.68356719613075267 0.031299686059355743 0.75000000000000011 2.3851190805435185 1.0000000180025095e-35 0.031269090250134475 0.031076864339411262 0.030947909690439705 0.030650475062429908 1.0000000180025095e-35 0.031750030815601356 0.031890055164694793 1.0000000180025095e-35 0.41666667163372045
decision_type=2 2 2 2 2 2 2 2 2 2 2 2 2 2
left_child=1 4 3 -2 5 6 7 8 -1 -10 -3 12 -12 -6
right_child=2 10 -4 -5 13 -7 -8 -9 9 -11 11 -13 -14 -15
leaf_value=-0.0094449291821859238 0.0036178329207053523 0.02724251156802256 0.027137818467246909 0.025658929337981085 -0.001148328260756366 -0.081947941179442388 0.023030871152362228 -0.05420548083085424 -0.021261503509414227 0.044807851368976553 -0.056220732144054354 0.010132156146782565 0.0036360348184400078 0.057286002583414035
leaf_weight=102.08522557947435 118.62533197063021 5.4796748077496913 8.6079549789428693 6.5018151570111504 60.315635185688734 0.53727391827851434 1.9697870295494784 1.3136013122275461 0.93254086561500948 1.9036970064043999 0.88588422909378883 9.2704549557529372 1.0187652176246047 0.4875880153849711
leaf_count=13283 2218 57 130 97 2241 13 26 30 22 15 14 125 15 7
internal_value=5.24945e-05 -0.00436521 0.00620329 0.00476313 -0.00595659 -0.00890714 -0.00854447 -0.00912993 -0.00856559 0.0230846 0.011835 0.00427995 -0.0242043 -0.000679737
internal_weight=319.935 186.2 133.735 125.127 169.545 108.742 108.205 106.235 104.921 2.83624 16.6548 11.1751 1.90465 60.8032
internal_count=18293 15848 2445 2315 15637 13389 13376 13350 13320 37 211 154 29 2248
is_linear=0
shrinkage=0.04


Tree=86
num_leaves=15
num_cat=0
split_feature=3 6 1 7 7 1 7 1 1 1 9 7 1 4
split_gain=4.12183 2.69613 2.20433 2.05921 1.95261 1.55292 1.2838 1.43751 1.21161 1.13367 1.69469 1.08123 1.23789 1.09733
threshold=0.029305280186235908 1.0000000180025095e-35 0.41666667163372045 0.65268862247467052 0.66230651736259472 0.0093898782506585139 0.81831201910972606 0.011696306522935631 0.012422839645296337 0.016261236742138866 0.83333334326744091 0.70895385742187511 0.064583335071802153 1.0000000180025095e-35
decision_type=2 2 2 2 2 2 2 2 2 2 2 2 2 2
left_child=1 2 3 -1 -5 -3 7 -7 -8 -10 -11 12 -2 -14
right_child=11 5 -4 4 -6 6 8 -9 9 10 -12 -13 13 -15
leaf_value=-0.010597906143000976 0.054652386746161116 0.046356177079515518 0.013729650663111671 0.040429086330900796 -0.002192625395840705 -0.028298014907334138 0.041245884856116473 0.0014305565900727549 -0.025491097563188191 0.0060450368280139579 0.044918198376080791 0.014703219146648081 -0.0016667050988439674 0.011641450542280916
leaf_weight=83.964227890624898 0.77927454560995002 1.3128969985991705 9.1380227231420559 1.7707154480740417 59.788116147974506 2.6932728966930872 2.0626959148794439 77.173289934056811 1.4173739068210114 11.533825367689131 2.1249565901234737 29.567665556445718 24.304009607993066 16.742363680619746
leaf_count=12961 4 14 147 22 1290 252 25 2347 23 202 38 460 380 250
internal_value=0.000360713 -0.00203464 -0.00532705 -0.00652371 -0.000966629 0.00314454 0.00255971 0.000428045 0.0124932 0.00855929 0.0120927 0.00884854 0.00470972 0.00376155
internal_weight=324.373 252.979 154.661 145.523 61.5588 98.3183 97.0054 79.8666 17.1389 15.0762 13.6588 71.3933 41.8256 41.0464
internal_count=18415 17321 14420 14273 1312 2901 2887 2599 288 263 240 1094 634 630
is_linear=0
shrinkage=0.04


Tree=87
num_leaves=15
num_cat=0
split_feature=9 3 6 0 1 1 7 1 3 1 3 3 3 7
split_gain=4.40757 1.98278 2.06498 1.67476 1.43293 1.67608 1.21665 2.64341 2.07155 1.831 1.8633 1.7554 1.60679 1.89927
threshold=0.5000000149011613 0.029491504654288295 1.0000000180025095e-35 0.18333333730697635 0.0093025267124176043 0.010256679728627207 0.88132035732269298 0.042572464793920524 0.011834735050797464 0.051315790042281158 0.030543250031769279 0.029908834956586364 0.015268070157617332 0.85176765918731701
decision_type=2 2 2 2 2 2 2 2 2 2 2 2 2 2
left_child=1 2 -1 6 -4 -6 7 8 -2 -8 -11 12 13 -9
right_child=3 -3 4 -5 5 -7 9 11 -10 10 -12 -13 -14 -15
leaf_value=-0.0070586987550485206 -0.0093373785636904801 0.0047930257637491007 0.047441141158439754 0.023086232947887912 -0.054809486666257359 0.00096259659790699163 0.026408244053966801 0.016217091782264995 -0.075428498633392196 -0.011342546778295333 0.05014162172612377 -0.013976084944880857 0.037105140933337444 -0.043836675141027945
leaf_weight=133.73571573500521 9.4187279781326652 50.892060191137716 1.0480142962187518 12.623131988570092 0.87137669301591714 81.392937957425602 9.2198071042075735 4.9413285609334689 0.82529125176370222 5.1311493860557666 0.93185704201459874 3.1842139456421128 4.7836171574890614 1.0158317163586614
leaf_count=14088 157 795 8 210 147 2538 122 67 9 84 16 36 62 17
internal_value=-0.000243554 -0.00231307 -0.00397927 0.0104047 0.000963937 0.000371836 0.00634708 0.000761327 -0.0146619 0.0151807 -0.0018927 0.0121075 0.0198403 0.00597655
internal_weight=320.015 267.94 217.048 52.075 83.3123 82.2643 39.4518 24.169 10.244 15.2828 6.06301 13.925 10.7408 5.95716
internal_count=18356 17576 16781 780 2693 2685 570 348 166 222 100 182 146 84
is_linear=0
shrinkage=0.04


Tree=88
num_leaves=15
num_cat=0
split_feature=8 3 0 8 7 8 7 3 5 3 8 7 8 7
split_gain=3.95476 2.70034 1.49366 1.48426 1.39974 1.30424 1.27467 1.35399 1.27134 1.2121 1.03131 3.94216 2.98576 1.29401
threshold=1.5523229837417605 0.025126799941062931 0.22500000149011615 1.5265618562698366 0.65268862247467052 1.502380967140198 0.79739290475845348 0.015038445126265289 1.0000000180025095e-35 0.010811130050569774 1.6140992045402529 0.81831201910972606 1.6405735015869143 0.8892553746700288
decision_type=2 2 2 2 2 2 2 2 2 2 2 2 2 2
left_child=1 4 10 -3 8 -6 -7 -8 9 -1 11 -2 13 -12
right_child=2 3 -4 -5 5 6 7 -9 -10 -11 12 -13 -14 -15
leaf_value=-0.015514163243900907 -0.062056206156380765 0.0052485630719200727 0.028806528369334065 -0.039483191941062139 0.0015706731325575596 0.017191021189971192 -0.074348313681543085 0.010382062881206888 0.00023193542272703324 -0.0057043902478450441 -0.017079544002891175 0.037295217249062575 0.0094222622311431678 -0.083873982588735116
leaf_weight=29.270766024448676 0.73729769326746719 84.832830881001428 7.5051094912923864 1.2036987897008646 69.515102447476238 0.63569932617247049 1.0702738203108308 0.42024070024490345 34.354896338278195 64.69699745363323 1.238034881651404 4.7933969367295504 19.582501223310828 0.74231212399899948
leaf_count=8547 19 1465 142 16 1553 9 26 8 1491 4708 15 65 288 21
internal_value=0.000242505 -0.0013027 0.0130155 0.00462274 -0.00385218 0.000626785 -0.030233 -0.0504591 -0.00635274 -0.00876011 0.00864127 0.0240507 0.00468889 -0.0421167
internal_weight=320.599 286.001 34.5987 86.0365 199.964 71.6413 2.12621 1.49051 128.323 93.9678 27.0935 5.53069 21.5628 1.98035
internal_count=18373 17823 550 1481 16342 1596 43 34 14746 13255 408 84 324 36
is_linear=0
shrinkage=0.04


Tree=89
num_leaves=15
num_cat=0
split_feature=8 7 1 4 3 7 7 3 7 7 3 1 3 1
split_gain=3.77898 3.1529 1.34921 1.22692 1.10303 1.11808 1.51444 1.49712 1.0596 3.28279 1.24973 0.893555 0.782415 1.72393
threshold=0.80723297595977794 0.79645448923110973 0.016530054621398452 1.0000000180025095e-35 0.032654680311679847 0.76598063111305248 0.74810978770256054 0.028923839330673221 0.69785863161087047 0.72326120734214794 0.031076864339411262 0.016807910054922107 0.030860554426908497 0.41666667163372045
decision_type=2 2 2 2 2 2 2 2 2 2 2 2 2 2
left_child=1 2 3 -1 5 6 11 -8 -2 -10 12 -4 -11 -14
right_child=8 -3 4 -5 -6 -7 7 -9 9 10 -12 -13 13 -15
leaf_value=-0.0092767984106062271 0.05476691619690003 -0.089461651429803613 0.031757427469283075 -0.067782768028117626 0.02480705221975537 0.014690007621137414 -0.069083964248427276 0.043068223813998115 -0.069299802543101599 0.0066645491331900585 0.01963593800744436 -0.0015790930614317676 0.014959907897619994 -0.069612395388050308
leaf_weight=23.797456453001363 0.75768007570877571 0.65823558066040178 1.2951199925737444 0.58766471710987289 2.6702152830548576 6.9538693963550022 0.95125698344781884 0.23811068944633007 0.88707015104591747 73.04484902927652 12.704512393102048 192.70049489921075 0.88510367553681024 0.68339695036411285
leaf_count=4650 13 30 156 125 34 155 46 3 20 1234 208 11656 15 9
internal_value=0.000665747 -0.00204355 -0.00179249 -0.0106868 -0.000733519 -0.00107091 -0.00163242 -0.0466312 0.00766576 0.00726116 0.00803895 -0.00135654 0.00606432 -0.0218883
internal_weight=318.815 229.852 229.194 24.3851 204.809 202.139 195.185 1.18937 88.9626 88.2049 87.3179 193.996 74.6133 1.5685
internal_count=18354 16855 16825 4775 12050 12016 11861 49 1499 1486 1466 11812 1258 24
is_linear=0
shrinkage=0.04


Tree=90
num_leaves=15
num_cat=0
split_feature=8 3 1 4 7 7 0 1 7 3 7 7 5 7
split_gain=3.75273 2.13213 1.77822 1.51745 1.56176 1.35179 2.31517 1.27772 1.24832 2.08791 1.13792 3.66291 1.11433 1.35523
threshold=0.76598063111305248 0.030186135321855549 0.75000000000000011 1.0000000180025095e-35 0.70705461502075206 0.74810978770256054 0.11805555596947671 0.75000000000000011 0.70010116696357738 0.031766045838594444 0.69785863161087047 0.72326120734214794 1.0000000180025095e-35 0.67651858925819408
decision_type=2 2 2 2 2 2 2 2 2 2 2 2 2 2
left_child=1 5 10 4 -3 7 -7 12 -5 -10 -2 -12 13 -1
right_child=2 3 -4 8 -6 6 -8 -9 9 -11 11 -13 -14 -15
leaf_value=-0.0081506605575202788 0.05479258619137075 -0.0036268358076917825 0.026095075778528175 0.020461427556534014 0.040016522190855809 -0.076357425279086136 0.041280647283215739 0.019999568975337285 -0.04247452607548622 0.051116185448774769 -0.085100292062735741 0.0056157070617167612 0.00089167639063758455 0.0026243652442536026
leaf_weight=112.70031129280687 0.73676617257296939 19.331882665865127 7.0997711999807498 12.977618933189659 1.407404820434748 0.98125556623563059 0.36808226816356182 3.4582285182550541 1.2903818879276503 0.5414048871025442 0.71803577244281669 87.042114762123674 45.181542224192526 22.386387427337468
leaf_count=13797 13 271 113 186 18 54 5 45 19 12 20 1558 1688 521
internal_value=0.000214521 -0.00265383 0.0068343 0.00631845 -0.00066512 -0.0043772 -0.0442672 -0.00408423 0.0160983 -0.0148128 0.00528908 0.00487349 -0.00454625 -0.00636504
internal_weight=316.221 220.625 95.5967 35.5487 20.7393 185.076 1.34934 183.726 14.8094 1.83179 88.4969 87.7602 180.268 135.087
internal_count=18320 16616 1704 506 289 16110 59 16051 217 31 1591 1578 16006 14318
is_linear=0
shrinkage=0.04


Tree=91
num_leaves=15
num_cat=0
split_feature=8 3 1 3 5 8 1 6 1 8 1 1 3 3
split_gain=3.89969 2.44701 3.02827 2.38599 1.8571 1.72036 1.69156 1.56749 1.76463 1.42866 1.3195 1.43036 1.29514 2.32779
threshold=1.3731684088706972 0.008733789902180435 0.012270400300621988 0.031299686059355743 1.0000000180025095e-35 1.3989027142524721 0.41666667163372045 1.0000000180025095e-35 0.75000000000000011 0.65196481347084057 0.0093898782506585139 0.010256679728627207 0.030816650018095974 0.030320434831082824
decision_type=2 2 2 2 2 2 2 2 2 2 2 2 2 2
left_child=3 2 -2 7 -5 -3 -6 8 9 12 -9 -12 13 -1
right_child=1 5 -4 4 6 -7 -8 10 -10 -11 11 -13 -14 -15
leaf_value=-0.0094144513329175502 0.021826533849605506 0.047042477920882522 -0.027907424112542305 0.013532476112809808 0.010823110704901565 0.012655335027373813 -0.080428559293871937 0.045345853432056028 0.015473739518821271 -0.00050693219873780906 -0.054056305389413362 0.0014684897526683954 -0.031894627184971214 0.017715338693004925
leaf_weight=90.08261507313 3.1547354925423843 2.4785200012847772 5.167640688829124 21.721780712716285 0.63786785304546245 38.2822195594199 0.66273611225187778 1.086530964821576 6.3760637445375314 50.080036063445732 0.7487466863822182 86.494306779000908 3.7371956706047049 5.3614045372232786
leaf_count=13108 41 25 74 300 9 623 13 13 66 1155 138 2621 72 75
internal_value=0.000348185 0.0107106 -0.00905494 -0.00155684 0.0107526 0.0147463 -0.0356751 -0.00271844 -0.00513387 -0.00601417 0.00153755 0.000991959 -0.00879497 -0.00789048
internal_weight=316.072 49.0831 8.32238 266.989 23.0224 40.7607 1.3006 243.967 155.637 149.261 88.3296 87.2431 99.1812 95.444
internal_count=18333 763 115 17570 322 648 22 17248 14476 14410 2772 2759 13255 13183
is_linear=0
shrinkage=0.04


Tree=92
num_leaves=15
num_cat=0
split_feature=8 7 0 5 7 3 0 0 7 5 1 3 0 3
split_gain=3.95608 1.67157 1.49962 3.07735 1.89026 1.51703 1.46645 2.10256 1.77611 1.43766 1.18463 1.2197 1.46934 1.0327
threshold=0.76598063111305248 0.70628839731216442 0.41666667163372045 1.0000000180025095e-35 0.74810978770256054 0.029794779606163505 0.064583335071802153 0.060661764815449722 0.72326120734214794 1.0000000180025095e-35 0.41666667163372045 0.030446350574493412 0.18333333730697635 0.031750030815601356
decision_type=2 2 2 2 2 2 2 2 2 2 2 2 2 2
left_child=2 -2 4 -4 9 -6 7 8 -3 10 -1 -12 -13 -14
right_child=1 6 3 -5 5 -7 -8 -9 -10 -11 11 12 13 -15
leaf_value=-0.0064013354412376447 0.046151441843210426 -0.082173963759010996 0.010961633649499498 -0.065936328293493288 -0.073390990613062076 0.051050505589241658 0.013136205734965632 -0.066300029229999335 0.0040756465988354244 0.0028536188710747939 0.0150515940477935 -0.026318903022414544 0.050295802842902318 -0.00075346256789153489
leaf_weight=137.09812583263556 1.7276834994554509 0.38449502643197675 19.698228448862213 0.86941007152199645 1.0023891068994988 0.18579322844743718 33.632890516193584 0.6982211209833612 59.127716415328905 46.213858408300439 8.8359735426493007 3.3882923433557144 0.79748650081455741 3.0935224154964089
leaf_count=14411 21 14 297 22 58 2 531 7 1160 1703 137 45 9 47
internal_value=0.000363126 0.00716368 -0.00257532 0.0077111 -0.00362992 -0.0539324 0.0064459 0.00270877 0.00351841 -0.00333021 -0.00519545 0.00506344 -0.00706067 0.0097094
internal_weight=316.754 95.571 221.183 20.5676 200.615 1.18818 93.8433 60.2104 59.5122 199.427 153.213 16.1153 7.2793 3.89101
internal_count=18464 1733 16731 319 16412 60 1712 1181 1174 16352 14649 238 101 56
is_linear=0
shrinkage=0.04


Tree=93
num_leaves=15
num_cat=0
split_feature=8 8 8 7 1 3 3 4 1 3 3 6 3 7
split_gain=3.67216 1.43674 1.57031 2.89994 1.76639 1.55828 1.39376 1.7029 1.26111 1.19609 1.85307 1.34578 1.31999 1.17551
threshold=1.5477371811866762 1.502380967140198 0.80723297595977794 0.7945058047771455 0.039230769500136382 0.008810745086520912 0.030292679555714134 1.0000000180025095e-35 0.29166667163372045 0.028290714137256149 0.029099649749696258 1.0000000180025095e-35 0.025984985753893856 0.70010116696357738
decision_type=2 2 2 2 2 2 2 2 2 2 2 2 2 2
left_child=1 2 3 6 5 -4 -1 -8 -9 12 11 -11 -6 -10
right_child=-2 -3 4 -5 9 -7 7 8 13 10 -12 -13 -14 -15
leaf_value=-0.0037499176195691058 0.0126824097854725 -0.027663630711388311 0.0072758590363787845 -0.089637445003226776 0.014201115992347298 -0.015731183380890294 -0.002411497423872869 0.031200193495502258 0.012957130344428613 -0.081932814007444038 0.0075115886948055287 -0.0047402758340165611 0.048670038475097925 -0.026041913189082458
leaf_weight=190.43466910030111 32.382869506254792 3.3306817058473817 9.3118209880776721 0.6114416285417964 14.828202287666505 9.5317214988172037 20.458153246901929 5.2426353003829709 7.4577280376106483 0.67018909193575271 11.93618692550808 0.78420169278979301 2.0197262298315755 1.4824375361204145
leaf_count=16295 552 64 164 32 266 220 294 65 122 11 174 13 21 30
internal_value=-6.56761e-05 -0.00155011 -0.00123356 -0.00264375 0.0052507 -0.00436191 -0.00240742 0.00497278 0.0156243 0.0112409 0.00231744 -0.0403109 0.0183332 0.0064904
internal_weight=310.483 278.1 274.769 225.687 49.082 18.8435 225.076 34.641 14.1828 30.2385 13.3906 1.45439 16.8479 8.94017
internal_count=18323 17771 17707 16838 869 384 16806 511 217 485 198 24 287 152
is_linear=0
shrinkage=0.04


Tree=94
num_leaves=15
num_cat=0
split_feature=8 7 0 5 0 7 1 7 1 1 1 7 7 7
split_gain=3.65782 3.26138 2.05963 1.98072 1.44864 1.23613 1.01816 1.01446 0.947367 0.97901 1.66582 0.894865 1.01197 2.96081
threshold=0.80723297595977794 0.79645448923110973 0.069047622382640853 1.0000000180025095e-35 0.75000000000000011 0.74701264500617992 0.01183473411947489 0.78402599692344677 0.030776515603065494 0.10555555671453477 0.15476191043853763 0.70010116696357738 0.72491174936294567 0.72326120734214794
decision_type=2 2 2 2 2 2 2 2 2 2 2 2 2 2
left_child=1 2 3 7 11 -4 -5 -1 -8 -10 -11 -2 13 -13
right_child=4 -3 5 6 -6 -7 8 -9 9 10 -12 12 -14 -15
leaf_value=-0.0068874768713787235 0.045938354024284866 -0.086396349406655179 0.0029675078808489058 -0.029926278395859207 0.028965536850325165 0.031285426661794451 0.012084233796818795 -0.072365263510553723 -0.0038775866344734683 0.037627558555712856 -0.011820572454761164 -0.086593018355417134 0.0063001164610496894 0.038626905566066697
leaf_weight=116.88603632804006 0.89602727349847455 0.73484439332969387 60.796791107859462 1.4597533317282785 4.7267460422590366 2.5706713534891596 15.058791734540135 0.37981802830472489 22.310367672238502 2.5690167183056465 1.8934770431369541 0.67314318846911081 79.036040694918483 0.54814283642917871
leaf_count=13901 16 29 1187 170 80 41 724 23 650 37 22 19 1373 4
internal_value=0.000417896 -0.00226619 -0.0019901 -0.00440013 0.00743938 0.0041163 0.00291195 -0.00709956 0.00405787 -0.000456677 0.0166463 0.0061856 0.00574178 -0.0303913
internal_weight=310.54 224.66 223.925 160.557 85.8801 63.3675 43.2914 117.266 41.8317 26.7729 4.46249 81.1534 80.2573 1.22129
internal_count=18276 16784 16755 15527 1492 1228 1603 13924 1433 709 59 1412 1396 23
is_linear=0
shrinkage=0.04


Tree=95
num_leaves=15
num_cat=0
split_feature=8 1 6 8 3 3 4 0 1 8 8 1 3 3
split_gain=3.0584 1.96578 1.52065 2.28678 1.87817 1.42765 1.35894 2.34749 1.12494 0.819401 1.54294 0.797301 1.37032 0.773407
threshold=0.67651858925819408 0.75000000000000011 1.0000000180025095e-35 0.65952381491661083 0.030292679555714134 0.025647294707596306 1.0000000180025095e-35 0.41666667163372045 0.016001024283468727 0.66230651736259472 0.65196481347084057 0.29166667163372045 0.01550481002777815 0.031529305502772338
decision_type=2 2 2 2 2 2 2 2 2 2 2 2 2 2
left_child=2 -2 4 5 8 11 7 13 -1 10 -10 12 -4 -6
right_child=1 -3 3 -5 6 -7 -8 -9 9 -11 -12 -13 -14 -15
leaf_value=-0.020521057098500699 0.0043328032536972651 0.024834619266401969 0.00102756171035844 -0.077978025126402783 -0.016241323510762153 0.017778558426613935 0.015109909468851533 0.0087281232963542284 -0.0067010361788192533 -0.048447702773865987 0.026651817157662239 0.03999824150699792 -0.049293470927786923 -0.0522250802985533
leaf_weight=9.7281975131918426 120.99763594800606 7.9761994688305995 51.653202784014866 0.55859332904219527 3.9514047084376225 9.2983004832640272 11.099317119223997 9.0901773022487742 82.791962961782701 0.72721780929714341 2.2803644724190226 0.81727919448166986 0.88061308301985164 1.2605654951184986
leaf_count=3804 2401 131 2066 22 75 166 164 111 9272 37 25 16 31 16
internal_value=0.000877053 0.00560071 -0.0024315 0.00259636 -0.00505949 0.00331477 0.00460764 -0.00354275 -0.00763005 -0.00616843 -0.00580701 0.00079395 0.000184041 -0.0249443
internal_weight=313.111 128.974 184.137 63.208 120.929 62.6494 25.4015 14.3021 95.5277 85.7995 85.0723 53.3511 52.5338 5.21197
internal_count=18337 2532 15805 2301 13504 2279 366 202 13138 9334 9297 2113 2097 91
is_linear=0
shrinkage=0.04


Tree=96
num_leaves=15
num_cat=0
split_feature=7 9 3 5 1 7 7 0 6 5 1 4 0 1
split_gain=3.0814 1.75127 1.67665 1.47283 1.08067 1.18708 1.12436 1.11509 1.00255 3.80414 1.30942 1.28833 2.5059 2.15782
threshold=0.65196481347084057 0.83333334326744091 0.016001025214791301 1.0000000180025095e-35 0.75000000000000011 0.66873723268508922 0.67651858925819408 0.18333333730697635 1.0000000180025095e-35 1.0000000180025095e-35 0.04446640424430371 1.0000000180025095e-35 0.41666667163372045 0.030776515603065494
decision_type=2 2 2 2 2 2 2 2 2 2 2 2 2 2
left_child=2 4 3 -1 5 -2 7 -7 9 11 -10 12 13 -4
right_child=1 -3 8 -5 -6 6 -8 -9 10 -11 -12 -13 -14 -15
leaf_value=-0.0099366586563027024 0.024698383262150056 0.017174659995677213 0.017616593722826805 -3.0906012917090532e-05 0.018535802862018291 -0.055184458296918669 0.0010648499528688826 0.034847410169194251 -0.041875507284877378 -0.072629832022872542 0.016995293664202139 0.0082360501805735613 0.0081463609765391708 -0.021927512930891187
leaf_weight=82.126579871808644 3.3753751604817799 14.161129147280006 2.6431730417534736 33.941110537591157 6.1839550687000147 1.0389159922488023 104.39044603635557 0.27927794307470311 0.64825623203068872 1.161378833465277 8.9569621039554459 20.694298468064517 13.13233826775104 13.405992433428763
leaf_count=12991 57 239 78 1454 99 67 2153 5 25 43 162 393 175 382
internal_value=-0.00078917 0.00389992 -0.00422364 -0.00703997 0.00226907 0.00134691 0.000601278 -0.0361099 0.00116673 -0.00106446 0.0130221 0.000601969 -0.0048118 -0.0154149
internal_weight=306.139 129.429 176.71 116.068 115.268 109.084 105.709 1.31819 60.6424 51.0372 9.60522 49.8758 29.1815 16.0492
internal_count=18323 2620 15703 14445 2381 2282 2225 72 1258 1071 187 1028 635 460
is_linear=0
shrinkage=0.04


Tree=97
num_leaves=15
num_cat=0
split_feature=8 7 3 0 7 7 0 5 1 1 8 3 1 8
split_gain=3.5516 2.3474 1.17628 1.1585 1.04245 2.08327 1.02482 0.904669 0.892474 1.33969 1.82002 1.9844 2.08869 1.27372
threshold=0.87403500080108654 0.86642786860466015 0.016001025214791301 0.29166667163372045 0.69785863161087047 0.72326120734214794 0.41666667163372045 1.0000000180025095e-35 0.012270400300621988 0.042572464793920524 2.1057972908020024 0.010695495177060367 0.028991596773266796 0.88132035732269298
decision_type=2 2 2 2 2 2 2 2 2 2 2 2 2 2
left_child=1 2 7 4 -2 -6 -5 -1 -7 10 11 12 -10 -11
right_child=3 -3 -4 6 5 8 -8 -9 9 13 -12 -13 -14 -15
leaf_value=-0.0056271124329508419 0.054859892958752793 -0.074003212636562218 0.0021761512571363724 0.039075790095073566 -0.063299023668554444 0.024008530992813873 0.012239545236190931 0.0011425458679557121 -0.004833375667712839 0.063352313177500716 0.02370775751278455 -0.029613812950010327 0.054190678355604177 0.0088226880003328765
leaf_weight=116.11563705813023 0.69197661709040303 0.72274633124470611 79.264272563857958 3.2612610077485424 0.69625371508300204 4.2201299583539358 7.5424146875739098 43.386168642493431 10.801549613475803 0.70096960011869924 3.3644960308447471 5.0119254831224671 1.0527537278831012 30.807539209723473
leaf_count=13993 12 26 1578 62 19 60 134 1642 198 9 61 108 9 489
internal_value=0.000268296 -0.00202439 -0.00180651 0.00832498 0.00606139 0.00546538 0.0203405 -0.00378569 0.00632095 0.00487826 -0.00315441 -0.00851291 0.000408416 0.0100358
internal_weight=307.64 239.489 238.766 68.1513 57.3476 56.6556 10.8037 159.502 55.9594 51.7392 20.2307 16.8662 11.8543 31.5085
internal_count=18400 17239 17213 1161 965 953 196 15635 934 874 376 315 207 498
is_linear=0
shrinkage=0.04


Tree=98
num_leaves=15
num_cat=0
split_feature=8 7 0 3 4 6 1 0 0 1 1 3 1 7
split_gain=3.55137 1.64518 1.52288 1.30414 1.23255 1.83168 1.66937 2.51392 1.80442 1.50369 1.40918 2.74569 1.17272 1.15581
threshold=0.76598063111305248 0.74810978770256054 0.11805555596947671 0.016001025214791301 1.0000000180025095e-35 1.0000000180025095e-35 0.030776515603065494 0.41666667163372045 0.037749288603663451 0.028991596773266796 0.41666667163372045 0.032654680311679847 0.039230769500136382 0.69785863161087047
decision_type=2 2 2 2 2 2 2 2 2 2 2 2 2 2
left_child=1 3 -3 -1 5 6 -5 8 -8 -6 12 -12 -9 -2
right_child=13 2 -4 4 9 -7 7 10 -10 -11 11 -13 -14 -15
leaf_value=-0.0046093263013236895 0.054846736071624907 -0.073500035636429609 0.036268436278972853 0.017082683353558871 -0.053206594366859469 0.011534981053819827 0.0035260309315549771 -0.042287096193097035 -0.028704903014682124 0.010472689572187036 -0.064298380021634752 0.0075444058683527462 0.013215330277166227 0.0063081670343356124
leaf_weight=142.84621675974631 0.79174520913511415 0.92919449321925529 0.25847586430609226 4.1343591045588246 0.60756896878592925 11.902746623847632 3.6288063991814861 0.6498167384415855 11.869438380934296 25.284927442669868 1.3552987165749084 2.2881310321390629 9.7213314492255432 91.186620349064469
leaf_count=15194 15 58 4 115 40 224 77 15 350 455 20 21 145 1724
internal_value=0.000146013 -0.00266272 -0.0496108 -0.00240251 0.00200992 -0.00195129 -0.00672208 -0.0100568 -0.0211583 0.00897845 0.00221989 -0.01918 0.00973776 0.00672598
internal_weight=307.455 215.476 1.18767 214.289 71.4424 45.5499 33.6472 29.5128 15.4982 25.8925 14.0146 3.64343 10.3711 91.9784
internal_count=18457 16718 62 16656 1462 967 743 628 427 495 201 41 160 1739
is_linear=0
shrinkage=0.04


Tree=99
num_leaves=15
num_cat=0
split_feature=8 0 7 8 8 7 0 3 1 0 6 1 7 7
split_gain=3.00277 2.18188 1.63706 2.22391 2.58249 2.10199 1.89217 1.58076 1.41888 1.36251 1.31149 2.28366 1.27208 1.51063
threshold=1.5477371811866762 0.75000000000000011 0.81844714283943187 1.6140992045402529 1.6568480730056765 0.79772290587425243 0.15476191043853763 0.031076864339411262 0.010256679728627207 0.22500000149011615 1.0000000180025095e-35 0.0093025267124176043 0.84448784589767467 0.88132035732269298
decision_type=2 2 2 2 2 2 2 2 2 2 2 2 2 2
left_child=1 8 5 -4 7 -2 -7 -5 10 12 -1 -12 -6 -14
right_child=2 -3 3 4 9 6 -8 -9 -10 -11 11 -13 13 -15
leaf_value=-0.037184637296848955 0.016192687631111584 0.013527724228531816 0.04129384213817916 -0.030419767863999844 0.056442411799771719 -0.06029854937146463 0.0031426464881066972 0.037218359782540532 -0.0015551902311648164 0.039690190827797449 0.044569852113175427 -0.04382026397025425 -0.022725257836392038 0.014860759474315767
leaf_weight=3.4269207895849823 3.2359344270080355 15.370502507779745 4.7529863379895714 3.1702302107587488 0.93635575938969573 1.5865221237763765 1.4303871304728089 0.66961826058104623 254.13040198133967 3.5692434073425821 1.0277468878775833 0.8581945706391706 2.0969503037631503 9.293404302559793
leaf_count=924 50 222 86 66 16 32 16 11 16495 79 9 147 43 150
internal_value=0.000210855 -0.00111538 0.0120667 0.016731 0.0108155 -0.00620059 -0.0302196 -0.0186246 -0.0019829 0.017927 -0.0224415 0.00434807 0.0116254 0.00794122
internal_weight=305.555 274.814 30.7416 24.4888 19.7358 6.25284 3.01691 3.83985 259.443 15.896 5.31286 1.88594 12.3267 11.3904
internal_count=18346 17797 549 451 365 98 48 77 17575 288 1080 156 209 193
is_linear=0
shrinkage=0.04


Tree=100
num_leaves=15
num_cat=0
split_feature=7 3 6 3 3 4 3 1 3 7 3 5 1 3
split_gain=3.0024 2.58176 1.68215 1.27864 1.43345 1.72939 1.47737 1.71872 1.205 1.53858 1.11708 0.98043 1.64553 1.26748
threshold=0.65196481347084057 0.031750030815601356 1.0000000180025095e-35 0.031408419832587249 0.031750030815601356 1.0000000180025095e-35 0.031890055164694793 0.41666667163372045 0.031408419832587249 0.8892553746700288 0.016261234879493717 1.0000000180025095e-35 0.11805555596947671 0.011834735050797464
decision_type=2 2 2 2 2 2 2 2 2 2 2 2 2 2
left_child=3 8 -3 11 -5 6 -6 -8 10 -10 -2 -1 13 -13
right_child=1 2 -4 4 5 -7 7 -9 9 -11 -12 12 -14 -15
leaf_value=-0.0055669846886505659 0.0015495330721075509 0.0322784084464132 -0.015307020445741852 0.028056207682847587 -0.056751202671280386 0.027630767768391108 0.024946654949473498 -0.017271585376201964 -0.054669723423470727 0.019079068002759898 0.010126342797177114 0.0052788250762288418 0.02586738255252783 -0.010529797297237405
leaf_weight=124.73531405416725 80.749261367367581 8.0974230850115383 1.3930935934185988 4.2447150759398928 0.9201329778879862 2.7741298687178642 2.3505260609090328 4.4901208085939288 1.2328275479376305 0.7151912236586212 34.754329840652645 20.090899463539245 4.0538989207707337 13.612920526997184
leaf_count=14052 1836 163 21 49 15 61 24 54 20 17 535 1062 60 419
internal_value=0.000529696 0.00522563 0.0252934 -0.00283299 0.00843117 0.000523872 -0.00916562 -0.00276491 0.00360408 -0.0275938 0.00413024 -0.00385752 0.0017898 -0.00110625
internal_weight=304.215 126.942 9.49052 177.273 14.7796 10.5349 7.76078 6.84065 117.452 1.94802 115.504 162.493 37.7577 33.7038
internal_count=18388 2592 184 15796 203 154 93 78 2408 37 2371 15593 1541 1481
is_linear=0
shrinkage=0.04


Tree=101
num_leaves=15
num_cat=0
split_feature=8 1 6 3 1 7 1 1 0 8 1 3 0 1
split_gain=4.49353 2.11013 2.03239 1.37998 1.13505 1.06696 0.872879 1.26136 0.838473 0.941608 0.835265 0.786479 1.37234 1.04185
threshold=1.3731684088706972 0.75000000000000011 1.0000000180025095e-35 0.031505834311246879 0.0091326101683080214 0.89101329445838939 0.0093898782506585139 0.010362972505390646 0.18333333730697635 1.3787989020347597 0.18333333730697635 0.015749010257422928 0.087121214717626586 0.22500000149011615
decision_type=2 2 2 2 2 2 2 2 2 2 2 2 2 2
left_child=1 2 3 4 -1 -6 -4 -8 9 -2 -5 13 -13 -9
right_child=8 -3 6 10 5 -7 7 11 -10 -11 -12 12 -14 -15
leaf_value=-0.044843368306168661 0.055567447494852956 0.01357929512389992 0.040463463868240963 0.048586589631540694 -0.0060362683934599218 -0.079189346291958201 -0.051167077391437499 0.00084716338117612447 0.021806800953618387 0.0078649546741383063 0.0055492836090952867 0.031317614740264628 0.0035938965002967182 -0.042123363708743214
leaf_weight=1.2264172760478675 0.67538860999047656 13.2846759383101 0.93767063412815232 0.78451788611709972 143.65086047547811 0.31971902120858331 0.71714273316319932 69.214234289247543 10.328374880366026 33.590312753804028 8.9865680746734125 3.7445800229907027 12.049701415933667 0.91471649054437776
leaf_count=348 6 184 13 7 14086 9 149 2351 209 550 145 61 223 17
internal_value=9.92793e-05 -0.00194315 -0.00279335 -0.00554594 -0.00652514 -0.00619872 0.00207733 0.0016619 0.0118165 0.00880519 0.00900474 0.00210283 0.0101668 0.000286684
internal_weight=300.425 255.831 242.546 154.968 145.197 143.971 87.578 86.6404 44.5941 34.2657 9.77109 85.9232 15.7943 70.129
internal_count=18358 17593 17409 14595 14443 14095 2814 2801 765 556 152 2652 284 2368
is_linear=0
shrinkage=0.04


Tree=102
num_leaves=15
num_cat=0
split_feature=8 3 6 3 5 4 6 1 1 8 5 3 1 4
split_gain=3.77421 2.09153 1.21433 1.00553 1.47027 1.06082 1.39369 1.69338 1.7103 0.984689 0.931495 1.97969 0.910864 2.34295
threshold=0.68412163853645336 0.031750030815601356 1.0000000180025095e-35 0.016001025214791301 1.0000000180025095e-35 1.0000000180025095e-35 1.0000000180025095e-35 0.030776515603065494 0.033908046782016761 2.5572814941406254 1.0000000180025095e-35 0.029561495408415798 0.039230769500136382 1.0000000180025095e-35
decision_type=2 2 2 2 2 2 2 2 2 2 2 2 2 2
left_child=3 9 -3 4 -1 6 7 -5 -9 12 -10 -12 13 -2
right_child=1 2 -4 5 -6 -7 -8 8 10 -11 11 -13 -14 -15
leaf_value=-0.008279185160129196 0.0014361703451211624 0.030023773750877811 -0.012055984080897806 0.018349236611012704 0.0013861592590014681 0.0082329259583077477 0.010417427502419042 -0.084838575762455209 -0.0075654313363216399 0.040866668687220234 0.019772086131063144 -0.089820865302038519 0.0070570201082778049 -0.045194111926070091
leaf_weight=85.710581580889993 42.976223998237401 7.915535473264752 1.2738492125645278 3.7129443329758969 35.657552356336964 20.631283279042691 9.6129719037562591 0.48554534884169953 25.877368364483122 1.166200354695319 0.44441381841897853 0.64864744571968913 61.828866720665246 1.7960895327851165
leaf_count=13179 978 157 19 102 1489 415 193 18 551 22 13 19 1136 72
internal_value=0.000261332 0.00587252 0.0241906 -0.00332912 -0.00543954 0.000841618 -0.00289759 -0.00700415 -0.0104328 0.00431053 -0.00909324 -0.0452629 0.00391061 -0.000434454
internal_weight=299.738 116.957 9.18938 182.781 121.368 61.4132 40.7819 31.1689 27.456 107.767 26.9704 1.09306 106.601 44.7723
internal_count=18363 2384 176 15979 14668 1311 896 703 601 2208 583 32 2186 1050
is_linear=0
shrinkage=0.04


Tree=103
num_leaves=15
num_cat=0
split_feature=7 7 3 1 0 7 3 0 7 3 6 1 3 1
split_gain=2.82171 2.16022 1.56302 1.09045 0.896352 1.3347 1.32961 2.10339 0.976753 1.04954 0.914063 1.176 1.43019 1.29096
threshold=0.76462683081626903 0.75867441296577465 0.015268070157617332 0.013072453904896976 0.18333333730697635 0.74810978770256054 0.030860554426908497 0.15476191043853763 0.65196481347084057 0.030650475062429908 1.0000000180025095e-35 0.014599318150430919 0.014599314890801908 0.015504807699471714
decision_type=2 2 2 2 2 2 2 2 2 2 2 2 2 2
left_child=1 3 -2 -1 5 6 8 -8 9 10 -5 -12 13 -13
right_child=2 -3 -4 4 -6 -7 7 -9 -10 -11 11 12 -14 -15
leaf_value=-0.0139003392143722 0.0011561350057444988 -0.063734705687473164 0.012414671093704593 -0.0070768221023795787 0.0036190963317687427 -0.066039377693728807 -0.0047973838287245149 -0.073866620984194234 0.0040173939006440855 0.030286493675169168 0.02815430050837367 -0.071797121952915557 0.01233512543747103 -0.0040321502203193435
leaf_weight=12.850806196787742 46.973649836145341 0.92870784876868029 34.017582694767043 77.766819391021272 38.402670154580846 0.53841629438102145 2.0232008611783376 1.0831244438886645 30.277499618008733 1.4172969181090582 2.2330354391597202 0.45488001592457195 9.6524203808512521 40.301084232516587
leaf_count=2765 1020 35 565 10634 696 27 25 18 690 15 74 38 219 1541
internal_value=-0.000490059 -0.00285924 0.0058849 -0.00259871 -0.0018873 -0.00316309 -0.00295818 -0.0288807 -0.00246143 -0.00394948 -0.00432156 -0.000251242 -0.00150958 -0.00478848
internal_weight=298.921 217.93 80.9912 217.001 204.15 165.748 165.209 3.10633 162.103 131.826 130.408 52.6414 50.4084 40.756
internal_count=18362 16777 1585 16742 13977 13281 13254 43 13211 12521 12506 1872 1798 1579
is_linear=0
shrinkage=0.04


Tree=104
num_leaves=15
num_cat=0
split_feature=7 3 6 3 5 5 1 3 7 3 3 3 4 1
split_gain=3.13389 1.77946 1.40946 1.1588 1.19779 1.19385 1.5224 0.788129 1.06983 0.697801 2.58363 0.854761 1.15554 1.09352
threshold=0.68412163853645336 0.031750030815601356 1.0000000180025095e-35 0.031408419832587249 1.0000000180025095e-35 1.0000000180025095e-35 0.10555555671453477 0.031408419832587249 0.8410148322582246 0.030947909690439705 0.031039469875395301 0.030186135321855549 1.0000000180025095e-35 0.41666667163372045
decision_type=2 2 2 2 2 2 2 2 2 2 2 2 2 2
left_child=3 7 -3 5 -5 9 -7 -2 -9 11 -11 -1 -13 -14
right_child=1 2 -4 4 -6 6 -8 8 -10 10 -12 12 13 -15
leaf_value=-0.0060774165698737094 0.0044887600795459493 0.029818789679660351 -0.015483787829842801 0.011228224360632451 -0.039994062672146544 -0.00070819044541258608 0.023273129205329306 -0.050173286707975821 0.015512168827416553 -0.084174576657089994 -0.0070356251604148804 -0.0089267058057886199 0.035911950669208235 -0.0028378435549371059
leaf_weight=113.89569164181012 107.85908748279326 7.2859245615545642 1.2939702952280638 12.779609840596091 0.77471971511840898 33.681781486055115 4.8446837160736314 0.97412258572876342 0.66933189006522298 0.84532490652054448 3.8990398617461324 4.053965204395352 2.8467115042731166 1.9726900197565553
leaf_count=13895 2204 155 18 192 15 1506 84 16 17 25 61 80 32 22
internal_value=0.000382814 0.00544436 0.0229865 -0.00294513 0.00830053 -0.00386315 0.00230745 0.00406987 -0.0234215 -0.00572751 -0.0207798 -0.00514582 0.00681187 0.0200508
internal_weight=297.677 118.082 8.57989 179.594 13.5543 166.04 38.5265 109.503 1.64345 127.513 4.74436 122.769 8.87337 4.8194
internal_count=18322 2410 173 15912 207 15705 1590 2237 33 14115 86 14029 134 54
is_linear=0
shrinkage=0.04


Tree=105
num_leaves=15
num_cat=0
split_feature=8 0 7 0 5 0 8 1 8 8 3 8 8 7
split_gain=2.89867 1.72168 1.33334 1.29423 1.45581 1.33329 1.96121 2.26951 1.30187 1.2456 1.20073 1.16179 1.11231 0.989294
threshold=1.5477371811866762 0.22500000149011615 0.89101329445838939 0.064583335071802153 1.0000000180025095e-35 0.046536797657608993 0.8892553746700288 0.18333333730697635 1.4850433468818667 0.81691750884056102 0.015268070157617332 1.5265618562698366 0.8892553746700288 0.76530236005783092
decision_type=2 2 2 2 2 2 2 2 2 2 2 2 2 2
left_child=2 -2 3 4 5 10 7 -7 9 -6 -1 -5 -12 -3
right_child=1 13 -4 11 8 6 -8 -9 -10 -11 12 -13 -14 -15
leaf_value=-0.005590986070621938 0.0077448099420748661 -0.029697021954075104 -0.080806261979002494 0.004031702122082188 0.0017699484225154778 -0.043970274360971347 -0.088586489079026748 0.032447306429136104 -0.040989841178571094 0.020439608257161006 0.0016063734627108398 -0.047352717107109234 0.030989482626036655 0.036803573980158009
leaf_weight=113.57765795434534 24.686936928890649 0.38415444269776244 0.33247845526784559 80.043973839841783 42.797728813573485 1.5641531702131031 0.7106301225721835 1.0321441437117753 1.0385035220533598 6.5994476266205302 17.775174364913259 0.71026571094989677 2.3317405357956877 5.2425592639483511
leaf_count=13882 421 7 13 1522 1624 73 6 15 21 97 496 11 32 134
internal_value=0.000570837 0.0122959 -0.000752849 -0.000653602 -0.00247757 -0.00461661 -0.0297068 -0.0135909 0.0033324 0.00426421 -0.00399596 0.00357976 0.00501385 0.0322634
internal_weight=298.828 30.3137 268.514 268.181 187.427 136.992 3.30693 2.5963 50.4357 49.3972 133.685 80.7542 20.1069 5.62671
internal_count=18354 562 17792 17779 16246 14504 94 88 1742 1721 14410 1533 528 141
is_linear=0
shrinkage=0.04


Tree=106
num_leaves=15
num_cat=0
split_feature=8 1 8 8 8 0 6 1 3 3 1 8 5 8
split_gain=2.99223 1.3069 1.31435 1.25129 1.6362 2.37031 1.14788 2.07034 1.21709 1.1459 1.13088 1.0416 0.982176 1.07162
threshold=1.5523229837417605 0.75000000000000011 1.5265618562698366 1.6140992045402529 1.6405735015869143 0.15476191043853763 1.0000000180025095e-35 0.0094788861460983771 0.015749010257422928 0.031890055164694793 0.0093898782506585139 0.70628839731216442 1.0000000180025095e-35 0.73620402812957775
decision_type=2 2 2 2 2 2 2 2 2 2 2 2 2 2
left_child=1 2 6 -2 5 -5 7 -1 10 -10 -8 -3 13 -12
right_child=3 11 -4 4 -6 -7 8 -9 9 -11 12 -13 -14 -15
leaf_value=-0.046520493089836787 0.028704379711473146 0.0038547628232507851 -0.03428447897102941 -0.055300605095851697 0.011851228078739548 0.03210319230540655 0.04172550369737562 -0.0027986050677648484 0.014818746529998251 -0.029391045388495584 -0.0096148001609896276 0.027738453840716111 0.0036941789392703583 0.0072801364655713779
leaf_weight=1.7523002072412044 6.1557579254731563 9.4789359183050674 1.9378249756991852 1.4127309126779466 20.808025376871228 0.76540077757090319 1.0340163412038226 156.18324342215783 15.566516402643174 0.99821185693144876 25.00825162883848 4.2232455811463288 41.535965124843642 7.905764238908886
leaf_count=525 117 134 33 31 378 11 14 14101 274 16 1445 67 931 180
internal_value=0.000520444 -0.000814442 -0.00146879 0.0126877 0.00839843 -0.0245867 -0.00121441 -0.0032837 0.00233604 0.0121546 0.000181387 0.0112161 -0.000395608 -0.00555673
internal_weight=294.766 265.624 251.922 29.1419 22.9862 2.17813 249.984 157.936 92.0487 16.5647 75.484 13.7022 74.45 32.914
internal_count=18257 17720 17519 537 420 42 17486 14626 2860 290 2570 201 2556 1625
is_linear=0
shrinkage=0.04


Tree=107
num_leaves=15
num_cat=0
split_feature=8 1 4 8 7 0 0 7 3 3 4 8 7 1
split_gain=2.49012 1.85383 2.80029 1.52255 2.29407 1.26391 4.38486 1.37783 1.10065 1.26363 1.66519 1.02138 2.80783 1.30715
threshold=1.5477371811866762 0.03637566231191159 1.0000000180025095e-35 0.70628839731216442 0.69785863161087047 0.15476191043853763 0.18333333730697635 0.8892553746700288 0.031408419832587249 0.032010246068239219 1.0000000180025095e-35 0.87403500080108654 0.85966771841049205 0.080128207802772536
decision_type=2 2 2 2 2 2 2 2 2 2 2 2 2 2
left_child=1 2 -1 4 8 11 -7 -8 -3 -10 -11 12 -5 -13
right_child=-2 3 -4 5 -6 6 7 -9 9 10 -12 13 -14 -15
leaf_value=-0.0039357387375898905 0.011609853107520267 -0.0015188281136919901 -0.04218557833076407 0.0084059966040709866 -0.0747755090644594 -0.059528353103614838 0.016226751762693434 -0.012698525892038062 0.021614322982614943 -0.012661035061538331 0.033179615493148844 0.0052726747836101739 -0.072470159332125472 0.028579539495017285
leaf_weight=85.587009364680853 29.796790616121143 112.08891476748977 3.1760524782584971 20.494661313947294 0.66298258304595847 1.87923946045339 7.6783036394044739 4.0114477397873998 7.4943037889897806 5.426569614559412 1.6544507108628748 6.4926368100568643 0.7106472784653296 9.4598489422351104
leaf_count=10907 560 5191 453 438 21 25 141 65 97 71 51 125 25 130
internal_value=0.000642633 -0.000582131 -0.00530437 0.00177199 -0.000562694 0.00763217 -0.00281624 0.00630077 -0.000174252 0.010166 -0.00195056 0.0114476 0.00569562 0.0190937
internal_weight=296.614 266.817 88.7631 178.054 127.327 50.7268 13.569 11.6898 126.664 14.5753 7.08102 37.1578 21.2053 15.9525
internal_count=18300 17740 11360 6380 5431 949 231 206 5410 219 122 718 463 255
is_linear=0
shrinkage=0.04


Tree=108
num_leaves=15
num_cat=0
split_feature=8 7 0 7 1 1 7 7 1 1 1 8 8 5
split_gain=2.38183 2.38912 1.44139 1.39479 1.29405 0.784226 0.963792 1.54154 0.780021 0.930329 1.32655 1.28951 1.19161 0.884594
threshold=0.80723297595977794 0.79645448923110973 0.11805555596947671 0.74701264500617992 0.010050504934042694 0.75000000000000011 0.85176765918731701 0.81719619035720836 0.012270400300621988 0.015504807699471714 0.016001024283468727 1.6140992045402529 1.773692309856415 1.0000000180025095e-35
decision_type=2 2 2 2 2 2 2 2 2 2 2 2 2 2
left_child=1 2 -1 -4 -2 8 7 -7 -6 11 -11 13 -13 -10
right_child=4 -3 3 -5 5 6 -8 -9 9 10 -12 12 -14 -15
leaf_value=-0.0037997263457666933 -0.044329083012536713 -0.087216079270552374 0.0027287473635972705 0.039545469849396733 0.02248836978437348 0.01942947024671789 0.040512482335874539 -0.058851853902114788 -0.015490801908312162 0.049499280552018896 0.0048457363745063641 -0.086500497857106853 -0.010582764683788383 0.027383583354118161
leaf_weight=167.71480502457416 0.81213678885251184 0.52819323306903143 46.957390956347808 1.7062380416318763 4.0150035237893453 2.2827629698440428 2.3344348780810833 0.48865029122680415 2.073755143210291 1.0829339772462834 62.418504822766408 0.62397815287113167 0.70405138656497002 1.2246629912406208
leaf_count=15885 26 30 915 31 57 44 58 11 48 13 1208 11 14 15
internal_value=-9.22672e-05 -0.00224856 -0.00204115 0.00401961 0.0058994 0.00642747 0.021577 0.00562706 0.00535528 0.00434557 0.00560724 -0.0129719 -0.0462529 0.000427942
internal_weight=294.968 216.907 216.378 48.6636 78.0609 77.2487 5.10585 2.77141 72.1429 68.1279 63.5014 4.62645 1.32803 3.29842
internal_count=18366 16861 16831 946 1505 1479 113 55 1366 1309 1221 88 25 63
is_linear=0
shrinkage=0.04


Tree=109
num_leaves=15
num_cat=0
split_feature=8 8 7 8 1 4 0 8 7 7 7 1 0 1
split_gain=2.23263 1.20756 2.33893 2.11984 1.13732 2.40021 1.13209 1.11149 2.70945 1.19507 1.13846 1.10648 1.03231 1.0218
threshold=1.5523229837417605 1.6140992045402529 0.81831201910972606 1.6499184370040896 0.03637566231191159 1.0000000180025095e-35 0.75000000000000011 0.70628839731216442 0.69785863161087047 0.71407991647720348 0.71884065866470348 0.18333333730697635 0.15476191043853763 0.095454547554254546
decision_type=2 2 2 2 2 2 2 2 2 2 2 2 2 2
left_child=4 2 -2 12 5 -1 7 8 -6 13 -11 -8 -3 -9
right_child=1 3 -4 -5 6 -7 11 9 -10 10 -12 -13 -14 -15
leaf_value=-0.0028191461440114124 -0.034398559724972098 -0.036115288874023085 0.039344618407685716 0.012429384557730277 -0.00099277736896777086 -0.038597349232449368 0.025249087324946157 0.043720374731498944 -0.077922211324388244 -0.049562400845275793 0.0050115699686058288 0.0018608696442757554 0.017408051411434537 -0.017043901456080115
leaf_weight=85.973872602597112 0.80778357572853821 2.3685686821118028 4.6471832278184593 19.056889262981713 118.11260789076914 3.1085515420127185 6.0981060788035375 2.1911259079352017 0.73708465229719777 0.62049873732030292 42.627993951551616 6.8967380276881158 0.76206139335408796 0.55491976067423809
leaf_count=10982 24 49 84 359 5289 445 81 25 20 23 835 114 14 15
internal_value=0.00074218 0.0115635 0.0284246 0.00741813 -0.000378484 -0.00406763 0.00146947 0.000573413 -0.00146988 0.00585327 0.00422858 0.0128363 -0.0230866 0.0314412
internal_weight=294.564 27.6425 5.45497 22.1875 266.921 89.0824 177.839 164.844 118.85 45.9945 43.2485 12.9948 3.13063 2.74605
internal_count=18359 530 108 422 17829 11427 6402 6207 5309 898 858 195 63 40
is_linear=0
shrinkage=0.04


Tree=110
num_leaves=15
num_cat=0
split_feature=8 8 8 3 6 4 0 1 7 1 8 8 0 8
split_gain=2.68465 1.17279 1.21055 1.16285 1.2553 1.25875 2.10573 2.50752 1.12994 1.06202 1.04575 1.11057 2.3272 2.2851
threshold=0.67651858925819408 1.7084267735481264 1.7021593451499941 0.024594374932348732 1.0000000180025095e-35 1.0000000180025095e-35 0.41666667163372045 0.030776515603065494 0.66967597603797924 0.024695121683180336 1.6901376843452456 1.6140992045402529 0.13392857462167743 1.5523229837417605
decision_type=2 2 2 2 2 2 2 2 2 2 2 2 2 2
left_child=3 2 10 8 5 6 7 9 -1 -5 11 13 -13 -2
right_child=1 -3 -4 4 -6 -7 -8 -9 -10 -11 -12 12 -14 -15
leaf_value=-0.0058990895274351344 0.0018482017664841009 0.014555133152801309 -0.051340670625158139 -0.017976334440945013 0.014914336878528292 0.0065906701997778469 0.003510707066011959 -0.02812035687994743 -0.06205954210582041 0.038747031823707007 0.046861366141490751 -0.026500624693482275 0.028879909546826111 0.028035298260002256
leaf_weight=120.65643697725318 87.265727437101305 14.342180058360098 0.66788916289806266 0.82571993488818529 8.6435347413644177 17.165495673427358 13.467445818241686 9.9327115765772742 0.57594436034560104 1.465291808824986 0.85029441490769286 5.1287896810099474 1.59056612662971 5.6784393987618378
leaf_count=14727 1933 271 21 25 172 340 199 328 45 28 11 91 34 111
internal_value=-0.000869889 0.00385036 0.002333 -0.0040268 0.00100865 -0.00179591 -0.00739938 -0.0194195 -0.00616589 0.018303 0.00268965 0.00231279 -0.0133913 0.00344811
internal_weight=288.256 115.524 101.182 172.733 51.5002 42.8567 25.6912 12.2237 121.232 2.29101 100.514 99.6635 6.71936 92.9442
internal_count=18336 2472 2201 15864 1092 920 580 381 14772 53 2180 2169 125 2044
is_linear=0
shrinkage=0.04


Tree=111
num_leaves=15
num_cat=0
split_feature=8 3 3 3 7 7 3 8 3 5 3 3 7 7
split_gain=2.64238 1.57144 1.65199 1.91932 1.24483 1.09318 1.06516 0.964807 0.913638 0.737856 0.706374 1.65485 1.0384 1.08546
threshold=1.5477371811866762 0.0070672251749783763 0.031076864339411262 0.030816650018095974 0.89101329445838939 0.65196481347084057 0.031408419832587249 1.5067449212074282 0.007968255318701269 1.0000000180025095e-35 0.011696309782564642 0.011050060391426088 0.70010116696357738 0.72326120734214794
decision_type=2 2 2 2 2 2 2 2 2 2 2 2 2 2
left_child=4 -2 3 8 5 6 9 10 -3 -1 11 12 -7 -14
right_child=1 2 -4 -5 -6 7 -8 -9 -10 -11 -12 -13 13 -15
leaf_value=-0.0056421955949483363 0.043076554815735114 -0.027738235677332752 0.030415665620565253 -0.04004613636368469 -0.080474956552178817 0.016440503759988109 0.0077940513429697027 -0.021205619107312109 0.0093449480447761728 0.00081183562452645356 0.0056623893241732302 -0.029975283212822994 -0.030938066995549983 5.7946669956333686e-05
leaf_weight=117.58030663253157 2.3137223152443793 1.1259510535746908 4.6141309062950304 1.4717473536729802 0.31771883787587185 5.6943504633382025 13.094941544113679 2.7128137787803999 19.018156693782657 37.343257056258153 56.897682889830321 3.0192219731397918 1.983807851094755 20.361683764262125
leaf_count=13985 25 24 116 21 15 153 194 58 369 1567 1099 105 88 532
internal_value=-7.46536e-05 0.0114758 0.00868837 0.00405045 -0.00134757 -0.00125039 -0.00316056 0.00228931 0.00727219 -0.0040865 0.00301395 -0.00183777 0.00119197 -0.00269384
internal_weight=287.549 28.5437 26.23 21.6159 259.006 258.688 168.019 90.6696 20.1441 154.924 87.9567 31.0591 28.0398 22.3455
internal_count=18351 555 530 414 17796 17781 15746 2035 393 15552 1977 878 773 620
is_linear=0
shrinkage=0.04


Tree=112
num_leaves=15
num_cat=0
split_feature=8 3 7 8 3 8 7 1 7 8 8 7 7 1
split_gain=2.27987 1.41529 1.10201 0.90781 1.55896 1.4546 1.9958 1.99997 0.995841 1.56747 1.80483 1.08699 2.52368 2.71322
threshold=0.67651858925819408 0.032010246068239219 0.66967597603797924 1.5456029176712038 0.031253814697265632 1.502380967140198 0.79739290475845348 0.095454547554254546 0.81844714283943187 1.6140992045402529 1.6405735015869143 0.8892553746700288 0.84448784589767467 0.18333333730697635
decision_type=2 2 2 2 2 2 2 2 2 2 2 2 2 2
left_child=2 3 -1 4 5 -2 -7 -8 -5 -10 -11 12 -12 -14
right_child=1 -3 -4 8 -6 6 7 -9 9 10 11 -13 13 -15
leaf_value=-0.0026120907294230247 0.0035829215388359335 0.025994820687279447 -0.04904746318293695 -0.004017066636227285 -0.02238463958545062 0.023799822921777326 -0.098066521139236237 -0.0081455630368116941 0.033278288743825851 -0.031678985039992863 0.049921958167306824 0.019304508095984201 -0.042879056643017777 0.029926374923343126
leaf_weight=173.15792998223333 77.441413113381714 4.6554176185745737 0.82160487282089789 6.60217136749998 4.1930330432951441 0.78803050704300348 0.80940547585487344 0.77437521237879992 5.0443642493337419 1.6636068145744527 1.0914674792438717 10.646830733865499 2.5205365726724271 1.2131837327033279
leaf_count=15764 1724 115 53 99 74 14 22 13 89 37 27 202 58 17
internal_value=7.54456e-05 0.00438157 -0.00283138 0.00348947 0.00138893 0.00263789 -0.0282182 -0.0541005 0.0096203 0.0136796 0.00791022 0.012167 -0.003582 -0.0192227
internal_weight=291.423 117.444 173.98 112.788 84.0063 79.8132 2.37181 1.58378 28.7822 22.18 17.1356 15.472 4.82519 3.73372
internal_count=18308 2491 15817 2376 1847 1773 49 35 529 430 341 304 102 75
is_linear=0
shrinkage=0.04


Tree=113
num_leaves=15
num_cat=0
split_feature=8 7 3 3 8 1 3 1 3 1 1 1 3 8
split_gain=1.91857 1.49371 1.18731 1.07109 1.06973 0.903746 1.15709 1.23677 1.14285 1.23205 0.935875 1.27921 1.57534 1.16303
threshold=0.80723297595977794 0.79645448923110973 0.027528079226613048 0.027355375699698928 2.3460838794708256 0.048809524625539787 0.0076629500836133966 0.015749008394777778 0.027217179536819461 0.024099883623421196 0.060661764815449722 0.074175827205181136 0.028290714137256149 1.5188317298889162
decision_type=2 2 2 2 2 2 2 2 2 2 2 2 2 2
left_child=1 2 3 -1 5 6 -2 -8 9 -9 -7 12 -12 -13
right_child=4 -3 -4 -5 -6 10 7 8 -10 -11 11 13 -14 -15
leaf_value=-0.0030699297359895461 0.014019047298779506 -0.07647807620697171 0.0036330362130684267 -0.045005247808803141 0.020883528558955082 0.025517351284493252 -0.04061693439021017 0.0088587404026861001 0.05698770787270082 -0.011187704290034304 -0.00070117361747495856 0.014231861125740999 -0.061547618533359404 -0.0019086573129129081
leaf_weight=159.262307678262 6.3948240196332362 0.42738529434427519 51.932246923679486 0.98051093984395166 6.713337989524006 4.4114486691541961 1.4759603459388042 7.5404013046063545 0.500011395663022 14.037513958057387 2.517966917250305 20.15334460884333 0.93309465795755375 11.064535412937401
leaf_count=15791 118 27 998 24 143 70 41 167 8 305 60 341 16 227
internal_value=0.000173931 -0.00177357 -0.0016231 -0.00332653 0.00564041 0.00415796 -0.0010703 -0.00516703 -0.00279712 -0.00418248 0.00816457 0.00595651 -0.0171528 0.00851119
internal_weight=288.345 212.602 212.175 160.243 75.7424 69.0291 29.9487 23.5539 22.0779 21.5779 39.0804 34.6689 3.45106 31.2179
internal_count=18336 16840 16813 15815 1496 1353 639 521 480 472 714 644 76 568
is_linear=0
shrinkage=0.04


Tree=114
num_leaves=15
num_cat=0
split_feature=8 1 3 8 7 8 8 8 7 0 1 3 8 8
split_gain=2.42427 1.92971 1.44313 1.4103 2.0338 1.52469 1.48545 1.06225 1.54201 0.949218 0.885485 1.02464 1.19797 1.24939
threshold=1.5523229837417605 0.037749288603663451 0.026612325571477417 0.70705461502075206 0.69785863161087047 0.71407991647720348 0.71882361173629772 1.4850433468818667 0.80149444937706005 0.75000000000000011 0.41666667163372045 0.031408419832587249 1.5250638723373415 1.1502401232719424
decision_type=2 2 2 2 2 2 2 2 2 2 2 2 2 2
left_child=1 2 7 4 -3 -5 -7 -1 -9 -4 11 12 13 -8
right_child=-2 3 9 5 -6 6 10 8 -10 -11 -12 -13 -14 -15
leaf_value=-0.0047854928922281036 0.011193084190146148 -0.00065099830414732849 -0.0060896233156964375 0.03968647118629591 -0.065271831868878291 -0.063308144947025746 0.0031621553213260103 0.0091087479934060158 -0.064054563437257558 -0.079176876977419139 0.018559342826918949 -0.022147614080381631 -0.03793435867907103 0.023342992982726858
leaf_weight=86.843021082895575 27.573741594329476 122.06755239647464 0.4744102326221753 2.1803811071440569 0.78426821576431294 0.49721028050407667 28.755406127776951 0.76710883900523086 1.1547223180532453 0.70956137403845787 7.7153287420514962 2.3057093750685445 0.99383299704641004 5.9186916863545767
leaf_count=11594 550 5198 17 27 24 19 622 18 23 12 129 38 20 82
internal_value=-8.6885e-05 -0.00127781 -0.00602158 0.00121431 -0.00106353 0.00700005 0.00545697 -0.00543644 -0.034851 -0.0498913 0.00620531 0.00369526 0.00536585 0.00660692
internal_weight=288.741 261.167 89.9488 171.218 122.852 48.3666 46.1862 88.7649 1.92183 1.18397 45.689 37.9736 35.6679 34.6741
internal_count=18373 17823 11664 6159 5222 937 910 11635 41 29 891 762 724 704
is_linear=0
shrinkage=0.04


Tree=115
num_leaves=15
num_cat=0
split_feature=8 7 1 1 8 3 1 8 8 7 8 1 1 1
split_gain=2.1263 2.39732 1.13915 1.51954 2.15255 1.40929 1.00461 1.07555 0.852156 0.829407 1.34081 1.29534 1.63452 1.20898
threshold=0.80723297595977794 0.79645448923110973 0.048809524625539787 0.030776515603065494 2.2325454950332646 0.027217179536819461 0.035098522901535041 1.3964423537254336 0.81913942098617565 0.87776499986648571 0.83555287122726452 0.012270400300621988 0.013245614245533945 0.028174603357911113
decision_type=2 2 2 2 2 2 2 2 2 2 2 2 2 2
left_child=1 -1 3 9 5 6 7 -5 -8 10 -2 -12 -13 -11
right_child=2 -3 -4 4 -6 -7 8 -9 -10 13 11 12 -14 -15
leaf_value=-0.0017972069775194397 0.017348712936555204 -0.087159123666013 0.010066644793055322 -0.081949419538334581 0.049247259670366729 0.047769681725036428 -0.063003827118489356 -0.022337724068582143 -0.010527746066054113 0.0081401358374483274 0.021528611772607086 -0.090846579513678027 -0.013455902829892268 0.045463802164877588
leaf_weight=212.6422628901928 3.9766458563972265 0.52770874579436977 43.069685613270849 0.84110023174434356 0.8089084457606085 0.47918422520160753 0.54132488975301374 1.1414875350892542 5.8015968278050423 9.2002830514684302 1.5518840225413439 0.4722889894619583 5.7863411298021674 1.635403933934868
leaf_count=16800 100 30 804 37 11 9 17 23 111 182 29 11 136 20
internal_value=3.26017e-05 -0.00200852 0.00581044 0.000123908 -0.0131982 -0.0189352 -0.0227745 -0.0476276 -0.0150062 0.00578515 -0.00155819 -0.0111845 -0.019296 0.0137733
internal_weight=288.476 213.17 75.3061 32.2364 9.6136 8.80469 8.32551 1.98259 6.34292 22.6228 11.7872 7.81051 6.25863 10.8357
internal_count=18320 16830 1490 686 208 197 188 60 128 478 276 176 147 202
is_linear=0
shrinkage=0.04


Tree=116
num_leaves=15
num_cat=0
split_feature=8 8 0 8 1 6 1 1 1 7 7 0 7 7
split_gain=2.38343 1.11122 1.0736 1.0269 0.871112 0.859697 1.19425 0.911034 1.64939 0.879107 0.878599 0.727269 0.671506 1.44945
threshold=1.3731684088706972 0.89101329445838939 0.29166667163372045 1.3787989020347597 0.75000000000000011 1.0000000180025095e-35 0.0091326101683080214 0.0093898782506585139 0.011561079882085325 0.78363332152366649 0.76811915636062633 0.057189542800188072 0.65196481347084057 0.66967597603797924
decision_type=2 2 2 2 2 2 2 2 2 2 2 2 2 2
left_child=1 4 3 -2 5 6 -1 -7 -9 10 11 -10 -8 -14
right_child=2 -3 -4 -5 -6 7 12 8 9 -11 -12 -13 13 -15
leaf_value=-0.04564980570645389 0.055970448632887471 -0.059327347743218732 0.024908080897269147 0.0050212616836395113 0.0084503878088417837 0.041179525966441574 -0.0057180762715256352 -0.034326307900930199 -0.001770920638269863 0.011001524183556322 -0.042136532462935111 0.0094007738877893102 0.028053705535046693 -0.0016874588180822981
leaf_weight=1.1029455984244112 0.64497410878538985 0.53824961371719737 5.5590376062318674 33.969062474556267 12.606891620205714 0.8875844394788136 100.30920676876849 2.127897849190048 57.119230819516815 12.736217715311794 0.79903017031028767 11.142165882978587 2.787692693527787 44.072832774487324
leaf_count=343 7 20 139 617 184 13 13026 236 2099 236 24 222 46 1130
internal_value=-0.000442769 -0.00191667 0.00859113 0.00597061 -0.0017909 -0.00234482 -0.0041821 0.00086719 0.000440848 0.0013453 -0.000435517 5.26118e-05 -0.00387132 8.18177e-05
internal_weight=286.403 246.23 40.1731 34.614 245.692 233.085 148.273 84.8121 83.9245 81.7966 69.0604 68.2614 147.17 46.8605
internal_count=18342 17579 763 624 17559 17375 14545 2830 2817 2581 2345 2321 14202 1176
is_linear=0
shrinkage=0.04


Tree=117
num_leaves=15
num_cat=0
split_feature=8 7 7 1 7 7 1 8 3 7 0 3 1 8
split_gain=2.36946 1.18326 0.974524 1.12604 0.957513 0.978099 0.893565 2.05999 1.2661 0.957194 0.855664 0.772899 0.729967 0.940813
threshold=1.5477371811866762 0.88132035732269298 0.87433862686157238 0.057189542800188072 0.89101329445838939 0.65196481347084057 0.039230769500136382 0.83555287122726452 0.026859275065362457 0.88476338982582103 0.29166667163372045 0.010811130050569774 0.040833333507180221 0.70628839731216442
decision_type=2 2 2 2 2 2 2 2 2 2 2 2 2 2
left_child=4 2 -2 -4 5 -1 7 8 -7 -9 11 -11 -8 -14
right_child=1 -3 3 -5 -6 6 12 9 -10 10 -12 -13 13 -15
leaf_value=-0.0036030323436137893 0.0056148193813912459 0.018416242249670416 -0.076337912036677544 -0.002541155492896852 -0.089093368290772038 0.0045643323618941032 0.0295889795068318 -0.029371280456078067 -0.07533813330228871 -0.0042032507923993384 0.047466486610445363 -0.045490275796314511 -0.0084149604329273528 0.0062071350998014517
leaf_weight=166.69396687428525 11.340601442847399 14.410174589604139 0.52066169492900438 0.90736355818808079 0.20117260050028463 22.74429988022894 1.8310840618796635 5.4777042954228801 0.32178644835948844 4.7566878842189908 0.43933665379881848 0.85601888876408327 8.3589781876653415 44.636111282277852
leaf_count=15674 206 308 15 14 12 673 28 148 4 106 4 25 182 866
internal_value=-0.000670268 0.0105599 0.00169348 -0.0294476 -0.00186106 -0.00179255 0.00158243 -0.00345122 0.00344964 -0.0172569 -0.00629214 -0.0105001 0.00475871 0.00390077
internal_weight=283.496 27.1788 12.7686 1.42803 256.317 256.116 89.422 34.5958 23.0661 11.5297 6.05204 5.61271 54.8262 52.9951
internal_count=18265 543 235 29 17722 17710 2036 960 677 283 135 131 1076 1048
is_linear=0
shrinkage=0.04


Tree=118
num_leaves=15
num_cat=0
split_feature=8 6 1 1 3 3 3 3 8 7 1 8 7 0
split_gain=2.13673 1.279 1.37789 1.31222 1.18678 1.25776 1.16987 1.11273 1.01624 1.13105 2.79352 1.42624 1.06592 1.03094
threshold=1.1502401232719424 1.0000000180025095e-35 0.0093025267124176043 0.0091326101683080214 0.031076864339411262 0.032394465059041984 0.014599314890801908 0.032654680311679847 1.3787989020347597 0.8892553746700288 0.15476191043853763 2.4556701183319096 0.87871092557907116 0.15476191043853763
decision_type=2 2 2 2 2 2 2 2 2 2 2 2 2 2
left_child=1 3 -3 -1 8 -6 -4 -7 -2 11 -11 12 -10 -12
right_child=4 2 6 -5 5 7 -8 -9 9 10 13 -13 -14 -15
leaf_value=-0.046239237563512114 0.052481926714948057 0.048229956401434154 -0.00060781804938983737 -0.003097345160622665 0.032967060334509558 -0.051079074122897479 0.010247295760546051 0.042429656315347779 0.00010197308935004011 0.023398116187682418 -0.042977558389248806 -0.045200183576985867 0.057226444674539557 0.016866237553871448
leaf_weight=1.1360756996436965 0.73001155816018481 1.0473780315369356 64.37941331951879 159.67127217774396 5.0228825784288338 0.58382069785147894 21.088417974766344 0.31265548150986433 19.741456546355046 10.101607657037674 1.6090631559491151 1.0976008009165514 0.53685149364173312 0.64530967362225045
leaf_count=352 10 9 2385 14415 113 16 427 13 357 198 30 19 8 16
internal_value=0.000100639 -0.00129226 0.0026294 -0.00340214 0.00863171 0.0251775 0.00207058 -0.0184669 0.00578972 0.00477923 0.0144132 -0.000789513 0.0016143 -0.0258474
internal_weight=287.704 247.323 86.5152 160.807 40.3813 5.91936 85.4678 0.896476 34.4619 33.7319 12.356 21.3759 20.2783 2.25437
internal_count=18368 17588 2821 14767 780 142 2812 29 638 628 244 384 365 46
is_linear=0
shrinkage=0.04


Tree=119
num_leaves=15
num_cat=0
split_feature=3 5 1 7 0 7 4 3 3 1 3 1 0 7
split_gain=1.50305 1.32051 1.05255 1.01561 1.02104 0.977322 0.9706 0.789741 2.02289 0.929126 0.762465 1.71206 0.757888 0.850596
threshold=0.031299686059355743 1.0000000180025095e-35 0.18333333730697635 0.65196481347084057 0.75000000000000011 0.66873723268508922 1.0000000180025095e-35 0.027410119771957401 0.024101675488054756 0.030776515603065494 0.030816650018095974 0.75000000000000011 0.22500000149011615 0.67651858925819408
decision_type=2 2 2 2 2 2 2 2 2 2 2 2 2 2
left_child=1 3 -2 4 10 6 -5 8 9 -3 -1 -12 13 -7
right_child=2 7 -4 5 -6 12 -8 -9 -10 -11 11 -13 -14 -15
leaf_value=-0.0044723954816310012 0.040227909100834056 0.010058063616252333 0.0076574732207761818 0.0058090703510951403 0.015989716364905652 -0.041967224790263401 0.059825465948443186 0.016892368610990909 -0.054671224807099322 -0.0005683336639591359 -0.035770776961248675 0.032987537341486774 0.012802813300718585 -0.00011748074438467069
leaf_weight=109.73477190626727 1.7056363108567918 23.185107769357273 22.921807375969365 1.3137885001488023 3.8030832731164983 0.78588989865966041 0.89470434421673406 7.4345848551020017 0.95621855836361547 30.462193481507711 3.0607682028785343 0.71470799297094334 7.4865956064313641 69.206884495913982
leaf_count=13846 23 1029 417 26 55 57 11 140 30 825 66 7 146 1678
internal_value=0.000470096 -0.000427683 0.00991322 -0.00203035 -0.00439743 0.00145437 0.0276922 0.00466157 0.00299627 0.00402415 -0.00508048 -0.0227546 0.000706477 -0.000587376
internal_weight=283.667 259.039 24.6274 197.001 117.313 79.6879 2.20849 62.0381 54.6035 53.6473 113.51 3.77548 77.4794 69.9928
internal_count=18356 17916 440 15892 13974 1918 37 2024 1884 1854 13919 73 1881 1735
is_linear=0
shrinkage=0.04


Tree=120
num_leaves=15
num_cat=0
split_feature=3 4 1 1 7 8 6 3 5 3 0 3 1 4
split_gain=1.96748 1.09078 0.680833 0.876495 0.877668 0.874477 0.63715 1.657 1.36901 1.85773 1.16749 1.71615 2.51344 1.05082
threshold=0.016001025214791301 1.0000000180025095e-35 0.039230769500136382 0.046536797657608993 0.73104071617126476 1.6901376843452456 1.0000000180025095e-35 0.032138250768184669 1.0000000180025095e-35 0.029561495408415798 0.18333333730697635 0.030816650018095974 0.75000000000000011 1.0000000180025095e-35
decision_type=2 2 2 2 2 2 2 2 2 2 2 2 2 2
left_child=1 -1 5 4 -4 -3 8 -8 10 -10 11 13 -13 -2
right_child=6 2 3 -5 -6 -7 7 -9 9 -11 -12 12 -14 -15
leaf_value=-0.0019976481418490588 -0.0086863237494802913 -0.04132988551727302 0.054588317702836953 -0.012687934815192493 -0.038170320088003237 0.054465225350104202 0.01324238709108555 -0.041991637353918067 0.0068987237455924487 -0.091905581226390393 0.007806670217692626 -0.06807259720690384 -0.0050832719749910093 0.0064805594225200644
leaf_weight=167.77525782647717 11.065797904971985 2.0122312766034152 0.61077872969326463 11.414179742481791 0.22272225562483072 0.16496887058019627 18.349208483938131 0.91222001146525045 0.64861035253852495 0.57385792583227158 41.335714622866362 1.4600976034998883 3.3142910767346621 21.528819199185818
leaf_count=15139 346 412 52 581 9 2 346 12 25 19 826 31 42 416
internal_value=-0.000437299 -0.00290515 -0.0134603 -0.00979633 0.029802 -0.0340714 0.00409591 0.0106265 0.00252212 -0.0394825 0.00317455 -0.00194927 -0.0243466 0.00133144
internal_weight=281.389 182.2 14.4249 12.2477 0.833501 2.1772 99.1886 19.2614 79.9272 1.22247 78.7047 37.369 4.77439 32.5946
internal_count=18258 16195 1056 642 61 414 2063 358 1705 44 1661 835 73 762
is_linear=0
shrinkage=0.04


Tree=121
num_leaves=15
num_cat=0
split_feature=7 0 1 7 1 7 7 7 8 3 1 1 1 3
split_gain=1.45957 1.96363 1.99305 1.07065 1.74451 1.15261 1.11006 1.58851 1.07436 1.07417 1.04769 0.948789 1.6709 1.14204
threshold=0.88476338982582103 0.75000000000000011 0.040833333507180221 0.86528104543685924 0.074175827205181136 0.87136363983154308 0.81844714283943187 0.81055158376693737 0.88132035732269298 0.016261234879493717 0.023532669059932235 0.75000000000000011 0.29166667163372045 0.03039026074111462
decision_type=2 2 2 2 2 2 2 2 2 2 2 2 2 2
left_child=1 3 10 6 -5 -6 7 -1 -7 -9 -3 12 13 -2
right_child=11 2 -4 4 5 8 -8 9 -10 -11 -12 -13 -14 -15
leaf_value=-0.0016269575320906852 0.0070502304513758744 0.0073684306859058222 0.020027232393627737 -0.040910916703673035 -0.028413039015711052 0.067847790634426974 0.011493925084058505 -0.073126854003787448 -0.0057525715149666923 0.0023063013606974942 -0.068066990112116491 0.036093193530904635 -0.018100436072907039 0.033230982156945491
leaf_weight=220.52901045521139 24.436469078995295 0.53193075489252695 11.069201476871966 2.7969445162452748 0.86897064186632667 0.64041604939848162 10.382867602631448 0.8348669447004784 0.62899744510650635 0.47325948253273964 0.66017844807356596 1.8253361973911513 3.89196280715987 2.9922999134287229
leaf_count=17022 481 10 179 84 20 8 239 28 13 8 17 48 72 61
internal_value=0.000173873 -0.000874143 0.0147349 -0.00168115 -0.0201168 0.00708122 -0.00128934 -0.00188765 0.0313786 -0.0458363 -0.034407 0.00805995 0.00642621 0.00990638
internal_weight=282.563 249.417 12.2613 237.155 4.93533 2.13838 232.22 221.837 1.26941 1.30813 1.19211 33.1461 31.3207 27.4288
internal_count=18290 17628 206 17422 125 41 17297 17058 21 36 27 662 614 542
is_linear=0
shrinkage=0.04


Tree=122
num_leaves=15
num_cat=0
split_feature=3 6 8 3 3 7 3 7 7 3 3 7 8 8
split_gain=2.16011 1.36713 1.35979 2.24105 1.21995 1.12968 1.06457 1.03483 1.11167 0.893172 1.46283 1.28717 1.49659 2.02536
threshold=0.030292679555714134 1.0000000180025095e-35 1.6892020702362063 0.013423420023173096 0.0059702000580728063 0.82862794399261486 0.029491504654288295 0.8892553746700288 0.8403800129890443 0.028290714137256149 0.028219045139849189 0.8892553746700288 0.72414132952690136 1.4386643171310427
decision_type=2 2 2 2 2 2 2 2 2 2 2 2 2 2
left_child=1 2 9 7 -3 -6 -5 8 -4 10 -1 12 -11 -14
right_child=-2 4 3 6 5 -7 -8 -9 -10 11 -12 -13 13 -15
leaf_value=-0.004592552862550346 0.0073580234269237967 0.04592260736608874 0.056960179621363009 -0.022608904550900252 -0.0006679768594051752 0.011556323544957376 0.033476859487953543 0.062202412864693343 -0.026860409726102409 -0.018864855485472228 0.046228225833122936 -0.049134577156433448 0.029731973238630475 -0.044611693661458063
leaf_weight=121.79586332218605 46.711705897934735 0.98854876961558957 0.45762693323194914 2.2327609686180954 77.190273641608655 14.343086214736102 0.71485165320336808 1.5810758462175725 0.56660551484674215 9.2091616345569474 0.91300596110522647 1.5585224861279119 2.535091513767838 0.76272394880652417
leaf_count=14085 833 9 7 42 2693 276 15 18 13 257 10 28 38 12
internal_value=-0.000497825 -0.00206036 -0.00452101 0.0148831 0.00172488 0.00124755 -0.00900705 0.0419121 0.0105906 -0.0053088 -0.00421442 -0.0148562 -0.0105847 0.0125377
internal_weight=281.561 234.849 142.327 5.55292 92.5219 91.5334 2.94761 2.60531 1.02423 136.774 122.709 14.0655 12.507 3.29782
internal_count=18336 17503 14525 95 2978 2969 57 38 20 14430 14095 335 307 50
is_linear=0
shrinkage=0.04


Tree=123
num_leaves=15
num_cat=0
split_feature=9 3 3 3 1 3 3 7 7 1 3 1 5 1
split_gain=1.80909 1.09795 0.746503 1.12938 1.03341 0.778916 1.21758 1.02989 0.768074 1.16967 1.10824 0.992227 0.968147 0.859167
threshold=0.5000000149011613 0.01550481002777815 0.031076864339411262 0.030787454918026928 0.41666667163372045 0.032394465059041984 0.032654680311679847 0.7856014370918275 0.8892553746700288 0.15476191043853763 0.015038445126265289 0.22500000149011615 1.0000000180025095e-35 0.012422839645296337
decision_type=2 2 2 2 2 2 2 2 2 2 2 2 2 2
left_child=1 -1 3 8 -5 7 -7 -4 10 -10 12 -11 -2 -14
right_child=2 -3 5 4 -6 6 -8 -9 9 11 -12 -13 13 -15
leaf_value=-0.0031725374814003931 -0.014352933864004802 0.0024385812548210943 0.0026037007564038827 -0.0006459057906275129 -0.06587179540458285 -0.051945839147812672 0.036046830024271212 0.040611881755381808 0.021609074598972697 -0.050809381728514985 0.015279708497781633 0.012669312282376111 0.054224331095415329 0.0027019655756815981
leaf_weight=152.51971406611847 6.9289600173942834 87.983080150093883 1.7373404698446382 0.97330362070351728 0.64699035603553057 0.53939924109727122 0.47158539202064276 3.3212726782076061 9.205755328293888 0.70790600776672252 7.1487784460186949 0.88843337260186672 0.58417069166898716 4.5615489408373833
leaf_count=15541 159 1940 29 19 9 13 16 88 193 13 131 20 5 79
internal_value=0.000157487 -0.00111982 0.0083026 0.00583805 -0.0266909 0.0211524 -0.0109006 0.0275583 0.00759344 0.0161279 0.00279772 -0.0154807 -0.00459221 0.00855107
internal_weight=278.218 240.503 37.7154 31.6458 1.62029 6.0696 1.01098 5.05861 30.0256 10.8021 19.2235 1.59634 12.0747 5.14572
internal_count=18255 17481 774 628 28 146 29 117 600 226 374 33 243 84
is_linear=0
shrinkage=0.04


Tree=124
num_leaves=15
num_cat=0
split_feature=7 3 3 6 3 7 3 4 8 7 3 8 7 7
split_gain=1.6231 1.16505 0.501008 1.88333 0.606048 0.591283 0.807421 1.37089 0.793826 0.986752 0.617697 0.459672 0.446391 1.62272
threshold=0.65196481347084057 0.013245610054582359 0.032010246068239219 1.0000000180025095e-35 0.032394465059041984 0.66873723268508922 0.014815624803304674 1.0000000180025095e-35 0.67651858925819408 0.67897284030914318 0.0082988948561251181 0.69785863161087047 0.6899811625480653 0.68529570102691661
decision_type=2 2 2 2 2 2 2 2 2 2 2 2 2 2
left_child=1 -1 5 4 -4 6 -2 -8 10 -10 -7 -6 13 -11
right_child=2 -3 3 -5 11 8 7 -9 9 12 -12 -13 -14 -15
leaf_value=-0.0061490312099650038 0.041342141894879142 0.00057705569216996331 0.044173647346542666 -0.047415475924383652 -0.045642706331134972 0.03045429106843343 -0.031093457550621872 0.046684895394032831 0.046329120358484577 0.0033689399693907656 -0.050806182241152673 0.018847186584919188 0.0033324837205131997 -0.052484082646502603
leaf_weight=73.884932171873515 1.5157075515016907 93.153979417111259 1.8841910371556871 0.61020762659609307 0.20162413455545891 0.18811436602845688 0.9063715375959871 0.60433617979288101 0.8384500197134902 3.7032359498552969 0.73237453121691942 1.4387330065947024 100.105435574078 1.0735547156073151
leaf_count=12476 28 3214 59 7 5 14 14 10 16 84 46 53 2233 41
internal_value=0.000111933 -0.00239804 0.00379606 0.0174646 0.0286973 0.00328073 0.0207155 2.06171e-05 0.00278594 0.00310796 -0.0341995 0.0109204 0.00276244 -0.00918369
internal_weight=280.841 167.039 113.802 4.13476 3.52455 109.668 3.02642 1.51071 106.641 105.721 0.920489 1.64036 104.882 4.77679
internal_count=18300 15690 2610 124 117 2486 52 24 2434 2374 60 58 2358 125
is_linear=0
shrinkage=0.04


Tree=125
num_leaves=15
num_cat=0
split_feature=1 4 8 7 0 8 7 7 1 6 1 1 1 8
split_gain=1.94111 0.953453 0.793614 1.66912 1.46606 1.00586 0.86521 0.763198 0.605942 1.50993 1.31742 1.03425 1.09369 0.989571
threshold=0.75000000000000011 1.0000000180025095e-35 0.76598063111305248 0.74810978770256054 0.11805555596947671 0.76634052395820629 0.70138984918594371 0.85176765918731701 0.010050504934042694 1.0000000180025095e-35 0.012270400300621988 0.015749008394777778 0.014599318150430919 1.449810326099396
decision_type=2 2 2 2 2 2 2 2 2 2 2 2 2 2
left_child=2 -2 3 -1 -5 -4 -7 -3 9 -8 -10 12 13 -12
right_child=1 7 5 4 -6 6 8 -9 10 -11 11 -13 -14 -15
leaf_value=-0.002035879352546786 -0.00069567235734707027 0.016266680805574259 0.03864878112648245 -0.074705926814274279 0.032029567237034096 0.043908644881873862 -0.078269311817446369 0.046475535405505537 0.024845286020647839 0.030621368371365778 0.0099926989419907158 0.0018777000930690843 -0.057922340542848304 -0.035016287501212176
leaf_weight=190.08076131879352 4.7035925583913896 8.1323696887120587 1.2152748405933369 0.89419725467450806 0.26749201864004135 0.77801140677183767 0.48332675127312441 1.6016340078786022 3.7886450765654436 0.35223587555810809 1.9572268933989101 62.841024893568829 0.89411308569833625 1.3011554609984157
leaf_count=16394 64 144 24 58 5 17 26 50 66 8 45 1367 38 29
internal_value=-0.000190998 0.0140918 -0.000969575 -0.00232802 -0.0501289 0.00255968 0.00195387 0.0212372 0.00149809 -0.0323659 0.00189785 0.000600115 -0.018734 -0.00798054
internal_weight=279.291 14.4376 264.853 191.242 1.16169 73.611 72.3957 9.734 71.6177 0.835563 70.7822 66.9935 4.1525 3.25838
internal_count=18335 258 18077 16457 63 1620 1596 194 1579 34 1545 1479 112 74
is_linear=0
shrinkage=0.04


Tree=126
num_leaves=15
num_cat=0
split_feature=8 8 7 6 1 3 3 3 1 1 5 7 5 1
split_gain=1.25882 1.11584 1.01867 0.881759 1.07811 0.806035 1.2808 0.970415 0.709922 0.908036 0.876612 0.785026 0.546241 0.537575
threshold=1.3731684088706972 1.3787989020347597 0.89101329445838939 1.0000000180025095e-35 0.010256679728627207 0.031076864339411262 0.030816650018095974 0.030543250031769279 0.012270400300621988 0.014815627597272398 1.0000000180025095e-35 0.84717625379562389 1.0000000180025095e-35 0.0093898782506585139
decision_type=2 2 2 2 2 2 2 2 2 2 2 2 2 2
left_child=2 -2 3 4 -1 6 7 8 12 10 11 -10 -3 -5
right_child=1 5 -4 13 -6 -7 -8 -9 9 -11 -12 -13 -14 -15
leaf_value=-0.028863326532937626 0.057268490349338758 0.0099714175766086443 -0.087368973782364745 0.036123765222592655 -0.0032146493247206466 0.019921733394144447 -0.035216108605406353 0.036605774338882749 -0.091115892657436318 0.0030019996094338818 0.0018050222835847892 -0.018796234222229785 0.051302223366662347 0.0011526639791687898
leaf_weight=2.6681611630192483 0.66811688244342704 1.4835698017850618 0.22317798156291146 0.70935299247503181 151.99403207341675 5.0332307419739655 1.3656392181292165 1.4253942067734886 0.44960282463580614 23.542677064426243 0.93862370075657964 0.51551850419491529 0.78095396235585202 82.416803874541074
leaf_count=906 7 32 14 11 13778 142 23 27 11 477 15 13 9 2772
internal_value=-0.000894574 0.0060544 -0.00195157 -0.0018714 -0.00365713 0.0050915 0.00264431 0.00441885 0.00276322 0.000853306 -0.0257185 -0.0524864 0.0242249 0.00145109
internal_weight=274.215 36.2033 238.012 237.788 154.662 35.5352 30.502 29.1363 27.7109 25.4464 1.90375 0.965121 2.26452 83.1262
internal_count=18237 756 17481 17467 14684 749 607 584 557 516 39 24 41 2783
is_linear=0
shrinkage=0.04


Tree=127
num_leaves=15
num_cat=0
split_feature=8 7 7 7 1 8 0 7 7 7 3 8 8 8
split_gain=2.0362 1.59667 1.29248 1.32899 1.09301 1.05337 1.02023 0.917381 0.790508 0.995851 0.762632 0.721872 2.27295 0.943226
threshold=0.76598063111305248 0.74810978770256054 0.69785863161087047 0.72326120734214794 0.013072453904896976 0.76634052395820629 0.11805555596947671 0.70628839731216442 0.69696003198623668 0.68529570102691661 0.032010246068239219 2.5429651737213139 2.5572814941406254 1.7084267735481264
decision_type=2 2 2 2 2 2 2 2 2 2 2 2 2 2
left_child=1 4 -2 7 8 -5 -3 -4 9 -1 11 13 -13 -7
right_child=2 6 3 5 -6 10 -8 -9 -10 -11 -12 12 -14 -15
leaf_value=-0.017189211504791437 0.054642756244995296 -0.073733241245276943 -0.0036059488210006124 0.041616263300678823 -0.0013980180721374052 0.0025784285904152378 0.027176060694640895 -0.09493876402356452 0.0067705212764474186 -0.089286436026417906 0.025221695666177383 -0.06479115224474781 0.019896856370064036 0.015638951946069794
leaf_weight=8.4276696841407066 0.8389102453365912 0.78502572700381179 0.3465324342250814 1.251988487318157 188.78972436179174 59.752049902221188 0.20144564285874367 0.35748125705868006 2.2506103399209669 0.31810313137248236 2.7689465426374218 0.95112138427793924 1.0860933866351841 10.385078756604342
leaf_count=2644 15 54 5 23 13835 1311 4 16 58 18 92 5 25 222
internal_value=-0.000234507 -0.00236272 0.00526197 0.00472327 -0.00211206 0.00522873 -0.0531267 -0.0499826 -0.014371 -0.0198115 0.00462084 0.0038305 -0.0196417 0.00451228
internal_weight=278.511 200.773 77.7382 76.8993 199.786 76.1953 0.986471 0.704014 10.9964 8.74577 74.9433 72.1743 2.03721 70.1371
internal_count=18327 16613 1714 1699 16555 1678 58 21 2720 2662 1655 1563 30 1533
is_linear=0
shrinkage=0.04


Tree=128
num_leaves=15
num_cat=0
split_feature=7 1 7 8 1 5 1 0 8 8 1 8 7 6
split_gain=1.42096 1.04891 0.940356 0.921669 1.03505 0.876689 1.07058 1.34303 0.859073 0.826642 0.813238 0.707579 0.683865 0.54722
threshold=0.65196481347084057 0.064583335071802153 0.66873723268508922 1.7084267735481264 0.41666667163372045 1.0000000180025095e-35 0.054093567654490478 0.75000000000000011 0.67651858925819408 1.7021593451499941 0.030776515603065494 1.6901376843452456 0.67754980921745311 1.0000000180025095e-35
decision_type=2 2 2 2 2 2 2 2 2 2 2 2 2 2
left_child=1 5 -2 8 -5 6 -1 -8 10 11 -4 12 -10 -3
right_child=2 13 3 4 -6 -7 7 -9 9 -11 -12 -13 -14 -15
leaf_value=-0.00608080620463302 0.026530777866512846 -0.0005592288207777183 0.0033593119577220096 0.0083603083823669596 0.039602102399589223 0.00073901653124624632 -0.029752989000829275 0.042896863686564493 0.050140142971770101 -0.040334563612638354 -0.068607991346769898 0.041802808466290767 0.0021570060688913977 0.0071311168827968389
leaf_weight=51.411120634322288 2.8580816229805341 62.864615187281743 0.47465078765526303 9.4407901396043581 2.0684613748453549 27.826624672394246 5.3492984445765606 0.44067157804965962 0.47769488487392564 0.71923036593943734 0.53371878573670983 0.73508898075669904 92.485647246357985 19.364712002221495
leaf_count=11056 57 2255 29 210 61 1321 521 3 9 21 38 12 2155 581
internal_value=0.00035169 -0.00196927 0.0038874 0.0032822 0.0139751 -0.00508435 -0.00791725 -0.0242236 0.00199254 0.00238475 -0.0347322 0.00271267 0.00240357 0.00125182
internal_weight=277.05 167.257 109.793 106.935 11.5093 85.0277 57.2011 5.78997 95.426 94.4177 1.00837 93.6984 92.9633 82.2293
internal_count=18329 15737 2592 2535 271 12901 11580 524 2264 2197 67 2176 2164 2836
is_linear=0
shrinkage=0.04


Tree=129
num_leaves=15
num_cat=0
split_feature=7 7 1 7 1 0 8 7 1 8 4 3 3 1
split_gain=1.99798 0.799917 0.994182 2.06217 0.782515 0.786906 0.724617 0.753905 0.710316 0.677835 0.73384 1.23689 1.45043 1.20468
threshold=0.65196481347084057 0.66873723268508922 0.75000000000000011 0.72491174936294567 0.22500000149011615 0.75000000000000011 0.67651858925819408 0.67897284030914318 0.030776515603065494 2.5572814941406254 1.0000000180025095e-35 0.032394465059041984 0.029794779606163505 0.04446640424430371
decision_type=2 2 2 2 2 2 2 2 2 2 2 2 2 2
left_child=4 -2 6 -4 5 -1 8 -8 -3 10 11 12 -9 -12
right_child=1 2 3 -5 -6 -7 7 9 -10 -11 13 -13 -14 -15
leaf_value=-0.0050738316262388759 0.024500597420342728 0.0019173418980807655 -0.0616967598817812 0.027949922028668625 0.0025522781134659075 0.01068827949606873 0.03927615857608812 0.0025797908532742457 -0.066908535482273615 0.038622890219151502 -0.032711714506369692 -0.054397360524387775 0.021082659700623917 -0.001255237592655323
leaf_weight=128.16201821857248 2.9122890881262711 0.48408736917190154 0.44906368106603523 4.788207785692066 31.571229027351364 5.2763730143196872 0.89499714924022455 70.811589091201313 0.47567015211097896 0.82007884047925372 2.156552761327478 0.57763407379388709 7.4961464907973996 20.135738495737314
leaf_count=15007 57 29 12 124 627 82 17 1679 37 21 91 9 147 410
internal_value=-0.000311963 0.00381137 0.00325904 0.0202633 -0.00311072 -0.00445057 0.00240152 0.00272422 -0.0321938 0.00240349 0.00210992 0.00392083 0.00435101 -0.00429833
internal_weight=277.012 112.002 109.09 5.23727 165.01 133.438 103.852 102.893 0.959758 101.998 101.178 78.8854 78.3077 22.2923
internal_count=18349 2633 2576 136 15716 15089 2440 2374 66 2357 2336 1835 1826 501
is_linear=0
shrinkage=0.04


Tree=130
num_leaves=15
num_cat=0
split_feature=8 7 8 8 8 3 8 7 3 0 0 3 3 7
split_gain=1.08866 1.13181 1.08322 0.975701 0.874143 0.796823 0.732594 2.71806 0.904784 1.02818 1.3843 1.25485 1.24658 1.27628
threshold=1.6568480730056765 0.89101329445838939 1.6140992045402529 1.5761188268661501 1.5723661184310915 0.0063492699991911658 0.80723297595977794 0.79645448923110973 0.032010246068239219 0.15476191043853763 0.18333333730697635 0.012422840110957624 0.010811130050569774 0.74225094914436351
decision_type=2 2 2 2 2 2 2 2 2 2 2 2 2 2
left_child=1 2 3 4 5 -1 7 -7 9 11 -11 12 -8 -14
right_child=-2 -3 -4 -5 -6 6 8 -9 -10 10 -12 -13 13 -15
leaf_value=-0.017117009384076644 0.010833108941385118 -0.090461160746323904 -0.022056964331736786 0.02175573675048479 -0.060088021933872422 -0.00017018442939851486 0.0056140103658826124 -0.085536393790821758 0.031156507121930015 -0.054496376301379698 -0.0029009613675205744 0.013828274550089845 0.050748906760745685 -0.024170980552603402
leaf_weight=4.1331780498148865 16.117383852601051 0.22051015496253867 3.4529450698755673 3.4084699964150778 0.38407229259610076 205.24502953316551 12.525498113827782 0.59851104789413412 2.0544102974236003 0.97714028041809697 5.6018723137676716 18.694507805630565 0.39561770670115848 4.5248164641670883
leaf_count=1085 351 15 78 74 8 15816 294 28 52 17 113 333 5 129
internal_value=0.000742784 0.000122573 0.000198813 0.000496048 0.000212029 0.00030294 0.00059023 -0.000418395 0.00522729 0.00398033 -0.0105641 0.006628 -0.00108758 -0.0181472
internal_weight=278.334 262.217 261.996 258.543 255.135 254.751 250.617 205.844 44.7739 42.7195 6.57901 36.1404 17.4459 4.92043
internal_count=18398 18047 18032 17954 17880 17872 16787 15844 943 891 130 761 428 134
is_linear=0
shrinkage=0.04


Tree=131
num_leaves=15
num_cat=0
split_feature=0 3 4 3 7 8 1 1 3 3 0 3 1 3
split_gain=1.27671 2.05395 0.877337 2.68372 0.983394 1.04304 1.30684 1.5984 0.812841 1.16666 1.18006 0.776829 0.736201 0.734666
threshold=0.18333333730697635 0.031529305502772338 1.0000000180025095e-35 0.029908834956586364 0.65736749768257152 1.7046717405319216 0.15476191043853763 0.41666667163372045 0.032138250768184669 0.031408419832587249 0.41666667163372045 0.032654680311679847 0.41666667163372045 0.030772875063121322
decision_type=2 2 2 2 2 2 2 2 2 2 2 2 2 2
left_child=1 -1 8 -4 -5 6 -6 -8 9 10 13 12 -10 -2
right_child=2 -3 3 4 5 -7 7 -9 11 -11 -12 -13 -14 -15
leaf_value=2.6532278071756522e-06 -0.0025894042176790783 -0.054381042265622945 -0.042335677687776609 0.032401641810037615 0.045926675861692384 0.03503537139584411 -0.023159217365178533 0.021398815180352835 0.0072558052908551956 0.019937073347863925 0.010482362647390109 0.0081482199552832431 -0.035962212306229542 -0.027780200929250157
leaf_weight=225.39669415786921 8.1004980294965261 1.1166566945612419 1.213121281005441 5.7523848470300427 0.95091533847152998 2.1446296707727015 3.1563677885569632 2.1762343752197921 0.87576416879892294 7.0825040936470023 10.797198001295326 1.9801968270912764 2.2532112188637257 2.4015273740515104
leaf_count=17282 224 10 32 108 19 69 56 78 14 107 195 22 34 53
internal_value=0.000999771 -0.000265445 0.00686232 0.0147664 0.0196514 0.010949 0.00272812 -0.00497509 0.00322933 0.00587329 0.00119675 -0.011458 -0.023866 -0.00834985
internal_weight=275.398 226.513 48.8846 15.3937 14.1805 8.42815 6.28352 5.3326 33.4909 28.3817 21.2992 5.10917 3.12898 10.502
internal_count=18303 17292 1011 362 330 222 153 134 649 579 472 70 48 277
is_linear=0
shrinkage=0.04


Tree=132
num_leaves=15
num_cat=0
split_feature=8 1 7 7 3 7 0 1 4 6 1 3 1 1
split_gain=1.18455 0.820719 1.16327 0.763014 0.635376 0.822003 0.599523 0.740293 1.51524 0.596678 0.866887 0.864069 0.648482 0.633816
threshold=2.3851190805435185 0.22500000149011615 0.8892553746700288 0.65268862247467052 0.016261234879493717 0.66873723268508922 0.087121214717626586 0.080128207802772536 1.0000000180025095e-35 1.0000000180025095e-35 0.29166667163372045 0.0084389699622988718 0.0091326101683080214 0.010256679728627207
decision_type=2 2 2 2 2 2 2 2 2 2 2 2 2 2
left_child=3 2 -2 9 -5 -6 7 8 -7 11 12 -1 -11 -14
right_child=1 -3 -4 4 5 6 -8 -9 -10 10 -12 -13 13 -15
leaf_value=-0.015205899514839654 -0.02452488925988857 0.050425941025867588 0.025402805893317663 0.00027351011445189157 0.045492359764594328 0.034277489619700924 0.0037453428609044255 0.027224434145709797 -0.057727107942904608 0.041575934792354052 0.02894014873071531 -0.0025087382929211938 -0.046779104215935598 0.00048420778599117921
leaf_weight=9.3930807004653598 1.0528332926332944 1.0934453397057948 2.5674014007672668 68.781087365932763 0.86027074465528031 0.60332935862243064 29.541228118585423 3.8215117882937193 0.54523607529699802 0.6096428856253614 1.774272181559353 98.510998846017173 0.45772869640495528 55.406593331950717
leaf_count=4339 22 33 53 1785 10 12 613 52 14 5 35 9119 138 2089
internal_value=0.000176398 0.0200558 0.0108829 -0.000170267 0.00251395 0.00687054 0.00590781 0.0187611 -0.00939806 -0.00185287 0.00140966 -0.00361403 0.000544722 9.69521e-05
internal_weight=275.019 4.71368 3.62023 270.305 104.153 35.3716 34.5113 4.97008 1.14857 166.152 58.2482 107.904 56.474 55.8643
internal_count=18319 108 75 18211 2486 701 691 78 26 15725 2267 13458 2232 2227
is_linear=0
shrinkage=0.04


Tree=133
num_leaves=15
num_cat=0
split_feature=8 8 8 8 7 1 1 7 7 1 4 7 1 1
split_gain=0.914241 1.99246 1.57106 2.03997 1.05824 0.95116 0.800381 0.670982 1.3929 1.17702 1.45037 1.8248 0.961118 1.03116
threshold=1.7084267735481264 1.7021593451499941 2.5429651737213139 2.5572814941406254 0.87433862686157238 0.069047622382640853 0.060661764815449722 0.65268862247467052 0.70010116696357738 0.048809524625539787 1.0000000180025095e-35 0.8892553746700288 0.015268065501004459 0.051315790042281158
decision_type=2 2 2 2 2 2 2 2 2 2 2 2 2 2
left_child=1 5 -2 -4 -3 6 7 -1 12 10 -10 -12 -9 -14
right_child=2 4 3 -5 -6 -7 -8 8 9 -11 11 -13 13 -15
leaf_value=-0.0041744349935842395 0.016541331669150942 -0.0082014832068186289 -0.068144711528277488 0.01796535173757911 -0.089568725566826157 0.0021822804847936362 -0.014302369743477808 -0.011436472239948463 -0.0021533782631982146 0.01537208844924993 -0.06368397293967297 0.019749559521782041 0.026286526788535446 -0.022986280349141425
leaf_weight=81.345761555188801 10.308143858797846 0.43879382871091255 0.86524829268455394 0.8960312744602561 0.61304931342601776 118.98944268014748 8.856262921006417 1.733520190929992 36.086890069767833 5.8021352062933138 1.3398768380284298 0.61054385174065817 7.0061460037250072 0.75255704764276732
leaf_count=12750 233 11 5 23 12 3511 482 69 963 121 70 17 138 17
internal_value=-0.000189294 -0.000682249 0.010576 -0.0243372 -0.055625 -0.000462111 -0.00265431 -0.00188835 0.00159858 -0.00140943 -0.00396925 -0.0375666 0.0154909 0.0215073
internal_weight=275.644 263.575 12.0694 1.76128 1.05184 262.523 143.534 134.677 53.3317 43.8394 38.0373 1.95042 9.49222 7.7587
internal_count=18422 18161 261 28 23 18138 14627 14145 1395 1171 1050 87 224 155
is_linear=0
shrinkage=0.04


Tree=134
num_leaves=15
num_cat=0
split_feature=7 0 6 1 4 3 0 3 5 1 3 3 3 0
split_gain=1.73245 0.675961 0.631716 1.14081 0.890089 1.32864 1.08182 1.06273 0.678766 1.58808 1.50571 0.708184 0.909858 0.961553
threshold=0.65268862247467052 0.75000000000000011 1.0000000180025095e-35 0.41666667163372045 1.0000000180025095e-35 0.030091284774243835 0.41666667163372045 0.032010246068239219 1.0000000180025095e-35 0.11805555596947671 0.0305646350607276 0.029561495408415798 0.028603389859199527 0.13392857462167743
decision_type=2 2 2 2 2 2 2 2 2 2 2 2 2 2
left_child=1 2 4 8 7 6 -6 -1 10 11 -4 12 13 -10
right_child=-2 -3 3 -5 5 -7 -8 -9 9 -11 -12 -13 -14 -15
leaf_value=-0.0062773404076163705 0.0044510398211047627 0.0089759134971071491 -0.0035650102261293327 0.042280070098362474 -0.0043928072798363514 0.01354660188615435 -0.10637746848094767 -0.046962326439192889 0.0014271739569835049 0.030046968909416712 -0.074170060911882371 -0.050428057988161447 0.04902392661692024 -0.056585703423040055
leaf_weight=71.827427209776943 107.97159332945012 8.3913720727432501 25.158359263732567 1.0340698831714679 14.638247691123979 9.6107573802582902 0.168333940207959 1.0421518757939328 25.900935832876726 3.3138590808957806 0.49273438192903896 0.42620111256837745 0.6305448655039062 0.46534823067486186
leaf_count=12107 2573 141 1468 17 1061 150 6 15 684 48 13 11 10 10
internal_value=0.000520786 -0.00208102 -0.00268075 0.000646239 -0.00464445 0.00196513 -0.00555226 -0.0068592 -0.000117262 0.00389186 -0.00492127 0.000731224 0.00153888 0.000403283
internal_weight=271.072 163.1 154.709 57.4221 97.2869 24.4173 14.8066 72.8696 56.388 30.7369 25.6511 27.423 26.9968 26.3663
internal_count=18314 15741 15600 2261 13339 1217 1067 12122 2244 763 1481 715 704 694
is_linear=0
shrinkage=0.04


Tree=135
num_leaves=15
num_cat=0
split_feature=7 7 7 7 8 5 7 8 1 0 7 1 5 1
split_gain=1.02279 0.858036 0.664937 1.51743 1.36062 2.81641 2.08913 1.24507 1.39019 1.45014 1.56483 1.11702 1.61748 1.0293
threshold=0.65196481347084057 1.0000000180025095e-35 0.69785863161087047 0.72402209043502819 0.71407991647720348 1.0000000180025095e-35 0.70895385742187511 0.69696003198623668 0.057189542800188072 0.080128207802772536 0.65952381491661083 0.022991543635725979 1.0000000180025095e-35 0.019803921692073349
decision_type=2 2 2 2 2 2 2 2 2 2 2 2 2 2
left_child=1 -1 7 4 6 -6 11 8 -2 10 -10 13 -13 -4
right_child=2 -3 3 -5 5 -7 -8 -9 9 -11 -12 12 -14 -15
leaf_value=-0.0016209798286661776 0.017018271990627144 -0.068747345696281117 -0.019754371221986807 0.0035313844378709455 -0.061979646894130748 0.017470444690611705 0.046893823360370214 0.038016969621280462 0.042258844683559442 0.010886027719842062 -0.046038486129247866 -0.06729498620093699 0.005821679292340929 0.051561049757951061
leaf_weight=162.75879323626577 7.5007131292950344 0.30524801975116034 0.72940122801810436 86.034034073236398 2.1055609025061131 1.0800784295424821 1.1043444303795693 2.325069115497171 0.38046759646385941 2.5456047458574176 2.0594150340184569 1.1210141140036283 0.85201690904796112 0.58234389871358871
leaf_count=15738 184 14 24 2032 91 17 19 42 8 50 65 44 14 9
internal_value=0.000255328 -0.00174664 0.00326629 0.00202024 -0.0151433 -0.0350424 -0.000700397 0.0111414 0.00613689 -0.0102342 -0.0322697 -0.0167016 -0.0357209 0.0119058
internal_weight=271.484 163.064 108.42 93.6088 7.57476 3.18564 4.38912 14.8113 12.4862 4.98549 2.43988 3.28478 1.97303 1.31175
internal_count=18351 15752 2599 2250 218 108 110 349 307 123 73 91 58 33
is_linear=0
shrinkage=0.04


Tree=136
num_leaves=15
num_cat=0
split_feature=0 4 3 3 3 7 5 3 7 0 3 3 0 0
split_gain=1.05299 1.30212 1.51861 0.90958 0.788572 1.24426 0.756309 1.17305 0.860579 0.773031 0.70141 0.679413 0.671598 0.839387
threshold=0.18333333730697635 1.0000000180025095e-35 0.029908834956586364 0.030860554426908497 0.031076864339411262 0.7945058047771455 1.0000000180025095e-35 0.016001025214791301 0.65196481347084057 0.060661764815449722 0.015038445126265289 0.014815624803304674 0.064583335071802153 0.046536797657608993
decision_type=2 2 2 2 2 2 2 2 2 2 2 2 2 2
left_child=3 -2 -3 6 -5 -6 8 10 -1 -9 11 -8 13 -10
right_child=1 2 -4 4 5 -7 7 9 12 -11 -12 -13 -14 -15
leaf_value=-0.0044105191503104237 0.0010059898623724615 -0.023307129036621712 0.019352432261625477 -0.041734577273311181 -0.024431567856248584 0.040181621997223242 0.0016245321212947552 0.069572489087552064 0.00043023928855325254 0.016035403913372218 -0.032206092317941554 0.054181786341683726 0.010616911447227617 -0.034312673151655988
leaf_weight=97.886726279029972 31.928069462999701 1.4785548136569548 13.767443770309908 1.5974101824685925 1.5901605747640135 0.68110652174800623 51.392488830111688 0.46982279606163402 53.890447359532118 5.2939802343025804 0.97567605040967365 0.3965762397274365 10.813833176158367 1.1360836718231428
leaf_count=13697 634 37 340 28 22 20 1806 5 1480 99 20 6 187 21
internal_value=0.000162297 0.00559824 0.0152153 -0.00097175 -0.0202005 -0.00505539 -0.000637046 0.0032656 -0.00203215 0.0203994 0.00139398 0.00202699 0.00150384 -0.000287067
internal_weight=273.298 47.1741 15.246 226.124 3.86868 2.27127 222.256 58.5285 163.727 5.7638 52.7647 51.7891 65.8404 55.0265
internal_count=18402 1011 377 17391 70 42 17321 1936 15385 104 1832 1812 1688 1501
is_linear=0
shrinkage=0.04


Tree=137
num_leaves=15
num_cat=0
split_feature=0 0 3 8 8 8 1 1 8 8 1 3 1 1
split_gain=1.09114 0.732452 1.45944 0.585771 0.913257 0.88238 0.693533 0.717752 0.9749 1.04792 0.83941 0.668097 0.652607 0.644594
threshold=0.069047622382640853 0.060661764815449722 0.028603389859199527 0.6899811625480653 0.68586039543151867 0.69302982091903698 0.012270400300621988 0.015268065501004459 0.77769252657890331 1.4605516195297243 0.013606071937829258 0.026859275065362457 0.015749008394777778 0.0088890646584332007
decision_type=2 2 2 2 2 2 2 2 2 2 2 2 2 2
left_child=1 3 -3 4 13 -5 -7 8 -8 10 -10 12 -9 -1
right_child=-2 2 -4 5 -6 6 7 11 9 -11 -12 -13 -14 -15
leaf_value=-0.047765259733878004 0.00392432698163514 -0.052683067417651365 0.025329875589169073 0.033682465263610697 -0.045553661056344612 0.013483678898874363 -0.057940145981313237 0.033252597098905302 0.030316300363302236 -0.034241111086628362 -0.017210149481389821 0.051934480166306467 -7.9260905967084213e-05 -0.0025657019199658432
leaf_weight=0.50695488364726671 81.063902215333655 1.182566861854865 0.5679559540003537 1.3452885057777155 0.80307563114911218 6.3893658262677482 0.73080954840406676 0.9565820679999878 1.3083233945071704 1.4627220770344136 1.0899509172886608 0.40714160352945228 53.690714536816813 119.9653291626164
leaf_count=254 1763 54 6 14 30 152 43 24 22 35 34 4 1334 14534
internal_value=3.77673e-05 -0.0016169 -0.0273718 -0.00137792 -0.00303931 0.00161232 0.000958982 -0.000382676 -0.0155763 -0.00755761 0.00871681 0.000884542 0.000504202 -0.0027559
internal_weight=271.471 190.407 1.75052 188.656 121.275 67.3809 66.0356 59.6462 4.59181 3.861 2.39827 55.0544 54.6473 120.472
internal_count=18303 16540 60 16480 14818 1662 1648 1496 134 91 56 1362 1358 14788
is_linear=0
shrinkage=0.04


Tree=138
num_leaves=15
num_cat=0
split_feature=3 6 7 7 1 1 1 8 1 1 8 8 1 1
split_gain=0.670036 0.544037 1.10259 1.663 0.950717 0.939734 1.07511 0.779679 0.914525 0.59678 0.546912 0.49783 0.787054 0.441934
threshold=0.013423420023173096 1.0000000180025095e-35 0.87776499986648571 0.82862794399261486 0.0093025267124176043 0.04446640424430371 0.023532669059932235 1.6579574346542361 0.01835016813129187 0.013423423748463394 1.5982855558395388 1.5892990231513979 0.026671408675611023 0.026671408675611023
decision_type=2 2 2 2 2 2 2 2 2 2 2 2 2 2
left_child=1 2 3 -1 -3 6 9 10 -9 -5 13 12 -8 -4
right_child=-2 4 7 5 -6 -7 11 8 -10 -11 -12 -13 -14 -15
leaf_value=-0.0050527727212950867 0.0017984013710346256 0.042092885379366923 -0.0036891355262863154 -0.012639688342783867 -0.00013010637136594668 -0.085255722879816476 0.0133256080212767 -0.0060875512078075941 0.056867818299675868 -0.081666299836723535 -0.031021349540812745 0.022574754553443457 -0.069665794740213061 0.020549950265946276
leaf_weight=55.066923951075296 142.88314350042492 0.86494883522391219 2.5804279884323469 0.29690013686195005 63.053412633249536 0.51833085203543294 0.38871331699192502 0.57190310209989537 1.0415761061012743 0.6165827102959156 0.66702705062925804 0.63920947723090649 0.34520410466939211 2.2554090116173029
leaf_count=11675 4202 9 71 11 2257 18 11 11 16 27 18 12 21 60
internal_value=-8.80232e-05 -0.00217898 -0.00475609 -0.00658312 0.000441259 -0.036627 -0.0256038 0.0101018 0.0345531 -0.0592313 0.00293246 -0.00323283 -0.0257101 0.00761585
internal_weight=271.79 128.907 64.9882 57.8719 63.9184 2.80494 2.28661 7.11634 1.61348 0.913483 5.50286 1.37313 0.733917 4.83584
internal_count=18419 14217 11951 11775 2266 100 82 176 27 38 149 44 32 131
is_linear=0
shrinkage=0.04


Tree=139
num_leaves=15
num_cat=0
split_feature=8 3 6 8 8 8 8 1 1 6 1 1 1 1
split_gain=0.692932 0.547075 1.30604 0.474759 0.68246 0.687041 0.457386 0.430295 1.25322 1.01745 0.589743 0.557814 0.664008 0.425061
threshold=0.65196481347084057 0.032010246068239219 1.0000000180025095e-35 2.5955792665481572 2.5572814941406254 2.5429651737213139 0.69696003198623668 0.016261236742138866 0.014599318150430919 1.0000000180025095e-35 0.014389234129339458 0.013072453904896976 0.0091326101683080214 0.010256679728627207
decision_type=2 2 2 2 2 2 2 2 2 2 2 2 2 2
left_child=7 3 6 4 5 -2 -3 8 9 10 -1 12 -11 -14
right_child=1 2 -4 -5 -6 -7 -8 -9 -10 11 -12 -13 13 -15
leaf_value=-0.015684467348574416 0.002358995576482871 -0.013524987290485934 -0.033041581882023087 -0.038016243137131325 0.048169405868404194 -0.043508944741215853 0.035439932737117603 -0.00078029391369040051 -0.031365469129669969 0.039835269235859186 0.045734982244690435 0.026315435946836378 -0.046698321608918028 -0.0015794103273999861
leaf_weight=5.9706325984152482 103.72596856195014 0.3465590402483939 0.65198346599936474 0.46814002096652885 0.51766665931790967 0.52514296211302181 2.5597252501174808 149.14847401619772 2.9298273179447269 0.55700079537928138 0.2610701853991485 2.1664073674473912 0.3911294094868939 2.2905732278013602
leaf_count=2997 2474 9 9 8 17 6 105 11320 929 5 92 77 127 172
internal_value=0.000223112 0.00269742 0.0181231 0.00217585 0.00235544 0.00212795 0.0296011 -0.00142116 -0.00798305 -0.002096 -0.0131114 0.0106039 9.43077e-05 -0.00816006
internal_weight=272.51 108.795 3.55827 105.237 104.769 104.251 2.90628 163.715 14.5666 11.6368 6.2317 5.40511 3.2387 2.6817
internal_count=18347 2628 123 2505 2497 2480 114 15719 4399 3470 3089 381 304 299
is_linear=0
shrinkage=0.04


Tree=140
num_leaves=15
num_cat=0
split_feature=8 8 8 7 8 8 7 3 6 1 7 7 3 3
split_gain=0.730098 0.933057 0.583047 0.541248 0.52751 0.821254 0.683009 0.557686 1.1618 0.640267 1.86496 0.751391 0.74924 0.881956
threshold=2.3851190805435185 2.4556701183319096 2.4672228097915654 0.89101329445838939 0.67651858925819408 0.67794409394264232 0.66967597603797924 0.032010246068239219 1.0000000180025095e-35 0.29166667163372045 0.71951285004615795 0.69785863161087047 0.029794779606163505 0.028728535398840908
decision_type=2 2 2 2 2 2 2 2 2 2 2 2 2 2
left_child=3 -2 -3 4 6 -6 -1 9 -9 12 11 -11 13 -7
right_child=1 2 -4 -5 5 7 -8 8 -10 10 -12 -13 -14 -15
leaf_value=-0.0011993360392515587 0.042813387168614998 -0.04061975071889945 0.010733235058354145 -0.047672075661919652 0.042060454407033328 0.0023282226967648117 -0.042457462870396832 0.029403141247978441 -0.032607309136684533 -0.025773641871010465 -0.0027185384260411814 -0.098659734611049127 0.013789556603775155 -0.017010012932205804
leaf_weight=167.1244889954105 1.4396814815700043 0.41274040751159224 2.4749298128299415 0.38137629767879744 0.8247492490336289 72.939768546726555 0.64446453587151964 2.6811752193607385 0.58975150808691967 0.44621044676750798 9.7242119139991683 0.45920122135430574 8.5804882636293751 3.9792615519836536
leaf_count=15772 35 9 64 17 11 1800 56 102 8 12 174 9 173 85
internal_value=0.000208878 0.0165081 0.00339325 -5.39341e-05 1.38302e-05 0.00230988 -0.00135782 0.00198006 0.0182226 0.00142738 -0.00783102 -0.0627396 0.00257842 0.0013278
internal_weight=272.702 4.32735 2.88767 268.375 267.994 100.225 167.769 99.4001 3.27093 96.1291 10.6296 0.905412 85.4995 76.919
internal_count=18327 108 73 18219 18202 2374 15828 2363 110 2253 195 21 2058 1885
is_linear=0
shrinkage=0.04


Tree=141
num_leaves=15
num_cat=0
split_feature=3 8 1 1 6 5 3 1 3 8 3 4 0 0
split_gain=1.27874 0.688764 0.941857 0.824647 0.589414 0.956789 1.61217 1.25679 0.647177 0.629103 0.801503 0.907982 0.71096 0.586201
threshold=0.016001025214791301 1.6892020702362063 0.03637566231191159 0.026671408675611023 1.0000000180025095e-35 1.0000000180025095e-35 0.029561495408415798 0.060661764815449722 0.031890055164694793 0.68500924110412609 0.032010246068239219 1.0000000180025095e-35 0.75000000000000011 0.75000000000000011
decision_type=2 2 2 2 2 2 2 2 2 2 2 2 2 2
left_child=1 -1 3 -3 5 8 7 -7 -2 10 -10 12 -12 -6
right_child=4 2 -4 -5 13 6 -8 -9 9 -11 11 -13 -14 -15
leaf_value=-0.0036602990494153027 0.0001227928366745098 0.010719703415236559 -0.0094332209330738725 0.05172615160651118 0.007532080069838471 -0.054543787115498586 -0.091047798329685001 0.052437966486652242 0.037670923043958235 0.02327877645032618 -0.04153256120278135 0.026176278953798787 -0.0026354482713300737 0.041790688654232556
leaf_weight=168.75697941701219 62.334654913982376 2.9674021778628221 2.5663332501426339 1.0667392238974569 17.342784032691274 0.32192897237837204 0.48083641659468412 0.38679067976772785 0.90912219509482195 4.0310536131728441 1.0041684508323672 1.2909898047801105 2.9921576464548707 0.83775042928755183
leaf_count=16127 1389 66 49 19 345 23 19 5 13 131 16 50 38 14
internal_value=-0.00116128 -0.00316452 0.00951132 0.0215629 0.00265982 0.00106961 -0.0345136 0.00384255 0.00165295 0.010979 0.00297742 -0.00298792 -0.0124092 0.0091107
internal_weight=267.29 175.357 6.60047 4.03414 91.9322 73.7517 1.18956 0.70872 72.5621 10.2275 6.19644 5.28732 3.99633 18.1805
internal_count=18304 16261 134 85 2043 1684 47 28 1637 248 117 104 54 359
is_linear=0
shrinkage=0.04


Tree=142
num_leaves=15
num_cat=0
split_feature=8 8 7 7 8 8 0 0 8 1 7 7 6 3
split_gain=1.4289 0.84447 1.02033 0.815069 0.676765 0.671551 0.973287 0.807507 0.862917 1.12546 0.782717 0.786841 0.729171 1.1273
threshold=1.7084267735481264 1.7021593451499941 0.87433862686157238 0.89101329445838939 1.7549718022346499 0.68412163853645336 0.18333333730697635 0.15476191043853763 1.6140992045402529 0.29166667163372045 0.8892553746700288 0.84448784589767467 1.0000000180025095e-35 0.024908919818699363
decision_type=2 2 2 2 2 2 2 2 2 2 2 2 2 2
left_child=1 3 -3 5 -2 12 7 8 -7 10 11 -10 -1 -14
right_child=4 2 -4 -5 -6 6 -8 -9 9 -11 -12 -13 13 -15
leaf_value=-0.0035108992117099079 0.051318743742089661 -0.0072590285096705218 -0.10846762492117654 -0.09611805505876958 0.012024078279981563 0.0027151462511292345 0.012632508831874259 -0.026320080063320317 0.0039685611239753974 -0.069923201884030173 0.0019772527081673126 -0.061785513758957626 -0.0003363630239733925 0.015131994411215561
leaf_weight=111.19227771199076 0.7571913180872788 0.43095710687339206 0.25290776044130325 0.14161113416775961 9.4969210578128678 69.516721137100831 13.36119331885129 1.7011866075918067 0.48499515652656444 0.52306347712874401 3.3548512579873204 0.7286369651556015 50.079722252849024 8.874018745031206
leaf_count=13723 16 11 14 12 249 1666 308 37 10 6 66 18 2143 179
internal_value=0.000279267 -0.000296949 -0.0446881 -0.000180171 0.0149257 -0.000127881 0.00267337 0.000929601 0.00155094 -0.0143444 -0.007981 -0.0355087 -0.0016042 0.00199201
internal_weight=270.896 260.642 0.683865 259.958 10.2541 259.817 89.6706 76.3095 74.6083 5.09155 4.56848 1.21363 170.146 58.9537
internal_count=18458 18193 25 18168 265 18156 2111 1803 1766 100 94 28 16045 2322
is_linear=0
shrinkage=0.04


Tree=143
num_leaves=15
num_cat=0
split_feature=3 3 1 1 0 1 1 3 3 3 3 3 3 6
split_gain=0.960697 0.958333 0.850685 0.64606 2.30782 1.1512 1.0279 1.30842 1.09172 1.0112 0.879769 1.76272 1.14425 0.926207
threshold=0.025126799941062931 0.024393829517066482 0.022991543635725979 0.040833333507180221 0.75000000000000011 0.030776515603065494 0.029857398010790352 0.026148115284740928 0.025399639271199707 0.027355375699698928 0.030787454918026928 0.031076864339411262 0.030650475062429908 1.0000000180025095e-35
decision_type=2 2 2 2 2 2 2 2 2 2 2 2 2 2
left_child=1 -1 -2 4 5 6 7 8 -4 -7 12 13 -5 -12
right_child=2 -3 3 10 -6 9 -8 -9 -10 -11 11 -13 -14 -15
leaf_value=-0.0017547087439297019 0.039814015060076764 -0.037558694895121619 0.030361911191473256 0.0057628148084426199 -0.089590525803693644 -0.047354087769300029 0.062714035695435419 0.054161856822564733 -0.04756827750381197 0.013927111618959757 -0.031346922055427336 0.0028043797860141423 0.033224211848283183 0.012730740317506779
leaf_weight=185.05667414068739 1.0063159368000913 1.2038990585133422 0.44182264804840021 40.454210581257939 0.5367246470414101 1.1881591475103048 0.58823912125080813 0.53661974053829897 0.82409772137179971 0.67591621913015831 4.0873772851191488 25.431885650148615 2.5826840861700466 0.93776621483266343
leaf_count=16536 17 57 9 917 15 46 7 10 25 17 86 535 45 18
internal_value=-0.000416374 -0.00198613 0.00327106 0.00280132 -0.0114299 -0.00157039 0.0168016 0.00181854 -0.0203696 -0.0251334 0.00372915 -0.00147314 0.0074108 -0.0231214
internal_weight=265.552 186.261 79.2918 78.2855 4.79158 4.25485 2.39078 1.80254 1.26592 1.86408 73.4939 30.457 43.0369 5.02514
internal_count=18340 16593 1747 1730 129 114 51 44 34 63 1601 639 962 104
is_linear=0
shrinkage=0.04


Tree=144
num_leaves=15
num_cat=0
split_feature=7 3 3 7 7 0 0 0 7 8 7 5 1 7
split_gain=1.07515 0.769019 1.10247 0.773667 0.654632 0.616709 0.858429 1.26912 0.575665 1.32191 1.15067 0.848319 0.691246 0.694215
threshold=0.65196481347084057 0.016261234879493717 0.028603389859199527 0.66230651736259472 0.67651858925819408 0.11805555596947671 0.064583335071802153 0.048809524625539787 0.71407991647720348 0.70895385742187511 0.71884065866470348 1.0000000180025095e-35 0.095454547554254546 0.6899811625480653
decision_type=2 2 2 2 2 2 2 2 2 2 2 2 2 2
left_child=-1 3 5 -2 -5 6 7 -3 9 12 11 -10 13 -6
right_child=1 2 -4 4 8 -7 -8 -9 10 -11 -12 -13 -14 -15
leaf_value=-0.0022362449865792559 0.027826356465329105 0.029816791238162374 0.0032467580792570165 -0.034224846232993336 -0.0082070958396481056 0.0077934047383476333 0.037664077598468369 -0.041297610989415895 -0.084137122849028384 0.045602977943395573 -0.00063213910835575871 0.010493701718179656 -0.030375918505443657 0.01523249038342451
leaf_weight=160.19949991507747 1.625642284285276 1.1058454923331718 25.196022488409653 0.88739297026768227 3.1384431766346061 4.5613389839418232 4.0104390373453498 0.63041472062468518 0.45782645093276997 1.3626032406464208 56.94982449314557 0.2265844289213419 0.87534170597791749 5.68158626742661
leaf_count=15701 32 22 585 62 97 87 58 15 38 26 1442 5 28 118
internal_value=-0.00016427 0.00294632 0.00775521 0.000548538 -8.8775e-05 0.0187752 0.0274919 0.00399603 0.000352208 0.00871196 -0.00125173 -0.0528082 0.00352724 0.00689195
internal_weight=266.909 106.709 35.5041 71.2052 69.5796 10.308 5.7467 1.73626 68.6922 11.058 57.6342 0.684411 9.69537 8.82003
internal_count=18316 2615 767 1848 1816 182 95 37 1754 269 1485 43 243 215
is_linear=0
shrinkage=0.04


Tree=145
num_leaves=15
num_cat=0
split_feature=7 7 7 4 3 1 1 3 1 3 3 3 3 3
split_gain=0.502533 0.716895 0.644038 0.581234 1.46366 0.973004 0.906717 1.07583 0.956449 0.765957 0.723399 0.699195 1.03568 0.736747
threshold=0.65196481347084057 1.0000000180025095e-35 0.65952381491661083 1.0000000180025095e-35 0.030186135321855549 0.75000000000000011 0.15476191043853763 0.029908834956586364 0.024695121683180336 0.028290714137256149 0.029561495408415798 0.029908834956586364 0.029254760593175892 0.028923839330673221
decision_type=2 2 2 2 2 2 2 2 2 2 2 2 2 2
left_child=1 3 -2 11 5 6 7 8 -5 -10 -8 12 13 -1
right_child=2 -3 -4 4 -6 -7 10 -9 9 -11 -12 -13 -14 -15
leaf_value=-0.0010422259984193502 0.033935831776821426 -0.066999170577505845 0.0022637602565597722 -0.053202330301638505 0.016988226539948019 0.02230986898575206 -0.015376042515766075 0.07920733919432367 0.0067958563240757908 -0.028520570232896319 -0.061814996755973566 -0.00935881668254036 0.022729546643558651 -0.032737952541824607
leaf_weight=115.79772422986571 1.0372616848908354 0.26256683724932273 106.49028003425337 0.54887486115330819 9.614501135889439 2.0809668116271487 3.638988485094159 0.26825521886348802 6.5024684033269295 1.1574949882924555 0.62955272616818536 17.386319711338729 2.9261559681035569 1.1853871543426056
leaf_count=14095 30 14 2588 222 166 21 154 4 599 36 20 309 65 43
internal_value=0.000449274 -0.000957889 0.00256928 -0.000850676 0.0048326 -0.00304987 -0.00719033 0.000380294 -0.00219568 0.0014592 -0.0222252 -0.0018624 -0.000775456 -0.0013634
internal_weight=269.527 161.999 107.528 161.737 24.4411 14.8266 12.7456 8.47709 8.20884 7.65996 4.26854 137.296 119.909 116.983
internal_count=18366 15748 2618 15734 1222 1056 1035 861 857 635 174 14512 14203 14138
is_linear=0
shrinkage=0.04


Tree=146
num_leaves=15
num_cat=0
split_feature=3 1 5 1 1 9 3 1 7 1 7 1 1 1
split_gain=0.94628 0.846258 0.808809 0.818277 0.775598 1.3795 0.758863 0.818867 0.769374 0.734044 0.707425 0.600992 0.559842 0.520221
threshold=0.025126799941062931 0.022991543635725979 1.0000000180025095e-35 0.030776515603065494 0.011696306522935631 0.5000000149011613 0.01197647536173463 0.064583335071802153 0.65952381491661083 0.10555555671453477 0.68171778321266185 0.11805555596947671 0.037749288603663451 0.048809524625539787
decision_type=2 2 2 2 2 2 2 2 2 2 2 2 2 2
left_child=2 -2 13 4 5 10 12 -8 11 -10 -4 -9 -5 -1
right_child=1 -3 3 6 -6 -7 7 8 9 -11 -12 -13 -14 -15
leaf_value=-0.0062433843528608467 0.043484268599909587 0.0025816417632423139 -0.020502138577142698 -0.0046778813437967862 0.0099433325580899814 0.048823229219059697 0.010690057712067515 -0.0066000372216799778 -0.012530622871481519 -0.063506209075475606 -0.087917208277007386 0.020520078754703956 -0.023978779884008882 -0.0012420868236809751
leaf_weight=69.718444311845815 0.81765480479225416 79.392634138697758 1.023597869498192 8.2469170670956391 20.690884684387129 0.38603541627526272 9.7779838604619744 4.6436144816689175 1.761593147646636 0.60796670615673054 0.32913031009957183 1.8197277807630596 3.3941521175438529 63.663943834399106
leaf_count=11537 15 1720 145 225 873 4 255 153 41 15 12 32 115 3203
internal_value=-0.000633197 0.0029986 -0.00219883 0.00199752 0.00778709 -0.0178717 -0.00229503 0.00271543 -0.00611244 -0.0256096 -0.0369048 0.00103552 -0.0103054 -0.00385625
internal_weight=266.274 80.2103 186.064 52.6816 22.4296 1.73876 30.252 18.6109 8.8329 2.36956 1.35273 6.46334 11.6411 133.382
internal_count=18345 1735 16610 1870 1034 161 836 496 241 56 157 185 340 14740
is_linear=0
shrinkage=0.04


Tree=147
num_leaves=15
num_cat=0
split_feature=3 6 5 3 7 1 1 0 0 7 8 0 0 1
split_gain=0.700951 0.79041 3.77846 0.848423 0.839188 0.724828 0.964376 1.65111 1.42122 1.19722 1.15586 1.09247 0.922495 0.723572
threshold=0.014599314890801908 1.0000000180025095e-35 1.0000000180025095e-35 0.031890055164694793 0.76462683081626903 0.13392857462167743 0.080128207802772536 0.080128207802772536 0.069047622382640853 0.82862794399261486 1.5606634616851809 0.064583335071802153 0.15476191043853763 0.064583335071802153
decision_type=2 2 2 2 2 2 2 2 2 2 2 2 2 2
left_child=-1 2 3 5 -5 6 8 11 13 -10 12 -8 -11 -2
right_child=1 -3 -4 4 -6 -7 7 -9 9 10 -12 -13 -14 -15
leaf_value=-0.0020067831473337869 -0.06673211098940833 0.008693649908079807 -0.065873887328530084 0.0060810038816034775 0.03357008265644143 -0.0028134756633583498 0.017180197642108219 0.0014829388198181308 0.005925767879706321 -0.0083835835433339907 0.012975979502548349 0.05435689446447791 -0.081324148766680066 -0.0063975177696684142
leaf_weight=150.92456756800675 0.76834018109366897 23.398982632905245 1.353466554544865 7.6289264997467381 2.31640470540151 51.194437141995877 4.0981438262388101 9.031067527830599 13.09589130245149 0.45652920566499122 0.67862872499972571 1.8291960824280975 0.70714591722935438 0.54264008719474077
leaf_count=15361 59 520 56 159 93 1283 154 207 376 7 19 20 18 17
internal_value=-0.000204949 0.00211735 0.000475119 0.00144755 0.0124836 0.000115577 0.00492054 0.0122492 -0.00182599 0.0016785 -0.028513 0.028653 -0.0527083 -0.0417585
internal_weight=268.024 117.1 93.7008 92.3474 9.94533 82.402 31.2076 14.9584 16.2492 14.9382 1.8423 5.92734 1.16368 1.31098
internal_count=18349 2988 2468 2412 252 2160 877 381 496 420 44 174 25 76
is_linear=0
shrinkage=0.04


Tree=148
num_leaves=15
num_cat=0
split_feature=1 3 7 6 1 7 1 8 8 7 7 0 1 3
split_gain=0.844651 2.92494 0.905399 0.830671 0.84033 0.800007 0.828388 0.786195 0.754802 1.11093 0.604781 1.10026 1.00662 1.96275
threshold=0.015268065501004459 0.0077822199091315278 0.77199336886405956 1.0000000180025095e-35 0.0093898782506585139 0.8892553746700288 0.011299795936793091 0.80804961919784557 1.6568480730056765 0.89101329445838939 0.88132035732269298 0.41666667163372045 0.029857398010790352 0.028131764382123951
decision_type=2 2 2 2 2 2 2 2 2 2 2 2 2 2
left_child=1 3 -3 5 -5 7 -7 -1 9 -2 11 -10 -12 -14
right_child=8 2 -4 4 -6 6 -8 -9 10 -11 12 -13 13 -15
leaf_value=-0.012237048905084511 -0.0003228225367140493 -0.039745760545342075 -0.10410502944253003 0.042143129122760366 0.0011597930007120642 -0.016354921192642934 0.035428870359545582 -0.05257443305609006 0.0056838646013930381 -0.092070978191319722 0.039232979331238101 -0.048660720592592299 -0.021644853628429234 0.026883872973899978
leaf_weight=8.6470584658381995 226.99491857360408 1.4167551991849894 0.46436516754329193 0.87586378259584385 9.3017279586638306 0.90209652390331108 1.0933162914589045 0.8490045736543842 5.5743537787348014 0.21135727455839415 2.2377142230980098 0.66745169507339586 2.2236235691234469 3.3310960442759097
leaf_count=3224 13754 412 23 13 485 20 19 34 119 13 40 16 48 104
internal_value=-0.000557954 -0.00778857 -0.0556332 -0.00363511 0.00468674 -0.0110055 0.0120182 -0.0158435 0.000147907 -0.000408171 0.00915049 -0.000127336 0.0165821 0.00745722
internal_weight=264.791 23.5502 1.88112 21.6691 10.1776 11.4915 1.99541 9.49606 241.241 227.206 14.0342 6.24181 7.79243 5.55472
internal_count=18324 4230 435 3795 498 3297 39 3258 14094 13767 327 135 192 152
is_linear=0
shrinkage=0.04


Tree=149
num_leaves=15
num_cat=0
split_feature=0 7 7 1 3 7 8 8 1 8 0 7 7 8
split_gain=0.667939 0.645301 1.29674 0.708899 0.732563 0.626475 1.24927 1.17456 1.44199 1.1043 1.08897 0.936557 1.4347 0.705793
threshold=0.75000000000000011 0.88476338982582103 0.88239160180091869 0.010582306887954475 0.006389845162630082 0.85588780045509349 0.87403500080108654 1.6461367607116701 0.18333333730697635 2.3584462404251103 0.080128207802772536 0.84717625379562389 0.83555287122726452 1.7046717405319216
decision_type=2 2 2 2 2 2 2 2 2 2 2 2 2 2
left_child=1 2 3 4 -1 9 10 -8 13 11 -7 12 -5 -9
right_child=-2 -3 -4 5 -6 6 7 8 -10 -11 -12 -13 -14 -15
leaf_value=-0.01195329498555916 0.0080142862527238685 0.0045895644614491349 -0.076136457160154547 -0.0015132716335912583 -0.06293229463403946 -0.076088775460170191 0.019020402049743916 -0.081798447391627893 0.03038301480845064 0.041893726193662724 0.010951737701697706 0.029847106621857553 -0.085274113955892683 -0.02568058756087032
leaf_weight=3.4713647832104466 12.991372755262999 26.680822698399425 0.37678755400702257 210.2017622861531 0.51835112250410009 0.83250360703095683 1.8276288392953572 0.51221445668488774 0.58222693949937809 0.94609581399708886 0.31776451878249645 1.5220057202968735 0.3276982307434072 1.1955808103084562
leaf_count=1125 245 610 10 15978 138 40 40 14 11 22 10 31 18 30
internal_value=-0.000828122 -0.00128889 -0.00199338 -0.00186768 -0.0185766 -0.00156226 -0.0151888 -0.00489345 -0.0239787 -0.00122524 -0.0520436 -0.00141762 -0.00164365 -0.0425119
internal_weight=262.304 249.313 222.632 222.255 3.98972 218.265 5.26792 4.11765 2.29002 212.998 1.15027 212.051 210.529 1.7078
internal_count=18322 18077 17467 17457 1263 16194 145 95 55 16049 50 16027 15996 44
is_linear=0
shrinkage=0.04


Tree=150
num_leaves=15
num_cat=0
split_feature=3 0 4 8 3 8 3 7 0 3 3 3 0 3
split_gain=1.4446 0.642317 0.60181 0.859288 0.809935 0.748217 0.968803 0.673527 0.641625 0.598377 0.873579 1.05866 1.05909 0.930561
threshold=0.024594374932348732 0.18333333730697635 1.0000000180025095e-35 2.5477148294448857 0.025399639271199707 0.74409300088882457 0.026492900215089325 0.77581393718719494 0.064583335071802153 0.031766045838594444 0.030816650018095974 0.030292679555714134 0.13392857462167743 0.031076864339411262
decision_type=2 2 2 2 2 2 2 2 2 2 2 2 2 2
left_child=1 -1 4 9 -2 8 -7 -8 -6 10 11 -4 -13 -12
right_child=2 -3 3 -5 5 6 7 -9 -10 -11 13 12 -14 -15
leaf_value=-0.0023013227035822712 0.026248773527236788 -0.060588869494422236 0.0051073720887955211 -0.036225485856741943 -0.042615492986151783 -0.032117969528002055 0.033165985458347931 0.0074355539002124464 -0.0020404719500677336 0.022320232466461896 -0.028092428397784586 0.0050418090111223317 0.039412184419548996 0.0037036405795726852
leaf_weight=183.45134320167563 1.9815974631346751 0.30299455486237903 12.768764910986659 0.67888285219669242 0.63521209033206005 0.84542102180421252 2.0167784234508863 8.4378239600919169 34.016858932795003 4.7605083831585935 1.9704374484717835 2.4066913519054642 3.5508393468335271 5.8302920865826309
leaf_count=16566 51 16 289 12 28 18 43 181 746 177 36 33 51 112
internal_value=-0.000445024 -0.00239743 0.00404513 0.00829611 0.0012102 0.000130458 0.00906858 0.0123992 -0.00278426 0.00926215 0.00691876 0.0116037 0.0255274 -0.00432794
internal_weight=263.654 183.754 79.9001 31.9664 47.9337 45.9521 11.3 10.4546 34.6521 31.2875 26.527 18.7263 5.95753 7.80073
internal_count=18359 16582 1777 710 1067 1016 242 224 774 698 521 373 84 148
is_linear=0
shrinkage=0.04


Tree=151
num_leaves=15
num_cat=0
split_feature=3 8 6 0 3 3 5 0 3 0 3 8 3 1
split_gain=0.671831 0.96463 0.701101 0.739223 1.30114 0.656221 1.30131 1.06227 1.65827 1.40671 1.30804 1.12856 0.934471 0.89065
threshold=0.014389229938387873 2.5955792665481572 1.0000000180025095e-35 0.15476191043853763 0.029689920134842399 0.014815624803304674 1.0000000180025095e-35 0.18333333730697635 0.030816650018095974 0.15476191043853763 0.031076864339411262 2.2770341634750371 0.029561495408415798 0.18333333730697635
decision_type=2 2 2 2 2 2 2 2 2 2 2 2 2 2
left_child=-1 2 5 4 -4 -2 7 8 13 10 -10 -9 -8 -7
right_child=1 -3 3 -5 -6 6 12 11 9 -11 -12 -13 -14 -15
leaf_value=-0.0026434878700259722 0.011953856522290454 -0.061379973938615918 0.0082071008264608999 -0.0020720859908977089 0.041617985157195198 -0.008491484473731296 -0.017508088134149061 0.0035553413531258216 -0.038055008250712744 -0.062895151997041876 0.016047879331007417 0.046066418157553864 -0.094271168627945032 0.0030011011713094423
leaf_weight=145.58768495845288 6.8822864502435541 0.39011052157729764 13.682763772783803 8.1367033962160331 2.1592615423724046 19.001509414520115 0.75106802256777772 36.67258965712972 1.5276191690936678 1.2991103837266562 1.3440791666507719 1.0271622864529479 0.38318923208862543 24.964197014225647
leaf_count=15143 288 5 334 181 32 744 33 779 22 27 20 46 17 626
internal_value=-0.000824494 0.00141556 0.00162346 0.00772768 0.012761 6.3877e-05 -0.000877019 -0.000314568 -0.00425254 -0.028357 -0.0127325 0.00471359 -0.0434412 -0.00196587
internal_weight=263.809 118.222 117.832 23.9787 15.842 93.8528 86.9705 85.8363 48.1365 4.17081 2.8717 37.6998 1.13426 43.9657
internal_count=18297 3154 3149 547 366 2602 2314 2264 1439 69 42 825 50 1370
is_linear=0
shrinkage=0.04


Tree=152
num_leaves=15
num_cat=0
split_feature=8 7 0 8 3 6 7 7 7 7 7 7 5 3
split_gain=0.725731 1.34338 1.28579 0.495976 0.448889 0.932723 0.397129 2.23975 0.384139 0.823352 0.679823 0.723335 0.43531 0.358947
threshold=0.76598063111305248 0.74810978770256054 0.11805555596947671 0.76634052395820629 0.032010246068239219 1.0000000180025095e-35 0.72326120734214794 0.70010116696357738 0.74701264500617992 0.74296158552169811 0.73519253730773937 0.72695675492286693 1.0000000180025095e-35 0.0070176301524043092
decision_type=2 2 2 2 2 2 2 2 2 2 2 2 2 2
left_child=1 8 -3 -2 6 -6 7 -5 9 10 11 -1 -13 -12
right_child=3 2 -4 4 5 -7 -8 -9 -10 -11 13 12 -14 -15
leaf_value=-0.0018883570372988654 0.030175890761789861 -0.071935620564544431 0.045295357567187312 0.036905680366011183 0.031835170450537735 -0.039357145821022219 0.0019586122572535446 -0.092244326644041405 0.045477779584413333 -0.060963330340736283 -0.0041859089043148178 -0.04322492729168808 0.012191810082495411 0.033816427590355719
leaf_weight=185.33067779646808 1.0274379849433888 0.77581077488139172 0.18548298254609108 0.44542139302939077 1.7979556955397122 0.35211063176393498 67.132589167682454 0.41504114214330912 0.27330721542239089 0.37787959491833945 0.5739429946988811 1.0563375437632192 0.28880292363464821 1.294878954067826
leaf_count=16443 20 57 4 11 86 6 1572 18 6 27 5 42 7 24
internal_value=-0.000859894 -0.00214948 -0.0493157 0.00258568 0.00218154 0.0201762 0.00161252 -0.0253894 -0.00190983 -0.00197838 -0.00186016 -0.00210048 -0.0313269 0.0221453
internal_weight=261.328 190.157 0.961294 71.1706 70.1431 2.15007 67.9931 0.860463 189.196 188.923 188.545 186.676 1.34514 1.86882
internal_count=18328 16615 61 1713 1693 92 1601 29 16554 16548 16521 16492 49 29
is_linear=0
shrinkage=0.04


Tree=153
num_leaves=15
num_cat=0
split_feature=0 8 8 3 1 8 0 3 3 4 3 1 1 3
split_gain=1.01334 0.900458 2.19772 0.791845 0.661644 0.565067 0.900389 0.56403 1.02232 1.07835 1.1729 1.0005 1.23867 1.46142
threshold=0.11805555596947671 0.80723297595977794 0.78402599692344677 0.029867385514080528 0.22500000149011615 1.5477371811866762 0.22500000149011615 0.030787454918026928 0.030091284774243835 1.0000000180025095e-35 0.030446350574493412 0.22500000149011615 0.18333333730697635 0.031529305502772338
decision_type=2 2 2 2 2 2 2 2 2 2 2 2 2 2
left_child=1 2 -1 4 -3 7 -7 8 -2 10 -10 12 13 -9
right_child=5 3 -4 -5 -6 6 -8 11 9 -11 -12 -13 -14 -15
leaf_value=-0.0032109338112316687 0.0011942002911412698 0.0022951496134401574 -0.065423172308062286 -0.029520286027233805 0.021764322799940578 0.00064380634824367925 0.02901544387209282 -0.014308940758806987 0.025736414291836731 0.035205530788131018 -0.012851458306668869 0.0023608200360129483 -0.042997608865568859 0.053842308703247264
leaf_weight=153.41843586856703 18.895355243934322 43.21961905201897 0.91394728177692641 1.1880205404013384 2.985805496107786 3.6993090952746561 3.4670345250051469 3.1380798006430299 2.4819014649838191 3.4331510625779629 2.5605995496734977 19.54747688327916 1.9062515120021997 0.59963803179562081
leaf_count=15862 495 978 52 20 58 86 139 58 44 43 60 390 38 6
internal_value=-0.000743365 -0.0020984 -0.00357935 0.00272419 0.00355325 0.00383307 0.0143698 0.0023965 0.00637165 0.0179141 0.00614136 -0.00192259 -0.0167579 -0.00337551
internal_weight=261.455 201.726 154.332 47.3934 46.2054 59.7288 7.16634 52.5625 27.371 8.47565 5.0425 25.1914 5.64397 3.73772
internal_count=18329 16970 15914 1056 1036 1359 225 1134 642 147 104 492 102 64
is_linear=0
shrinkage=0.04


Tree=154
num_leaves=15
num_cat=0
split_feature=3 8 8 7 1 1 1 8 1 7 7 8 7 8
split_gain=0.686495 0.723722 1.24268 0.457088 0.510049 0.494924 0.985947 0.526968 0.460094 0.406424 1.28844 0.848844 4.49158 0.733845
threshold=0.014389229938387873 1.6901376843452456 1.6616088151931765 0.80723297595977794 0.046536797657608993 0.022991543635725979 0.014389234129339458 2.2770341634750371 0.016807910054922107 0.81831201910972606 0.80804961919784557 1.502380967140198 0.80723297595977794 1.4894437193870547
decision_type=2 2 2 2 2 2 2 2 2 2 2 2 2 2
left_child=1 2 9 -3 5 6 -5 -7 -8 10 11 13 -13 -1
right_child=-2 3 -4 4 -6 7 8 -9 -10 -11 -12 12 -14 -15
leaf_value=-0.002455749491126561 0.0022608241154768748 0.042360646928940558 -0.043662378261148771 0.03066854990917367 -0.02156500264860953 0.0069333787376089067 -0.054154036566590895 0.053414356448815557 -0.001917928797196508 0.0034334240225824485 -0.071143779497477133 0.026075079735043444 -0.10565960849725839 0.048849475990934671
leaf_weight=117.93191691846732 115.7317658335669 0.72303273715078731 1.1585763301700343 0.98061688523739654 0.76844999333843578 0.74476910755038239 0.47526177018880822 0.81987373949959874 0.62402729596942663 18.636055258102715 0.44120750529691477 0.95864734984934219 0.72904062923043966 0.44776148349046607
leaf_count=14491 3149 15 20 19 21 13 12 23 18 467 21 19 27 6
internal_value=-3.81328e-05 -0.0018675 -0.00240737 0.0128802 0.0080501 0.0142944 0.00150964 0.0312894 -0.0245015 -0.00206386 -0.00291399 -0.00266327 -0.0308311 -0.00226169
internal_weight=261.171 145.439 140.303 5.13603 4.413 3.64455 2.07991 1.56464 1.09929 139.145 120.509 120.067 1.68769 118.38
internal_count=18321 15172 15051 121 106 85 49 36 30 15031 14564 14543 46 14497
is_linear=0
shrinkage=0.04


Tree=155
num_leaves=15
num_cat=0
split_feature=8 0 3 3 4 1 3 3 3 7 8 7 7 4
split_gain=0.793202 0.827396 0.689366 0.77386 0.636263 0.882846 0.929528 0.806249 0.777833 0.610112 0.39589 0.404746 0.821202 0.556288
threshold=0.68412163853645336 0.29166667163372045 0.031766045838594444 0.031408419832587249 1.0000000180025095e-35 0.039230769500136382 0.012739370111376049 0.016001025214791301 0.026492900215089325 0.81690406799316417 2.2931365966796879 0.71450781822204601 0.72450456023216259 1.0000000180025095e-35
decision_type=2 2 2 2 2 2 2 2 2 2 2 2 2 2
left_child=4 2 3 -2 -1 8 -7 -8 -6 -5 11 -3 -13 -14
right_child=1 10 -4 9 5 6 7 -9 -10 -11 -12 12 13 -15
leaf_value=-0.0027350812997677431 0.001763989193446314 0.032888473013730331 0.04158369993784948 -0.053095058872621163 -0.034808019449514227 0.043971750925508174 -0.0089580334833648714 0.0085497087298498885 0.05263638514260513 0.0036387153581254055 0.043457475118033141 -0.049654997366652069 0.019970758010358372 -0.0012850115402095158
leaf_weight=138.5471005583604 85.281446531182155 1.238365000113842 0.68524947646073897 0.74123743548989185 1.4108736114139926 0.98956877467572013 5.5213715515565154 17.699426607228816 0.18398222886025895 0.5133029033895582 0.66384765668772239 0.37261950690299173 4.7086777724325639 3.3870681193657219
leaf_count=14617 2061 25 24 12 417 94 395 368 3 13 36 8 108 109
internal_value=3.51786e-05 0.00289164 0.00162165 0.00130521 -0.00166098 0.00410583 0.00600476 0.00438677 -0.0247205 -0.0298821 0.0135728 0.011529 0.00840552 0.0110778
internal_weight=261.944 97.5918 87.2212 86.536 164.352 25.8052 24.2104 23.2208 1.59486 1.25454 10.3706 9.70673 8.46837 8.09575
internal_count=18290 2396 2110 2086 15894 1277 857 763 420 25 286 250 225 217
is_linear=0
shrinkage=0.04


Tree=156
num_leaves=15
num_cat=0
split_feature=0 8 8 8 8 1 1 1 8 8 8 8 5 8
split_gain=0.627906 0.533971 0.598019 0.459545 0.716834 0.443848 1.02999 0.452216 0.625706 0.45685 1.32991 1.30922 0.917499 0.910896
threshold=0.18333333730697635 2.2606446743011479 1.7549718022346499 1.5477371811866762 1.5188317298889162 0.0088890646584332007 0.0092167854309082049 0.010152545757591726 1.4096468687057497 1.6140992045402529 1.6901376843452456 1.6714502573013308 1.0000000180025095e-35 1.5456029176712038
decision_type=2 2 2 2 2 2 2 2 2 2 2 2 2 2
left_child=5 2 3 4 -2 -1 -7 8 -8 13 11 12 -11 -9
right_child=1 -3 -4 -5 -6 6 7 9 -10 10 -12 -13 -14 -15
leaf_value=-0.030729515936004988 0.0046614835463651147 0.028701354324583851 -0.027636119616160387 0.024185828272385815 -0.045147996112961622 0.041586405145468977 -0.026535478369294534 1.4026898060115962e-05 0.050271416096713428 -0.023867941011009381 0.0025932763268793485 -0.063423152262490859 0.021142251244377453 0.017868621308285787
leaf_weight=0.75656451111717515 38.693966895341873 1.4838262067642052 0.91844951617531378 1.9047702448442567 0.46788014937192102 0.94699377528740925 1.7908826231141564 196.75139178862446 0.18746754713356484 3.0074899392202492 8.3025212259963137 1.0414225654676554 0.95460748532786954 4.6805777288973323
leaf_count=269 834 64 24 81 10 117 635 15895 3 65 197 12 21 95
internal_value=0.000728678 0.00511909 0.00428565 0.00499958 0.00406639 -0.000145082 -3.87752e-05 -0.000220666 -0.0192573 -4.52846e-05 -0.00722376 -0.0235135 -0.0130234 0.000428906
internal_weight=261.889 43.4689 41.9851 41.0666 39.1618 218.42 217.663 216.716 1.97835 214.738 13.306 5.00352 3.9621 201.432
internal_count=18322 1013 949 925 844 17309 17040 16923 638 16285 295 98 86 15990
is_linear=0
shrinkage=0.04


Tree=157
num_leaves=15
num_cat=0
split_feature=7 1 5 1 3 3 0 1 3 0 3 3 3 4
split_gain=0.619628 0.599997 0.567068 1.25668 0.713579 1.55334 1.48671 0.634063 0.724954 0.543575 0.8918 1.20576 0.905152 0.752077
threshold=0.65196481347084057 0.29166667163372045 1.0000000180025095e-35 0.11805555596947671 0.029561495408415798 0.028393074870109562 0.10555555671453477 0.039230769500136382 0.027767430059611801 0.75000000000000011 0.028347184881567958 0.028574345633387569 0.027009889483451847 1.0000000180025095e-35
decision_type=2 2 2 2 2 2 2 2 2 2 2 2 2 2
left_child=1 2 9 4 5 6 7 -4 -9 10 12 -12 -1 -13
right_child=-2 -3 3 -5 -6 -7 -8 8 -10 -11 11 13 -14 -15
leaf_value=-0.0044010859155485475 0.0023008376572315123 0.0044310445250464112 0.0042484465383379327 0.027054587081494282 -0.04922583098415631 0.05685132988323658 -0.072236718474292222 -0.009659036910994857 0.044561552958641081 0.0087371417982282738 -0.074654275816716908 -0.019634282238836894 0.013567826483090554 0.0009341497366351678
leaf_weight=77.199836192703515 104.21354682359379 22.105534298811108 19.373373694688791 2.869708063080906 0.47509267367422481 0.75499222986400027 0.46455690776929159 10.850375568377782 0.40943834651261646 4.9252556557767084 0.51512490538880129 7.8588895881548506 4.7620438840240231 4.4576746551319957
leaf_count=13149 2609 440 1039 54 17 13 24 399 5 78 24 219 141 98
internal_value=-9.04267e-05 -0.00167748 -0.00267834 0.00168659 -0.000565297 0.000160489 -0.00121585 -0.000138811 -0.00768742 -0.00421902 -0.00489219 -0.0146977 -0.00335708 -0.01219
internal_weight=261.235 157.022 134.916 35.1975 32.3278 31.8527 31.0977 30.6332 11.2598 99.7188 94.7936 12.8317 81.9619 12.3166
internal_count=18309 15700 15260 1551 1497 1480 1467 1443 404 13709 13631 341 13290 317
is_linear=0
shrinkage=0.04


Tree=158
num_leaves=15
num_cat=0
split_feature=1 1 7 7 1 4 1 7 7 8 8 0 0 0
split_gain=0.79504 1.88539 0.993054 0.87462 0.869582 0.842592 0.681948 0.590975 0.824211 0.660617 1.60055 0.588073 0.57585 0.721187
threshold=0.015504807699471714 0.014599318150430919 0.87074008584022533 0.65196481347084057 0.017095265910029415 1.0000000180025095e-35 0.064583335071802153 0.87776499986648571 0.85588780045509349 1.4826412200927737 1.412620007991791 0.41666667163372045 0.087121214717626586 1.0000000180025095e-35
decision_type=2 2 2 2 2 2 2 2 2 2 2 2 2 2
left_child=1 5 -3 6 -5 7 12 8 9 10 11 -1 13 -2
right_child=3 2 -4 4 -6 -7 -8 -9 -10 -11 -12 -13 -14 -15
leaf_value=-0.0041830952978760844 -0.0048382619693935341 -0.029762715038172134 -0.10495234786343213 0.022709342986333456 0.0030777422968662018 -0.067081225519736207 0.0014408539427890044 0.014920679837126817 -0.055088457870886995 0.024288545613450667 -0.085608441924807835 0.070826637667374751 0.0052719094035582458 -0.034039162419609782
leaf_weight=16.156032647064446 56.57221887128253 2.2548548877966819 0.32106311712414015 3.7653966494835904 87.531210699002258 0.32281391581636754 77.596244394371752 2.8691528039053074 0.50306316465139289 1.2999033601954568 0.38799738278612395 0.16897986829280753 9.1286457660607976 1.3864053138531733
leaf_count=3577 8552 532 16 85 2158 114 2830 58 18 22 9 2 274 96
internal_value=0.000112629 -0.00677907 -0.0391344 0.000821828 0.00388742 -0.00293971 -0.00111259 -0.00197148 -0.00458901 -0.00317867 -0.00531501 -0.00340667 -0.00406602 -0.00553677
internal_weight=260.264 24.2839 2.57592 235.98 91.2966 21.7079 144.684 21.3851 18.516 18.0129 16.713 16.325 67.0873 57.9586
internal_count=18343 4348 548 13995 2243 3800 11752 3686 3628 3610 3588 3579 8922 8648
is_linear=0
shrinkage=0.04


Tree=159
num_leaves=15
num_cat=0
split_feature=8 7 8 7 8 1 7 7 1 0 7 7 0 7
split_gain=0.683735 1.00496 0.714568 1.30855 1.1376 0.918253 0.898875 1.45507 1.24394 1.7145 0.738127 1.87321 1.32752 1.0295
threshold=1.3731684088706972 0.89101329445838939 1.4894437193870547 0.76462683081626903 1.4215819239616396 0.030776515603065494 0.88132035732269298 0.87433862686157238 0.13392857462167743 0.15476191043853763 0.79739290475845348 0.81844714283943187 0.15476191043853763 0.8410148322582246
decision_type=2 2 2 2 2 2 2 2 2 2 2 2 2 2
left_child=1 -1 3 4 -2 -5 7 10 -8 -10 12 -12 -4 -13
right_child=2 -3 6 5 -6 -7 8 -9 9 -11 11 13 -14 -15
leaf_value=-0.0013802196696913532 0.016620173447596202 -0.092274880892317626 0.028590608547460327 0.0024540076056813508 -0.02472171914938965 0.051759503319684416 0.018655509365517433 -0.050301894768068588 -0.032316760506061422 0.016999844347209862 -0.026872478713801062 0.02643444333203631 -0.026607163080183703 -0.0095734443565067082
leaf_weight=224.72282936822012 3.126293843612074 0.19479005131870408 2.6009413641877468 0.86762908007949624 1.6151422588154671 1.9916697123553602 8.0966641362756473 1.068527375347913 2.2463317369110891 2.2653604184743017 4.3476986973546428 2.6070209080353379 0.95241604931652535 2.4779913588427007
leaf_count=17510 62 15 51 9 45 22 187 29 44 91 95 57 21 64
internal_value=-0.000657063 -0.00145894 0.00460671 0.0154258 0.0025373 0.0367982 0.00152253 -0.00543372 0.00927671 -0.00755446 -0.00174185 -0.00759498 0.0137958 0.00888734
internal_weight=259.181 224.918 34.2637 7.60073 4.74144 2.8593 26.663 14.0546 12.6084 4.51169 12.9861 9.43271 3.55336 5.08501
internal_count=18302 17525 777 138 107 31 639 317 322 135 288 216 72 121
is_linear=0
shrinkage=0.04


Tree=160
num_leaves=15
num_cat=0
split_feature=1 8 8 8 8 8 8 3 8 0 7 7 7 3
split_gain=0.674514 0.61631 0.73057 0.608798 0.657544 0.63643 0.590041 0.857954 0.760765 0.511439 0.428678 1.35743 1.09323 0.952021
threshold=0.074175827205181136 2.5955792665481572 2.4311239719390874 2.1057972908020024 1.7021593451499941 1.6807214021682741 2.1057972908020024 0.015749010257422928 1.7452975511550906 0.41666667163372045 0.83555287122726452 0.84717625379562389 0.85073077678680431 0.029254760593175892
decision_type=2 2 2 2 2 2 2 2 2 2 2 2 2 2
left_child=3 2 6 4 5 10 8 -8 -2 -9 13 -12 -13 -1
right_child=1 -3 -4 -5 -6 -7 7 9 -10 -11 11 12 -14 -15
leaf_value=-0.0018423297320550379 0.0023734882006113118 -0.052576889720670587 0.034083821516062741 0.013726796057952356 -0.040090114504086352 0.022564275342591828 -0.070146278048352384 0.0019349973222796699 0.042499737541558204 -0.040540526561851753 -0.068534968213966735 0.059201465813533707 -0.0080441206826581436 0.039363189902032567
leaf_weight=124.82341985388484 105.42523460963275 0.32612409070134063 1.1589348609559227 3.9330830583348861 0.73003193736076255 1.6637190375477064 0.39414236648008172 2.153420162154362 0.76144571043550868 0.57458193949423719 0.58176109706982693 0.3973768949508657 14.55616292799823 0.90362538397312064
leaf_count=14388 3217 5 44 97 24 13 11 58 18 18 21 4 377 11
internal_value=-2.86584e-05 0.00233015 0.00249225 -0.0017994 -0.00222448 -0.00203107 0.0021573 -0.0149816 0.00266123 -0.00701136 -0.00232074 -0.00858929 -0.00625713 -0.00154618
internal_weight=258.383 110.794 110.468 147.589 143.656 142.926 109.309 3.12214 106.187 2.728 141.262 15.5353 14.9535 125.727
internal_count=18306 3371 3366 14935 14838 14814 3322 87 3235 76 14801 402 381 14399
is_linear=0
shrinkage=0.04


Tree=161
num_leaves=15
num_cat=0
split_feature=0 3 3 3 7 3 7 7 7 9 3 3 1 1
split_gain=0.679818 0.781866 0.847262 0.730404 0.879639 0.824485 0.628162 0.605646 0.839907 0.551777 0.826727 0.362084 0.356529 0.43543
threshold=0.18333333730697635 0.031269090250134475 0.031076864339411262 0.030860554426908497 0.76598063111305248 0.030650475062429908 0.80723297595977794 0.72402209043502819 0.71050539612770092 0.5000000149011613 0.030446350574493412 0.030600344762206081 0.75000000000000011 0.29166667163372045
decision_type=2 2 2 2 2 2 2 2 2 2 2 2 2 2
left_child=1 2 3 5 -5 9 -3 8 -2 10 -1 -12 13 -9
right_child=7 6 -4 4 -6 -7 -8 12 -10 -11 11 -13 -14 -15
leaf_value=-0.0010593419987687471 0.0026202200759498002 -0.042169645195762502 0.048307188542103453 -0.0042866876466189181 -0.066116211316879545 0.025099008642278813 0.009978256994335629 0.014502256884201561 -0.051849092605011464 0.0050252335431986836 -0.051687019153800223 -0.0081047665400030382 0.030431322738360935 -0.0027512247532082736
leaf_weight=185.04138932756177 29.70824307505973 1.2642891304567445 0.57097582798451085 0.97155425138771423 0.59278309065848589 2.0280448221601537 0.52225946122780431 8.4291419237852043 0.45995991304516692 25.221506188623607 0.73550345934927353 0.52110592368990183 1.4995432954747236 3.2399521565530458
leaf_count=16720 635 19 10 20 7 31 16 213 10 529 19 9 77 90
internal_value=0.00033918 -0.000572467 -0.000354181 -0.000483344 -0.0277161 -0.000283851 -0.0269253 0.00491394 0.00178975 -0.000527221 -0.00127893 -0.0336138 0.0120712 0.00971179
internal_weight=260.806 217.469 215.683 215.112 1.56434 213.548 1.78655 43.3368 30.1682 211.52 186.298 1.25661 13.1686 11.6691
internal_count=18405 17380 17345 17335 27 17308 35 1025 645 17277 16748 28 380 303
is_linear=0
shrinkage=0.04


Tree=162
num_leaves=15
num_cat=0
split_feature=8 8 7 8 0 7 1 4 1 3 8 3 1 3
split_gain=0.614064 1.08252 1.86455 1.44024 1.22316 0.923956 0.647712 0.804719 0.596774 1.02877 1.35321 1.27298 0.968921 0.824976
threshold=1.5523229837417605 1.6140992045402529 0.81831201910972606 1.6405735015869143 0.15476191043853763 0.89101329445838939 0.18333333730697635 1.0000000180025095e-35 0.03637566231191159 0.028131764382123951 1.6417425870895388 0.013606070075184109 0.18333333730697635 0.010256679728627207
decision_type=2 2 2 2 2 2 2 2 2 2 2 2 2 2
left_child=5 2 -2 4 -3 -1 -4 -8 13 10 -10 -12 -13 -5
right_child=1 3 6 8 -6 -7 7 -9 9 -11 11 12 -14 -15
leaf_value=0.00041322892128045727 -0.036178917935156533 -0.051974426761013631 0.043529787204331857 0.0065673539019289141 0.028203182968733746 -0.095549963034457855 -0.044844690896613359 0.047675374912737614 0.0572361345278646 0.012653973289266832 0.0013153699386180501 -0.062717385837261524 -0.0020472916136596679 0.040841690718433646
leaf_weight=238.31278443812334 0.67243451671675103 1.256925134453925 3.1211334769614045 3.4078148351982227 0.40174279827624548 0.16064039524644513 0.32262782426550973 0.28179268515668809 0.39725456014275362 5.4649787894450128 2.1218695412389934 1.3285326408222315 0.61666720826178778 1.6763610569760201
leaf_count=17793 21 32 68 81 9 14 8 17 6 174 41 32 15 33
internal_value=0.000926916 0.00747249 0.0251253 0.00281581 -0.0325548 0.000348586 0.0361902 -0.00171002 0.00672351 0.00101694 -0.0132285 -0.0201112 -0.0434838 0.0178683
internal_weight=259.544 21.0701 4.39799 16.6721 1.65867 238.473 3.72555 0.604421 15.0135 9.9293 4.46432 4.06707 1.9452 5.08418
internal_count=18344 537 114 423 41 17807 93 25 382 268 94 88 47 114
is_linear=0
shrinkage=0.04


Tree=163
num_leaves=15
num_cat=0
split_feature=3 8 3 8 6 0 3 7 3 3 7 8 6 7
split_gain=0.652535 0.642538 0.928783 0.878466 0.857113 0.789165 0.765139 1.01205 0.853604 0.538664 1.18211 1.0034 0.564337 0.523803
threshold=0.0080322599969804304 1.6499184370040896 0.011299800127744676 1.6417425870895388 1.0000000180025095e-35 0.095454547554254546 0.013606070075184109 0.8892553746700288 0.015268070157617332 0.0077822199091315278 0.87074008584022533 0.85966771841049205 1.0000000180025095e-35 0.71485984325408947
decision_type=2 2 2 2 2 2 2 2 2 2 2 2 2 2
left_child=9 3 4 -2 -3 6 -4 8 -8 -1 11 12 13 -11
right_child=1 2 5 -5 -6 -7 7 -9 -10 10 -12 -13 -14 -15
leaf_value=-0.0038965379499848753 0.00059141522122822679 0.052556231673146943 0.0059510458369769681 -0.051300863204328633 0.0097293676944133576 0.013121801199610567 -0.03885594562368716 -0.058977902475690548 0.041514836401042816 -0.0073059306000130501 -0.1090809192683577 0.033902963231200817 -0.073251525163582826 -0.075472300112509147
leaf_weight=21.457348485346305 220.66466860898799 1.3655715044587842 2.111088743433355 0.52320003835484286 1.652494820766151 5.700406983261928 0.41846424248069503 0.91287537757307291 0.427375553175807 1.2000937023913136 0.23381535941734899 0.52501814439892758 0.36656187963671971 0.21226449916139234
leaf_count=3764 13714 15 44 20 53 176 11 25 9 477 15 8 39 12
internal_value=0.000324176 0.000968947 0.00975931 0.000468669 0.0291071 0.0036578 -0.0102831 -0.02977 0.00175282 -0.00595762 -0.0233846 -0.0146876 -0.0290283 -0.0175507
internal_weight=257.771 233.776 12.5883 221.188 3.01807 9.57021 3.8698 1.75872 0.84584 23.9951 2.53775 2.30394 1.77892 1.41236
internal_count=18382 14067 333 13734 68 265 89 45 20 4315 551 536 528 489
is_linear=0
shrinkage=0.04


Tree=164
num_leaves=15
num_cat=0
split_feature=1 4 1 1 7 8 7 7 3 7 7 0 1 7
split_gain=0.636379 0.895119 0.811104 0.727401 1.28184 0.631297 0.718391 0.753305 0.600532 0.55467 1.24673 1.19518 1.08906 0.890125
threshold=0.015504807699471714 1.0000000180025095e-35 0.015749008394777778 0.014599318150430919 0.87074008584022533 0.85966771841049205 0.77199336886405956 0.68412163853645336 0.0077221249230206021 0.76462683081626903 0.74810978770256054 0.087121214717626586 0.016261236742138866 0.76811915636062633
decision_type=2 2 2 2 2 2 2 2 2 2 2 2 2 2
left_child=1 3 -2 8 5 6 7 -5 -1 10 12 -12 -4 -11
right_child=2 -3 9 4 -6 -7 -8 -9 -10 13 11 -13 -14 -15
leaf_value=-0.0039144518711017023 0.030632643396997467 -0.068401383780378563 -0.037716590585696722 -0.03046477654636396 -0.11317687141291748 0.02317172080838421 -0.078579147284749531 0.029752466076221382 0.027269127862155448 0.029292856275592308 -0.084329427733157838 -0.0045389111841298664 0.00014750352129632512 0.0031564898219471199
leaf_weight=20.312861890495707 1.4577907736675104 0.36093960906145994 1.2238681631934003 1.3252826322568583 0.23580735456198443 0.53037499263882626 0.34345590230077494 0.44366563740186382 1.0386314951902011 2.1683570835739365 0.55100640724412986 0.66031915694475174 175.45591714346665 54.153564758482389
leaf_count=3516 147 118 303 521 15 10 6 11 125 47 42 15 12042 1350
internal_value=0.000249459 -0.00587373 0.000888381 -0.00494229 -0.0238176 -0.0158443 -0.0256403 -0.0153618 -0.00239754 0.000703247 -0.000392054 -0.0408339 -0.000114783 0.00416272
internal_weight=260.262 24.591 235.671 24.2301 2.87859 2.64278 2.1124 1.76895 21.3515 234.213 177.891 1.21133 176.68 56.3219
internal_count=18268 4322 13946 4204 563 548 538 532 3641 13799 12402 57 12345 1397
is_linear=0
shrinkage=0.04


Tree=165
num_leaves=15
num_cat=0
split_feature=3 0 7 7 1 1 3 8 7 7 1 1 1 7
split_gain=0.775808 0.894059 0.615096 0.880759 1.06504 1.19733 1.02246 0.950022 0.937544 0.913877 1.64297 0.851723 0.768184 0.706167
threshold=0.031890055164694793 0.41666667163372045 1.0000000180025095e-35 0.69785863161087047 0.012422839645296337 0.046536797657608993 0.030292679555714134 0.69696003198623668 0.66737371683120739 0.70628839731216442 0.024099883623421196 0.051315790042281158 0.095454547554254546 0.68356719613075267
decision_type=2 2 2 2 2 2 2 2 2 2 2 2 2 2
left_child=2 -2 11 4 -4 -6 7 8 12 10 -5 -1 -7 -10
right_child=1 -3 3 9 5 6 -8 -9 13 -11 -12 -13 -14 -15
leaf_value=-0.0062059744294827848 0.03309741847893511 0.0038768140655653822 -0.029243246625261649 0.014352634607923227 0.024857296145610528 0.035670894916193227 0.032903023950912172 0.038029467335189387 -0.066814042181612479 0.00025369775951978321 -0.076086684012650924 -6.3784157740981489e-05 -0.02008262956429889 -0.017952795082610554
leaf_weight=65.905881237173162 2.1487839983310533 7.6041338397189975 0.99010257865302165 0.60532242385670432 7.0089513813145441 0.77773077599704288 1.1924147005192933 0.59774913266301144 0.68296933430247042 83.706862366874702 0.68518686667084694 79.930909965973115 0.8043306190520525 1.5412717559374867
leaf_count=12057 73 197 52 15 148 16 21 11 40 2113 29 3463 17 39
internal_value=-0.000748264 0.0103148 -0.00118969 0.00125074 0.0107038 0.0138414 4.52663e-05 -0.0088511 -0.0162133 -0.000261295 -0.0336655 -0.00283953 0.00732543 -0.032956
internal_weight=254.183 9.75292 244.43 98.5929 13.5955 12.6054 5.59647 4.40405 3.8063 84.9974 1.29051 145.837 1.58206 2.22424
internal_count=18291 270 18021 2501 344 292 144 123 112 2157 44 15520 33 79
is_linear=0
shrinkage=0.04


Tree=166
num_leaves=15
num_cat=0
split_feature=1 5 6 3 1 3 1 3 3 7 7 7 7 0
split_gain=0.645177 0.348304 0.751434 0.847378 1.0785 0.776435 0.461027 1.07227 0.52072 0.48557 0.756456 0.947819 0.628335 0.512185
threshold=0.41666667163372045 1.0000000180025095e-35 1.0000000180025095e-35 0.014599314890801908 0.10555555671453477 0.0305646350607276 0.025978407822549347 0.010362974833697082 0.010050504934042694 0.70791500806808483 0.81831201910972606 0.79739290475845348 0.87680101394653331 0.22500000149011615
decision_type=2 2 2 2 2 2 2 2 2 2 2 2 2 2
left_child=1 -1 3 4 -3 6 8 -8 -4 13 11 -11 -12 -9
right_child=-2 2 5 -5 -6 -7 7 9 -10 10 12 -13 -14 -15
leaf_value=-0.00074510327250186471 0.0069648854129532979 -0.00775123726095209 0.0078760973595764141 -0.044536709984138459 0.054633581522365235 0.032544581948673171 -0.041325668744536054 0.006859544220449619 0.038387590934381849 -0.0015638728431232537 0.027080529799558932 -0.036355787233968331 -0.0027459029340378117 -0.027813651193818293
leaf_weight=175.12981442031014 24.531546877929941 6.9894141855766048 12.643262470839542 0.91712881950661529 0.47341702552512277 1.5517398060765106 0.9172816164791574 22.222226618090648 0.96312003489583808 3.1479373523034138 1.5853491979651151 2.0810333606787026 3.9351634057238698 0.7032169895246615
leaf_count=15751 531 797 382 46 7 33 25 512 14 72 34 38 78 16
internal_value=0.000794353 0.00014541 0.00282827 -0.00825279 -0.00379375 0.00469477 0.00379815 0.00134464 0.0100358 0.00250695 -0.00450757 -0.0154104 0.00581948 0.00579598
internal_weight=257.792 233.26 58.1303 8.37996 7.46283 49.7503 48.1986 34.5922 13.6064 33.6749 10.7495 5.22897 5.52051 22.9254
internal_count=18336 17805 2054 850 804 1204 1171 775 396 750 222 110 112 528
is_linear=0
shrinkage=0.04


Tree=167
num_leaves=15
num_cat=0
split_feature=7 1 3 3 7 1 3 6 3 5 1 1 1 3
split_gain=0.700982 0.715671 0.730114 1.43962 0.547658 0.474405 0.987333 0.834055 0.823116 0.48975 0.482883 0.47653 0.643687 0.451105
threshold=0.65196481347084057 0.29166667163372045 0.031750030815601356 0.032010246068239219 0.65736749768257152 0.020204081200063232 0.008733789902180435 1.0000000180025095e-35 0.0093025253154337424 1.0000000180025095e-35 0.016261236742138866 0.014599318150430919 0.014389234129339458 0.025399639271199707
decision_type=2 2 2 2 2 2 2 2 2 2 2 2 2 2
left_child=1 2 5 -4 -2 6 10 13 9 -7 11 12 -1 -8
right_child=4 -3 3 -5 -6 8 7 -9 -10 -11 -12 -13 -14 -15
leaf_value=-0.0061709013724362115 0.035342434961273622 0.0052966836594295621 -0.072789088719812836 0.0046834131856436315 0.0026132829405189602 0.037700887385371779 -0.019656221812778676 -0.064965970701148734 -0.0015630741073254274 -0.016636898292391237 0.0072908253556640337 -0.023288607685584887 0.042516676427211131 0.084991770083989837
leaf_weight=9.6779107030379272 0.82468993868678708 21.96560138463974 0.69082602765411028 0.86342631839215755 101.02512389060576 1.3266108272218833 2.5671185012470232 0.74255108414217819 109.31446720840177 0.3317645959323271 4.5608802455972173 2.5639113095166968 0.45489024819107804 0.067644357681274303
leaf_count=3336 21 443 16 8 2600 313 817 79 8581 35 1090 920 105 1
internal_value=0.000300013 -0.00139277 -0.00249622 -0.0297512 0.00287829 -0.00217435 -0.00774365 -0.0275222 -0.00113876 0.0268304 -0.00387298 -0.00788322 -0.00398518 -0.0169695
internal_weight=256.977 155.128 133.162 1.55425 101.85 131.608 20.6349 3.37731 110.973 1.65838 17.2576 12.6967 10.1328 2.63476
internal_count=18365 15744 15301 24 2621 15277 6348 897 8929 348 5451 4361 3441 818
is_linear=0
shrinkage=0.04


Tree=168
num_leaves=15
num_cat=0
split_feature=7 7 6 3 3 1 1 1 1 1 1 1 7 1
split_gain=0.615611 0.711649 0.647681 1.15563 0.646692 0.572833 0.514496 0.506843 0.487145 0.799811 1.15948 0.474857 1.13689 0.96384
threshold=0.65268862247467052 0.65736749768257152 1.0000000180025095e-35 0.025647294707596306 0.016261234879493717 0.41666667163372045 0.18333333730697635 0.11805555596947671 0.0091326101683080214 0.0093025267124176043 0.0092167854309082049 0.29166667163372045 0.68500924110412609 0.41666667163372045
decision_type=2 2 2 2 2 2 2 2 2 2 2 2 2 2
left_child=2 -2 8 4 5 6 7 -4 -1 10 -10 -3 -13 -14
right_child=1 11 3 -5 -6 -7 -8 -9 9 -11 -12 12 13 -15
leaf_value=-0.043585470839320149 0.048740522733908324 0.0035643300333060551 -0.00040707310283327438 0.01657542306361633 -0.049103729840910416 0.045453770020478138 -0.02434295306220836 0.018046018136072452 0.20780948268067248 -0.003094460266415171 -0.044159671064003668 -0.058584761441588626 -0.01903207374077694 0.005078350600320353
leaf_weight=0.4747521247190879 0.53535541146993537 88.385023511247709 42.029475025483407 7.7355626141652456 0.42719780839979549 0.44594059837981959 1.3593047572066996 2.5245751383481538 0.068581730884033187 99.720505766461429 0.050913307510199957 0.59469169238582154 3.7568825925700358 9.0274792020209116
leaf_count=323 11 2274 1947 156 23 4 42 75 23 13076 29 22 89 235
internal_value=0.000335361 0.00274323 -0.0012555 0.00225364 -0.000114293 0.000337142 -0.000101061 0.000638538 -0.00316274 -0.00297053 0.100453 0.00250125 -0.00452173 -0.00200687
internal_weight=257.136 102.299 154.837 54.5221 46.7865 46.3593 45.9134 44.5541 100.315 99.84 0.119495 101.764 13.3791 12.7844
internal_count=18329 2631 15698 2247 2091 2068 2064 2022 13451 13128 52 2620 346 324
is_linear=0
shrinkage=0.04


Tree=169
num_leaves=15
num_cat=0
split_feature=5 3 1 8 1 1 7 8 8 7 6 7 3 1
split_gain=0.334958 2.09514 0.955126 1.7986 0.973546 1.1075 0.774272 0.556445 0.729638 0.514505 0.644163 1.1507 0.795186 0.570206
threshold=1.0000000180025095e-35 0.031890055164694793 0.011696306522935631 1.5761188268661501 0.030776515603065494 0.042572464793920524 0.72491174936294567 2.2845329046249394 2.4159541130065922 0.73502469062805187 1.0000000180025095e-35 0.68960243463516246 0.010362974833697082 0.026671408675611023
decision_type=2 2 2 2 2 2 2 2 2 2 2 2 2 2
left_child=-1 2 3 -2 7 6 -6 9 -9 10 11 12 13 -4
right_child=1 -3 4 -5 5 -7 -8 8 -10 -11 -12 -13 -14 -15
leaf_value=-0.00039432485144656775 -0.049708962124020824 -0.088173825649423887 0.0017903036978896233 0.047570796281730117 -0.0041119562626296549 0.0052063353035782045 -0.029282794632890009 -0.053385561679991145 0.014928674459419625 0.024212510198605521 0.013633155181375273 -0.087010997666061254 -0.060305593696805292 0.06785497939596008
leaf_weight=198.43491080366948 1.260299679939634 0.40019108075648446 1.9928481855313349 0.40080453827977169 8.4926584755885397 26.133089525159448 2.5401578722521654 0.47367249615490326 0.53011060226708651 5.0246026990935198 10.937963346485049 0.26605682540684927 0.30342987709445868 0.2335269683972
leaf_count=16319 163 13 377 6 298 651 58 13 19 91 280 14 55 6
internal_value=0.000392374 0.00303876 0.00366178 -0.0262365 0.00453418 0.000719834 -0.0099072 0.0117077 -0.0173079 0.0132603 0.00925338 -0.00788115 0.000440845 0.0087199
internal_weight=257.424 58.9894 58.5892 1.6611 56.9281 37.1659 11.0328 19.7622 1.00378 18.7584 13.7338 2.79586 2.52981 2.22638
internal_count=18363 2044 2031 169 1862 1007 356 855 32 823 732 452 438 383
is_linear=0
shrinkage=0.04


Tree=170
num_leaves=15
num_cat=0
split_feature=8 3 0 8 7 3 3 4 8 5 0 3 0 3
split_gain=0.440803 0.727432 1.15048 0.663067 0.424044 0.367388 0.438258 0.99326 0.567287 0.376192 0.549917 1.24344 0.986244 0.707001
threshold=2.3460838794708256 0.012579115107655527 0.15476191043853763 2.3097667694091801 0.89101329445838939 0.032654680311679847 0.032394465059041984 1.0000000180025095e-35 0.8892553746700288 1.0000000180025095e-35 0.18333333730697635 0.030816650018095974 0.15476191043853763 0.0305646350607276
decision_type=2 2 2 2 2 2 2 2 2 2 2 2 2 2
left_child=3 -2 -3 4 5 6 9 -8 -9 10 11 13 -13 -1
right_child=1 2 -4 -5 -6 -7 7 8 -10 -11 -12 12 -14 -15
leaf_value=-0.0019835119432089938 0.033594333253707809 -0.021203411630097483 0.030136458723201018 -0.046631283850274617 -0.047884961864709162 0.016315617328994919 -0.042248796381790125 0.044044964286449759 -0.02666628660402617 0.0025412261576243786 0.0035253295850391636 -0.010601236624697623 -0.056190727556798485 0.020027858537212881
leaf_weight=149.39052146891481 1.6205100645311166 1.6840663594193759 1.193181707523763 0.49699726584367354 0.30032097175717254 2.1046322796028099 1.1864054538309563 0.46250811591744412 0.29880725615657866 56.612055089062778 32.825154209043831 2.2203059447929254 1.1537604080513122 2.3718471159227184
leaf_count=15199 42 45 54 18 18 54 23 21 12 1999 748 36 28 38
internal_value=-0.000251452 0.0121595 8.69995e-05 -0.000475253 -0.0003831 -0.000325721 -0.000467794 -0.0193668 0.0162916 -0.000317287 -0.00117824 -0.00217346 -0.0261905 -0.0016395
internal_weight=253.921 4.49776 2.87725 249.423 248.926 248.626 246.521 1.94772 0.761315 244.574 187.962 155.136 3.37407 151.762
internal_count=18335 141 99 18194 18176 18158 18104 56 33 18048 16049 15301 64 15237
is_linear=0
shrinkage=0.04


Tree=171
num_leaves=15
num_cat=0
split_feature=7 0 1 1 1 1 8 0 8 3 3 0 7 1
split_gain=0.901017 0.804051 0.983904 1.21611 0.629021 0.775346 0.550487 0.872891 0.61686 0.705214 0.616942 1.04496 0.540551 1.71187
threshold=0.87741538882255565 0.75000000000000011 0.040833333507180221 0.023532669059932235 0.75000000000000011 0.15476191043853763 1.7452975511550906 0.15476191043853763 1.5908869504928591 0.030543250031769279 0.029254760593175892 0.22500000149011615 0.85588780045509349 0.069047622382640853
decision_type=2 2 2 2 2 2 2 2 2 2 2 2 2 2
left_child=1 12 3 -3 5 -2 8 -8 10 -10 -7 -12 -1 -14
right_child=4 2 -4 -5 -6 6 7 -9 9 -11 11 -13 13 -15
leaf_value=-0.0017399744060028 0.0086908681285211131 0.01930339723965168 0.013900475834174617 -0.071914986571154069 0.034104825892881684 0.014882878396998717 -0.01458728742379712 0.04956982558749351 -0.065329328593292435 -0.0011957615195938502 -0.070521636493135018 -0.0043319631493487117 -0.035850265286553842 0.012997414305410619
leaf_weight=212.24157373303751 19.809084174223251 0.4399642925709476 8.7645732755772752 0.49914615508168936 1.2318744689691801 1.394601539243012 0.74219340831041314 0.62506175856105983 0.68555806390941121 0.45732955308631063 0.49150146404281292 1.7071673572063444 2.7457251511514178 1.9725674558430908
leaf_count=17288 490 9 177 13 54 31 15 24 12 20 14 38 89 43
internal_value=-0.000709078 -0.00153383 0.0097312 -0.02918 0.00617784 0.00485019 -0.007615 0.0147431 -0.0140694 -0.0396661 -0.00592808 -0.0191283 -0.00203767 -0.0154286
internal_weight=253.808 226.664 9.70368 0.93911 27.1444 25.9125 6.10341 1.36726 4.73616 1.14289 3.59327 2.19867 216.96 4.71829
internal_count=18317 17619 199 22 698 644 154 39 115 32 83 52 17420 132
is_linear=0
shrinkage=0.04


Tree=172
num_leaves=15
num_cat=0
split_feature=8 8 7 1 7 7 7 8 1 0 8 8 1 7
split_gain=0.607533 0.782476 1.28313 2.11346 0.784652 0.519077 1.30984 1.3058 1.08325 0.944718 1.17274 0.853028 0.891926 0.782304
threshold=1.5456029176712038 1.502380967140198 0.79739290475845348 0.11805555596947671 0.89101329445838939 0.81844714283943187 0.79772290587425243 1.6140992045402529 0.18333333730697635 0.22500000149011615 1.6405735015869143 1.5908869504928591 0.069047622382640853 0.84448784589767467
decision_type=2 2 2 2 2 2 2 2 2 2 2 2 2 2
left_child=1 4 -3 -4 -1 6 -2 8 -7 10 -9 -8 -13 -12
right_child=5 2 3 -5 -6 7 11 9 -10 -11 13 12 -14 -15
leaf_value=-0.00010255848620235755 0.014897488161037207 0.011281365959469145 -0.091379021380876391 0.0070629799878576902 -0.097415327676257879 0.041691613106225274 -0.072084117805274447 -0.039496132497624591 -0.0071626959225574629 0.028947710263734511 0.048828306167342024 0.019292057957906068 -0.039596567535355856 0.00051511438984799633
leaf_weight=232.49745487290056 2.4762095697224167 1.0173973683267825 0.78518142458051421 0.62805435713380575 0.13264938443899055 3.0306503192987324 0.52386592049151692 1.1395722245797504 0.95500686834566284 1.978817312279715 0.57196303782984514 0.7373149339109657 0.93129719351418316 8.5872150124050659
leaf_count=17694 55 18 24 12 14 71 18 31 32 96 19 10 18 223
internal_value=0.000187545 -0.00039395 -0.0229716 -0.0476305 -0.000158048 0.0067176 -0.00503888 0.0100925 0.0299856 0.00363467 -0.00122901 -0.0275552 -0.0135753 0.00353213
internal_weight=255.993 235.061 2.43063 1.41324 232.63 20.9319 4.66869 16.2632 3.98566 12.2776 10.2988 2.19248 1.66861 9.15918
internal_count=18335 17762 54 36 17708 573 101 472 103 369 273 46 28 242
is_linear=0
shrinkage=0.04


Tree=173
num_leaves=15
num_cat=0
split_feature=8 8 7 8 8 8 0 8 1 1 4 0 7 1
split_gain=0.407031 0.743173 0.973501 0.661006 0.541018 0.499646 0.54624 0.575419 0.42293 0.963038 1.32797 1.1916 0.730601 1.64209
threshold=2.3851190805435185 2.2845329046249394 0.82042154669761669 2.3347525596618657 2.1711282730102544 2.5955792665481572 0.15476191043853763 2.4054820537567143 0.069047622382640853 0.030776515603065494 1.0000000180025095e-35 0.069047622382640853 0.85966771841049205 0.039230769500136382
decision_type=2 2 2 2 2 2 2 2 2 2 2 2 2 2
left_child=1 4 -3 -4 8 6 7 -2 9 10 11 -1 -11 -14
right_child=5 2 3 -5 -6 -7 -8 -9 -10 12 -12 -13 13 -15
leaf_value=0.00058809300480374338 0.047624509385547222 -0.059826897074845863 0.047905575914776607 -0.020658399987935953 0.021183819924657309 -0.034477302262315435 0.046521617146741995 -0.0024740419936657111 0.0013167273356684305 -0.0042383610831006613 -0.031351805301517682 0.020447806710343804 -0.058554933502427201 -0.0074578175118403612
leaf_weight=65.441413518958143 0.46565943397581611 0.77906555403023858 0.31145148910582043 0.8102585265878588 1.8492926885373879 0.31405234709382046 0.81432408047839988 1.7282013553194699 110.00573262182297 59.309604396185023 1.9565864815667726 5.2195319654420009 1.3092787954956282 4.348480723798275
leaf_count=9944 7 14 12 35 46 7 38 54 3509 4046 361 136 48 107
internal_value=-0.000377153 -0.000561008 -0.0254777 -0.00162108 -0.000371138 0.0135322 0.0185443 0.00815966 -0.000532136 -0.00201039 0.00115497 0.00205508 -0.00554848 -0.0192824
internal_weight=254.663 251.341 1.90078 1.12171 249.44 3.32224 3.00818 2.19386 247.591 137.585 72.6175 70.6609 64.9674 5.65776
internal_count=18364 18258 61 47 18197 106 99 61 18151 14642 10441 10080 4201 155
is_linear=0
shrinkage=0.04


Tree=174
num_leaves=15
num_cat=0
split_feature=1 3 6 1 5 6 3 3 3 1 1 3 1 8
split_gain=0.528717 1.12319 0.587468 0.604246 0.345173 0.997164 1.81867 0.900992 1.48559 0.888829 0.941101 0.687327 0.589579 1.22632
threshold=0.010152545757591726 0.006079084938392044 1.0000000180025095e-35 0.0089687905274331587 1.0000000180025095e-35 1.0000000180025095e-35 0.029561495408415798 0.027410119771957401 0.025399639271199707 0.060661764815449722 0.069047622382640853 0.012270399834960701 0.021054964512586597 2.2845329046249394
decision_type=2 2 2 2 2 2 2 2 2 2 2 2 2 2
left_child=1 2 3 -1 -2 6 9 8 12 11 -11 -6 13 -7
right_child=4 -3 -4 -5 5 7 -8 -9 -10 10 -12 -13 -14 -15
leaf_value=-0.042433017647799706 -0.0007356975154728596 -0.049184135885037554 0.028205850370264195 0.0060992648207611926 -0.010438349129624918 0.015905064820356939 -0.087191817861203044 0.018514486159944461 -0.072881290679244287 0.055316746247885844 0.00050996675495756645 -0.05868191970692295 0.00094250724520532803 -0.039801403073800194
leaf_weight=0.69369599341007404 191.36670751824568 1.0934848291217347 0.78053760837065045 1.0052994338911956 4.8180532446422113 9.2492808341048622 0.45809257030487138 6.8080243344884357 0.4105592230334868 0.63310737675055895 2.407611244590953 0.52387966529931862 32.080727343913168 0.67867661267519075
leaf_count=279 15323 402 37 284 646 259 19 138 9 13 69 57 760 16
internal_value=-0.000134883 -0.0154129 -0.000519574 -0.0137164 8.39657e-05 0.00278522 -0.00958375 0.00500656 0.00283863 -0.00534265 0.0119213 -0.0151696 0.00357865 0.012097
internal_weight=253.008 3.57302 2.47953 1.699 249.435 58.068 8.84074 49.2273 42.4192 8.38265 3.04072 5.34193 42.0087 9.92796
internal_count=18311 1002 600 563 17309 1986 804 1182 1044 785 82 703 1035 275
is_linear=0
shrinkage=0.04


Tree=175
num_leaves=15
num_cat=0
split_feature=7 7 7 7 1 3 1 6 7 7 7 1 1 1
split_gain=0.467793 1.86809 1.03642 0.693478 0.643887 1.13143 1.11074 0.608261 0.875782 1.84875 0.992666 1.15964 0.846167 0.778404
threshold=0.87136363983154308 0.87047380208969127 0.87433862686157238 0.87680101394653331 0.030776515603065494 0.011299800127744676 0.028174603357911113 1.0000000180025095e-35 0.81055158376693737 0.81913942098617565 0.82862794399261486 0.095454547554254546 0.41666667163372045 0.18333333730697635
decision_type=2 2 2 2 2 2 2 2 2 2 2 2 2 2
left_child=1 7 -2 -4 6 -6 -5 8 -1 -10 -11 -12 -9 -13
right_child=2 -3 3 4 5 -7 -8 12 9 10 11 13 -14 -15
leaf_value=-0.00074455603943256524 0.047217689844806399 -0.095195916057836866 -0.03949887645326372 0.0073751239423640027 -0.051861883378040874 0.0025184136789689971 0.045003347651614616 0.0022706475100679347 -0.061492179849740605 0.025070521604564515 -0.031800854921568533 0.034327401142623198 0.03097844344694416 -0.015746024679706903
leaf_weight=136.83980070320104 0.91691869404167192 0.32952885050326486 0.57435055077076214 7.4396082381717878 0.63379476731643336 17.93109113862738 1.5099205840378997 80.576166068203747 1.1534788440912951 1.2784228455275295 2.694036080269143 0.96181805804371823 1.6769578787498165 1.0272072812076656
leaf_count=14563 20 10 24 181 22 479 20 2831 35 37 94 23 26 31
internal_value=0.000585661 -2.67269e-05 0.00536847 0.00400236 0.00491043 0.000661901 0.0137236 0.000111911 -0.00145597 -0.0151385 -0.00616954 -0.0146977 0.00285594 0.00846761
internal_weight=255.543 226.537 29.0057 28.0888 27.5144 18.5649 8.94953 226.208 143.955 7.11496 5.96148 4.68306 82.2531 1.98903
internal_count=18396 17650 746 726 702 501 201 17640 14783 220 185 148 2857 54
is_linear=0
shrinkage=0.04


Tree=176
num_leaves=15
num_cat=0
split_feature=3 8 8 6 5 3 0 0 3 0 8 3 5 7
split_gain=0.577437 0.283624 0.422253 0.281965 1.46048 0.831733 0.713996 0.972696 0.597432 0.582038 1.10354 1.04348 0.786687 0.761375
threshold=0.01550481002777815 2.5477148294448857 2.4556701183319096 1.0000000180025095e-35 1.0000000180025095e-35 0.029561495408415798 0.15476191043853763 0.13392857462167743 0.028728535398840908 0.087121214717626586 0.8892553746700288 0.027090244926512245 1.0000000180025095e-35 0.72491174936294567
decision_type=2 2 2 2 2 2 2 2 2 2 2 2 2 2
left_child=1 2 -1 4 -2 8 7 9 -6 -5 11 -11 -13 -14
right_child=3 -3 -4 6 5 -7 -8 -9 -10 10 -12 12 13 -15
leaf_value=-0.0010158222259171877 0.0024248578760931831 0.044998875052410771 -0.030645556783599988 0.018415510082911288 -0.043407165355419074 -0.088176651917373644 -0.001678460526251614 0.044303502523824909 0.044121632187488651 0.035766745927819213 0.046376553272981562 -0.048039690775111388 0.019907903310363299 -0.037029639776577132
leaf_weight=159.75422108823113 73.785297737689689 0.21328280586749215 0.77327522588893671 4.8977052294649184 0.37582166469655831 0.43134173657745123 7.942264695884659 1.4791448498144752 0.18677690159529448 0.60517775267362672 0.62509017623960961 1.1145302774384618 0.8971296763047576 0.64660334773361683
leaf_count=15966 1868 8 24 94 26 19 185 28 3 12 20 30 13 11
internal_value=0.000354057 -0.00109731 -0.00115855 0.00286294 0.00177606 -0.0463878 0.0073268 0.0142941 -0.0143485 0.0092421 -0.00231204 -0.011638 -0.0224301 -0.00394078
internal_weight=253.728 160.741 160.527 92.9869 74.7792 0.99394 18.2076 10.2654 0.562599 8.78624 3.88853 3.26344 2.65826 1.54373
internal_count=18307 15998 15990 2309 1916 48 393 208 29 180 86 66 54 24
is_linear=0
shrinkage=0.04


Tree=177
num_leaves=15
num_cat=0
split_feature=1 3 0 3 3 1 1 0 0 3 4 3 6 3
split_gain=0.966536 1.09017 0.638071 1.2229 1.46925 0.767262 1.39591 0.595996 0.868835 0.567876 0.507864 0.462065 0.537927 0.806744
threshold=0.22500000149011615 0.031766045838594444 0.75000000000000011 0.030787454918026928 0.030091284774243835 0.040833333507180221 0.023532669059932235 0.15476191043853763 0.22500000149011615 0.031039469875395301 1.0000000180025095e-35 0.028290714137256149 1.0000000180025095e-35 0.029908834956586364
decision_type=2 2 2 2 2 2 2 2 2 2 2 2 2 2
left_child=1 2 3 4 11 6 -4 -6 -9 -5 -10 -1 -13 -14
right_child=-2 -3 5 9 7 -7 -8 8 10 -11 -12 12 13 -15
leaf_value=-0.0013247324095345002 0.0050705811445740188 -0.055796510646410814 0.021454982107258509 -0.04663078883225194 0.058699722693764118 0.017665556098756922 -0.06962677223065844 -0.0053395869385178853 0.015977803597524678 -0.011600752638680078 0.049173754820182866 -0.015606053080592286 0.007398584833564671 -0.037844791207792432
leaf_weight=176.63490983028169 45.092754342593253 0.58771010115742583 0.6024770252406586 1.3178463880904012 0.53180849552154441 5.2151961014606059 0.48672497970983386 2.1637292886152864 2.1586956740356982 1.6899700877256689 1.1199575481005015 7.9824040892999601 4.4308885578066111 0.73522224370390166
leaf_count=16573 1037 13 11 37 4 98 16 47 51 38 21 252 109 17
internal_value=-0.000232977 -0.00139584 -0.00123994 -0.00163731 -0.00124839 0.0112884 -0.0192462 0.0182832 0.0143339 -0.0269488 0.0273172 -0.00186323 -0.00909729 0.000959711
internal_weight=250.75 205.658 205.07 198.765 195.758 6.3044 1.0892 5.97419 5.44238 3.00782 3.27865 189.783 13.1485 5.16611
internal_count=18324 17287 17274 17149 17074 125 27 123 119 75 72 16951 378 126
is_linear=0
shrinkage=0.04


Tree=178
num_leaves=15
num_cat=0
split_feature=3 4 3 7 7 7 3 3 3 3 3 7 1 7
split_gain=0.402579 0.8138 0.609426 0.51578 0.768252 0.375866 0.704057 1.31814 1.11736 0.666642 0.568334 0.544571 0.602578 2.14763
threshold=0.032394465059041984 1.0000000180025095e-35 0.032654680311679847 0.7631681263446809 0.81636527180671703 0.65196481347084057 0.031750030815601356 0.031408419832587249 0.031890055164694793 0.032010246068239219 0.031269090250134475 0.65952381491661083 0.29166667163372045 0.71951285004615795
decision_type=2 2 2 2 2 2 2 2 2 2 2 2 2 2
left_child=5 2 -2 -3 -5 6 7 10 -8 11 -1 -7 -13 -14
right_child=1 3 -4 4 -6 9 8 -9 -10 -11 -12 12 13 -15
leaf_value=-0.00058507359406500083 -0.045775846467653515 0.036017910935838192 -0.0068826043482713819 -0.076869301499445875 0.023348342184117361 0.030726695278341685 -0.048974850869090078 0.023224878484706661 -0.0033510964085224021 0.030440677505925696 -0.030035236898111807 0.0029183253375307328 -0.064862739910546779 -0.0015131864120327099
leaf_weight=143.04972382998676 1.2201687544584265 0.72220499976538144 1.3665284770540893 0.2031570253893733 0.30783446971327066 1.0545665100216854 1.2256668619811524 3.7486798521131268 2.8700464419089258 1.3501070628408331 1.0561929466202844 85.956981404800899 0.94303753459826012 9.3022992867045087
leaf_count=15488 23 35 22 10 23 26 29 48 66 58 25 2253 27 202
internal_value=0.000406608 -0.0124811 -0.0252289 0.0142582 -0.0164956 0.000603088 -0.000644945 -0.000191776 -0.0170043 0.00252627 -0.000800922 0.00213877 0.00182539 -0.00734423
internal_weight=254.377 3.81989 2.5867 1.2332 0.510991 250.557 151.95 147.855 4.09571 98.607 144.106 97.2569 96.2023 10.2453
internal_count=18335 113 45 68 33 18222 15656 15561 95 2566 15513 2508 2482 229
is_linear=0
shrinkage=0.04


Tree=179
num_leaves=15
num_cat=0
split_feature=8 7 1 8 8 8 7 3 3 3 3 8 9 6
split_gain=0.435789 0.721131 0.516662 0.895891 0.827708 1.81449 0.942899 1.89528 0.666006 0.862269 1.23718 1.16806 0.714855 0.629562
threshold=1.6807214021682741 0.89101329445838939 0.074175827205181136 1.6714502573013308 0.87403500080108654 0.88132035732269298 0.81958013772964489 0.027009889483451847 0.013793759979307653 0.029636905528604988 0.030543250031769279 1.6417425870895388 0.5000000149011613 1.0000000180025095e-35
decision_type=2 2 2 2 2 2 2 2 2 2 2 2 2 2
left_child=1 2 3 -1 6 -6 -4 -8 -7 11 12 -10 -11 -12
right_child=-2 -3 4 -5 5 8 7 -9 9 10 13 -13 -14 -15
leaf_value=-0.0018121414118341464 0.0076820100110821625 -0.098419304121365625 0.00091662386783588766 -0.11054714257978976 0.068311499604924497 -0.040565161609484222 -0.088516021366735434 0.0011932814318667956 0.02199616963994119 -0.085632507158003718 0.014016356228494026 -0.04002582337720454 -0.018898049507305417 -0.019742494175728254
leaf_weight=137.03232468562055 11.29728446761146 0.11992815881967445 84.049105155980214 0.12134473025798698 0.81926580518484016 0.45374016696587105 0.5715179885737588 1.1060050446540115 7.1323592374101263 0.35097232460975625 4.0823263779748231 0.52135414071381081 0.95742212468758225 1.1281037833541629
leaf_count=14846 318 14 2773 3 9 13 26 23 142 8 121 11 28 25
internal_value=5.58546e-06 -0.000358115 -0.000308769 -0.00190834 0.00185969 0.0103833 0.000323968 -0.0293699 0.00713856 0.00866582 -0.00202495 0.0177714 -0.0367993 0.00670727
internal_weight=249.743 238.446 238.326 137.154 101.172 15.4455 85.7266 1.67752 14.6263 14.1725 6.51882 7.65371 1.30839 5.21043
internal_count=18360 18042 18028 14849 3179 357 2822 49 348 335 182 153 36 146
is_linear=0
shrinkage=0.04


Tree=180
num_leaves=15
num_cat=0
split_feature=8 7 7 1 3 7 8 7 7 6 1 1 8 1
split_gain=0.925278 0.707948 0.721022 0.619682 0.895393 1.48751 0.992101 0.706347 0.768841 0.552177 0.804332 0.856789 0.651252 0.53649
threshold=2.3460838794708256 0.85176765918731701 0.88132035732269298 0.015268065501004459 0.0077822199091315278 0.78272947669029247 1.4283083081245425 0.87776499986648571 0.85588780045509349 1.0000000180025095e-35 0.0093025267124176043 0.010362972505390646 0.83336618542671215 0.013072453904896976
decision_type=2 2 2 2 2 2 2 2 2 2 2 2 2 2
left_child=3 -2 -3 4 7 6 -6 8 9 -1 -11 -12 13 -13
right_child=1 2 -4 -5 5 -7 -8 -9 -10 10 11 12 -14 -15
leaf_value=-0.013702941459129869 0.056044617017816711 -0.024304113970904564 0.019933371977011439 -0.00013131042755486422 -0.031643748840251167 -0.1161760749040672 0.054526943361587067 0.014636611562098644 -0.089289787846984978 0.039746304714926739 -0.053418178761659607 -0.015420970631322757 0.028292116457543943 0.010477695111185648
leaf_weight=8.7352395188863863 0.65995123190805216 0.73769942205399308 2.9345011184923351 225.64778186852345 1.3903959262606793 0.29337440337985743 0.25261454842984665 2.6185936452820888 0.18281060177832742 0.77051741909235616 0.50652997329598282 3.2447200290625915 1.1232576188631354 2.1132409865967929
leaf_count=3235 21 22 104 14039 400 17 3 55 8 9 147 188 18 86
internal_value=-0.000424449 0.0179015 0.0110466 -0.000746027 -0.00727928 -0.0332094 -0.0183949 -0.00467701 -0.00770972 -0.00680551 0.000960499 -0.00331629 0.000599347 -0.00520624
internal_weight=251.211 4.33215 3.6722 246.879 21.2313 1.93638 1.64301 19.2949 16.6763 16.4935 7.75827 6.98775 6.48122 5.35796
internal_count=18352 147 126 18205 4166 420 403 3746 3691 3683 448 439 292 274
is_linear=0
shrinkage=0.04


Tree=181
num_leaves=15
num_cat=0
split_feature=8 7 8 3 6 3 5 3 7 3 4 3 7 5
split_gain=0.668175 1.03259 0.595266 0.435509 0.596385 0.640272 1.00523 0.664356 0.59002 0.729021 0.572114 0.543639 0.442467 0.436816
threshold=0.67651858925819408 0.66873723268508922 0.67794409394264232 0.014389229938387873 1.0000000180025095e-35 0.014599314890801908 1.0000000180025095e-35 0.029561495408415798 0.65736749768257152 0.013793759979307653 1.0000000180025095e-35 0.016001025214791301 1.0000000180025095e-35 1.0000000180025095e-35
decision_type=2 2 2 2 2 2 2 2 2 2 2 2 2 2
left_child=1 3 -2 8 5 13 -7 11 9 12 -11 -8 -1 -5
right_child=2 -3 -4 4 -6 6 7 -9 -10 10 -12 -13 -14 -15
leaf_value=-0.0020544256217214624 0.035261106180331118 -0.04570746247697742 0.0027267633050060379 0.010379919661963517 0.0090487749043923031 -0.00058821878358936315 -0.076701024360886536 -0.084024004555096982 0.024956872676913419 -0.019752661973854762 0.016830944535952738 0.0035246907011142682 -0.067333313321753879 0.050141845921021638
leaf_weight=76.630373556479753 0.90860836394131084 0.83066537231206794 92.830902648973279 2.1069046593038361 13.053632676135747 53.904898656415753 0.18234794912859686 0.36022502230480313 1.1975715348962683 6.1939992145635179 0.76885693729855109 0.52209055540151894 0.16649393015541036 0.55944261606782664
leaf_count=13072 13 65 2477 114 326 1683 8 17 23 427 54 25 13 8
internal_value=0.000371501 -0.00122836 0.00304212 -0.00099098 0.00132861 -0.000419886 -0.00134841 -0.0398376 -0.00292102 -0.00331961 -0.015713 -0.0172422 -0.00219595 0.0187226
internal_weight=250.217 156.478 93.7395 155.647 70.6895 57.6359 54.9696 1.06466 84.9573 83.7597 6.96286 0.704439 76.7969 2.66635
internal_count=18325 15835 2490 15770 2181 1855 1733 50 13589 13566 481 33 13085 122
is_linear=0
shrinkage=0.04


Tree=182
num_leaves=15
num_cat=0
split_feature=1 3 3 1 1 3 3 3 4 4 0 7 9 7
split_gain=0.366223 1.16054 0.791559 0.447219 1.09937 0.562901 1.14447 0.716341 0.644884 0.452455 0.512823 0.437743 0.378463 0.352869
threshold=0.22500000149011615 0.031766045838594444 0.031529305502772338 0.13392857462167743 0.11805555596947671 0.030091284774243835 0.029636905528604988 0.029689920134842399 1.0000000180025095e-35 1.0000000180025095e-35 0.04446640424430371 0.70138984918594371 0.5000000149011613 0.65691772103309642
decision_type=2 2 2 2 2 2 2 2 2 2 2 2 2 2
left_child=1 2 3 4 5 6 -1 -8 -7 12 -11 -9 -6 -5
right_child=-2 -3 -4 13 9 8 7 11 -10 10 -12 -13 -14 -15
leaf_value=4.3878169285104519e-05 0.0040135549416810933 -0.055346739055228578 0.050440383428808841 -0.0096187132088738827 0.0050715992068710945 0.0088495880265028991 -0.083119799160809235 -0.032754202453138245 0.058168458480826538 0.0056539678400804481 0.043596137227249844 0.011984134485342825 0.033769967121965193 0.00080700739977845166
leaf_weight=171.99415901753673 44.306692032841966 0.60421130806207557 0.49996110238134761 12.847207072540188 5.5205476681003329 2.6597121227532621 0.34075377322733347 1.1821004813536999 0.50470067700371135 0.91811861027963493 1.5030130557715891 0.49707320472225536 0.84820599574595679 8.7196517906850186
leaf_count=16135 1048 13 7 546 173 62 11 29 15 46 24 17 20 214
internal_value=0.000710755 9.3724e-06 0.000170147 4.90439e-05 0.00068138 -3.63106e-06 -0.000307667 -0.0302413 0.0167156 0.0144892 0.0292081 -0.0195106 0.00889372 -0.00540351
internal_weight=252.946 208.639 208.035 207.535 185.968 177.178 174.014 2.01993 3.16441 8.78989 2.42113 1.67917 6.36875 21.5669
internal_count=18360 17312 17299 17292 16532 16269 16192 57 77 263 70 46 193 760
is_linear=0
shrinkage=0.04


Tree=183
num_leaves=15
num_cat=0
split_feature=3 3 4 0 0 5 6 7 7 3 3 1 4 8
split_gain=0.344768 0.469108 0.723848 0.365615 0.550046 0.497079 0.41894 0.469137 0.389701 1.14773 0.822105 0.855776 0.437319 0.345516
threshold=0.031299686059355743 0.031269090250134475 1.0000000180025095e-35 0.18333333730697635 0.41666667163372045 1.0000000180025095e-35 1.0000000180025095e-35 0.83336618542671215 0.70455518364906322 0.031890055164694793 0.031750030815601356 0.29166667163372045 1.0000000180025095e-35 0.7945058047771455
decision_type=2 2 2 2 2 2 2 2 2 2 2 2 2 2
left_child=1 -1 -3 13 6 -6 7 8 10 -10 11 -5 -12 -2
right_child=3 2 -4 4 5 -7 -8 -9 9 -11 12 -13 -14 -15
leaf_value=-0.000132646811938458 -0.035981153707789676 0.005482908158050713 -0.068960967513111912 -0.0064666366540823122 0.0033404435564231803 -0.03580075164451451 0.037304911280493312 0.046253200601352663 -0.043681183098844584 0.033161493367305082 -0.036844558945277342 0.046889110982227804 0.0080615200125842817 0.0042268155701494078
leaf_weight=231.4217681912196 0.6401351355016256 0.43693038634955783 0.40057690441608429 0.71318498998880731 10.353719131089743 0.54653453081846315 1.2048233619425444 0.5513193942606448 0.7461352841928599 0.53326529124751687 0.56315857544541337 1.4771659811958668 0.90392455086112022 0.73409193847328424
leaf_count=17855 9 11 15 10 255 15 26 34 16 26 11 18 23 14
internal_value=0.000182666 -0.000240791 -0.0301233 0.00536795 0.00692007 0.00137792 0.0159461 0.0112571 0.00734895 -0.0116525 0.0139958 0.0295163 -0.00917625 -0.0145026
internal_weight=251.227 232.259 0.837507 18.9675 17.5932 10.9003 6.69298 5.48815 4.93683 1.2794 3.65743 2.19035 1.46708 1.37423
internal_count=18338 17881 26 457 434 270 164 138 104 42 62 28 34 23
is_linear=0
shrinkage=0.04


Tree=184
num_leaves=15
num_cat=0
split_feature=7 7 1 8 1 3 1 8 1 8 5 1 1 1
split_gain=0.435896 1.47454 0.918542 1.00705 0.726002 1.81518 1.4549 0.670227 0.546216 0.520513 0.902332 0.601922 0.421145 0.703326
threshold=0.87741538882255565 0.86528104543685924 0.074175827205181136 0.87403500080108654 0.029857398010790352 0.011299800127744676 0.028991596773266796 1.7046717405319216 0.75000000000000011 1.6579574346542361 1.0000000180025095e-35 0.014599318150430919 0.29166667163372045 0.22500000149011615
decision_type=2 2 2 2 2 2 2 2 2 2 2 2 2 2
left_child=1 -1 7 -4 6 -6 9 -3 12 11 -11 -2 13 -7
right_child=4 2 3 -5 5 8 -8 -9 -10 10 -12 -13 -14 -15
leaf_value=0.00010635115485699912 0.019218061633110226 -0.06301740761905332 -0.052829760963651155 0.028692451888872119 -0.058687877284828577 0.0016998361276219193 0.06915948985633813 -0.011778254685691096 0.031784147393526412 0.039217151334180127 -0.012403070698308762 -0.0080052613157522868 -0.013011152038781516 0.035835244335160971
leaf_weight=220.46436476956296 2.1352056134492159 1.2159505663439625 0.36884256824851014 0.70751759200356901 0.79186638211831706 12.468193998094652 0.71681507676839906 0.61505066324025381 1.0104316128417838 1.8743582037277522 0.76210677484050382 3.32021902827546 2.6809694389812639 1.0468385498970754
leaf_count=17536 48 49 15 19 27 312 7 16 45 25 27 97 72 30
internal_value=0.00031155 -0.00026686 -0.0285674 0.000756763 0.0051312 0.000526041 0.0145407 -0.0458057 0.00325116 0.00970228 0.0242956 0.00264971 0.00147105 0.00434387
internal_weight=250.179 223.372 2.90736 1.07636 26.807 17.9983 8.8087 1.831 17.2064 8.09189 2.63646 5.45542 16.196 13.515
internal_count=18325 17635 99 34 690 486 204 65 459 197 52 145 414 342
is_linear=0
shrinkage=0.04


Tree=185
num_leaves=15
num_cat=0
split_feature=8 7 0 7 3 3 7 7 0 3 3 3 7 0
split_gain=0.682523 1.9518 0.431865 1.28812 0.983959 0.590482 0.604694 0.680861 1.15519 0.877474 0.613561 0.985848 0.806212 0.579962
threshold=0.80723297595977794 0.79645448923110973 0.095454547554254546 0.74701264500617992 0.030446350574493412 0.026859275065362457 0.65736749768257152 0.68412163853645336 0.22500000149011615 0.031766045838594444 0.03117465972900391 0.029794779606163505 0.72450456023216259 0.18333333730697635
decision_type=2 2 2 2 2 2 2 2 2 2 2 2 2 2
left_child=1 2 4 5 -1 -4 -7 8 -8 10 11 12 -9 -13
right_child=-2 -3 3 -5 -6 6 7 9 -10 -11 -12 13 -14 -15
leaf_value=-0.0017066416459767541 0.0040177843556692691 -0.08551477005118667 0.014192847181778165 0.039869945158148477 -0.09497065250339809 0.0017936481804406135 0.0010323156213951805 -0.066199710752739491 -0.077714353767690328 0.0280445118968062 -0.04929957597166075 -0.0070747287033184449 -0.0020485402996830463 0.043139150927603911
leaf_weight=145.15097174370021 57.47219743183814 0.43573739414568891 5.1205065399408332 1.4405621006153513 0.18122195452451606 33.080682715168223 0.58290521171875187 0.59676496032625503 0.60996768297627568 0.98733887821435917 0.66346675902605046 0.81407762970775344 0.66021421924233437 0.67165695037692785
leaf_count=15691 1485 31 162 34 2 747 13 15 20 26 17 20 13 15
internal_value=0.000195996 -0.00095401 -0.000760652 0.0026528 -0.00182294 0.0014284 -0.000261939 -0.0124344 -0.0392343 -0.00515805 -0.0147824 -0.00643261 -0.032505 0.0156255
internal_weight=248.468 190.996 190.56 45.2281 145.332 43.7876 38.6671 5.58639 1.19287 4.39352 3.40618 2.74271 1.25698 1.48573
internal_count=18291 16806 16775 1082 15693 1048 886 139 33 106 80 63 28 35
is_linear=0
shrinkage=0.04


Tree=186
num_leaves=15
num_cat=0
split_feature=1 3 6 1 1 1 8 0 5 1 3 8 1 0
split_gain=0.288066 0.59596 0.409172 0.463431 0.358452 1.16023 0.289096 0.250497 0.60846 0.574808 0.580386 0.46591 0.367492 0.384302
threshold=0.010152545757591726 0.006079084938392044 1.0000000180025095e-35 0.0094788861460983771 0.0092167854309082049 0.0091326101683080214 1.6405735015869143 0.29166667163372045 1.0000000180025095e-35 0.41666667163372045 0.031269090250134475 2.2606446743011479 0.069047622382640853 0.41666667163372045
decision_type=2 2 2 2 2 2 2 2 2 2 2 2 2 2
left_child=1 2 3 4 5 6 -1 -2 11 10 12 -9 -10 -14
right_child=7 -3 -4 -5 -6 -7 -8 8 9 -11 -12 -13 13 -15
leaf_value=-0.038407804765444226 -0.00056298013650122616 -0.036717034109960738 0.026731811065289657 0.046390773820318323 -0.055312828693438239 0.06355239440572652 0.052968239594915457 0.0044899238732086996 0.0093345645498852242 -0.064793979774072682 0.031019385228360945 0.043034774701248883 -0.011931775912821446 -0.068575924020987999
leaf_weight=0.75843380737933308 218.17089085139014 1.0606158335576763 0.63914118875982229 0.19733093862305384 0.33343322435393918 0.27257263357751071 0.059763755649328232 23.698332369793214 0.37979780137538799 0.34507269505411375 0.44347948767244805 0.51260506524704297 0.40461900783702731 0.36407238431274891
leaf_count=347 16596 396 34 50 153 23 1 577 12 12 10 42 13 10
internal_value=-0.000278635 -0.0119796 -0.000373761 -0.0110576 -0.0190174 -0.00792243 -0.0317334 -0.000119572 0.00358009 -0.0179921 -0.00784734 0.00530601 -0.0228554 -0.0387599
internal_weight=247.64 3.32129 2.26068 1.62153 1.4242 1.09077 0.818198 244.319 26.148 1.93704 1.59197 24.2109 1.14849 0.768691
internal_count=18276 1004 608 574 524 371 348 17272 676 57 45 619 35 23
is_linear=0
shrinkage=0.04


Tree=187
num_leaves=15
num_cat=0
split_feature=1 3 3 3 3 7 7 7 1 0 7 7 7 7
split_gain=0.784909 0.618216 0.825258 1.3395 0.67643 0.499163 1.11187 1.05822 0.922307 1.14412 0.614897 1.05555 0.581441 0.789647
threshold=0.080128207802772536 0.029867385514080528 0.028728535398840908 0.029202494770288471 0.029427680186927322 0.76598063111305248 0.76811915636062633 0.74810978770256054 0.074175827205181136 0.048809524625539787 0.77581393718719494 0.78002032637596141 0.75808173418045055 0.75867441296577465
decision_type=2 2 2 2 2 2 2 2 2 2 2 2 2 2
left_child=1 2 5 -4 -5 7 -7 -1 10 -10 -8 -12 -9 -14
right_child=-2 -3 3 4 -6 6 8 12 9 -11 11 -13 13 -15
leaf_value=-0.0030090786070725789 0.0022071525552092631 0.065588726318920848 -0.060932437016178086 0.024892081231908905 -0.028538884017272545 0.048963460896452905 -0.03587127638826771 -0.090956686448289303 -0.0852409634900132 0.024267267996577215 0.031623367219847827 0.00095432971336811736 0.042050493348774809 -0.052016977281170627
leaf_weight=109.55139640357811 100.79389974987134 0.21383969485759635 1.006355672143399 0.77006136626005151 0.74670932022854686 0.79320087376981874 0.67203779565170307 0.30097481480333854 0.4228412639349689 0.23889324069023132 1.9099739976227308 29.973207305534743 0.20248548174276948 0.48424982116557658
leaf_count=14149 3154 6 34 14 18 22 32 22 18 6 33 807 5 27
internal_value=-0.000512651 -0.00237392 -0.00247274 -0.0251519 -0.00141209 -0.00207687 0.0021608 -0.0033807 0.00104318 -0.0457073 0.00199345 0.00279157 -0.0445984 -0.024281
internal_weight=248.08 147.286 147.072 2.52313 1.51677 144.549 34.0102 110.539 33.217 0.661735 32.5552 31.8832 0.98771 0.686735
internal_count=18347 15193 15187 66 32 15121 918 14203 896 24 872 840 54 32
is_linear=0
shrinkage=0.04


Tree=188
num_leaves=15
num_cat=0
split_feature=5 3 1 3 3 1 0 3 1 3 1 7 1 7
split_gain=0.334494 1.08353 0.700255 0.516615 1.41208 0.553784 0.534544 0.497549 1.95041 0.496225 1.00126 0.544241 0.479291 0.492312
threshold=1.0000000180025095e-35 0.031890055164694793 0.41666667163372045 0.027410119771957401 0.015038445126265289 0.03637566231191159 0.13392857462167743 0.029491504654288295 0.15476191043853763 0.007968255318701269 0.013606071937829258 0.67564088106155407 0.095454547554254546 0.69348064064979564
decision_type=2 2 2 2 2 2 2 2 2 2 2 2 2 2
left_child=9 2 3 4 -2 6 -6 12 -9 10 -1 -12 -5 -14
right_child=1 -3 -4 7 5 -7 -8 8 -10 -11 11 -13 13 -15
leaf_value=-0.0024508505915745212 0.0026831942897072693 -0.071859797335944442 0.044103967907097738 0.035838697541141253 0.027485075073536029 -0.051556711420048286 -0.039572038708360353 -0.035880973512639164 0.025401067480607879 -4.477109174532047e-05 -0.014262909901157955 -0.048617429431766855 0.032514782143268632 -0.025431680537954953
leaf_weight=12.444677272178522 47.682339312756085 0.30902145290747185 0.6632689880207171 2.092870644293725 0.37021011346951027 1.0746119059622286 0.39117214549332857 1.3037412296980622 2.2914304356090724 175.98097912326921 1.8556516353346517 1.2247828673571346 0.43820312246680249 0.50486143585294485
leaf_count=2908 1837 13 7 45 12 27 18 36 49 12463 820 66 6 14
internal_value=0.000151744 0.00283814 0.00324445 0.00276179 0.00135775 -0.0330653 -0.00696657 0.0132466 0.00317795 -0.000649544 -0.0075048 -0.0279223 0.02517 0.00149365
internal_weight=248.628 57.1217 56.8127 56.1494 49.5183 1.83599 0.761382 6.63111 3.59517 191.506 15.5251 3.08043 3.03594 0.943065
internal_count=18321 2064 2051 2044 1894 57 30 150 85 16257 3794 886 65 20
is_linear=0
shrinkage=0.04


Tree=189
num_leaves=15
num_cat=0
split_feature=5 3 3 1 8 3 3 3 0 0 8 8 1 8
split_gain=0.877164 1.15409 0.851941 0.592439 0.930979 0.596779 0.868146 1.22181 0.579024 0.412409 0.369158 0.904397 0.809243 0.652573
threshold=1.0000000180025095e-35 0.031890055164694793 0.031505834311246879 0.11805555596947671 0.69302982091903698 0.029561495408415798 0.027410119771957401 0.025984985753893856 0.18333333730697635 0.41666667163372045 1.4096468687057497 1.4894437193870547 0.017392619512975219 1.5477371811866762
decision_type=2 2 2 2 2 2 2 2 2 2 2 2 2 2
left_child=2 3 10 5 -5 6 7 -2 -4 -10 -1 12 -12 -13
right_child=1 -3 8 4 -6 -7 -8 -9 9 -11 11 13 -14 -15
leaf_value=-0.002563103677910118 0.0034177998840375936 -0.05926427580480579 -0.032783118337615907 0.028816307014473762 -0.0041515873267439505 -0.035848675053443184 0.028101134482311881 -0.073833726411068099 0.019945340700342436 0.0050597308346437423 -0.030015993264777472 -0.02128769733825429 0.027237916733956747 0.0023818281782042325
leaf_weight=157.79919969911862 48.8821681576228 0.45173260848969121 0.52938064932823081 3.7890945994295171 2.147081624250859 0.60780222737230261 2.2888645529747 0.32978529017418523 4.3929496495984486 9.2450230268295837 0.44662184780463876 2.1862869318574658 3.416897963732481 12.629738242831079
leaf_count=15439 1850 14 9 70 53 23 54 14 125 241 11 52 53 330
internal_value=0.000138649 0.0044234 -0.00117605 0.00491904 0.016892 0.00355509 0.00402013 0.00290011 0.00826135 0.00985456 -0.00193367 0.00338361 0.0206194 -0.0011109
internal_weight=249.143 58.4965 190.646 58.0448 5.93618 52.1086 51.5008 49.212 14.1674 13.638 176.479 18.6795 3.86352 14.816
internal_count=18338 2078 16260 2064 123 1941 1918 1864 375 366 15885 446 64 382
is_linear=0
shrinkage=0.04


Tree=190
num_leaves=15
num_cat=0
split_feature=8 8 7 8 3 7 8 7 1 1 4 1 6 1
split_gain=0.578982 0.944718 0.737686 0.678577 0.675452 1.19832 0.452864 1.59435 0.413264 1.28361 0.891766 0.60472 0.865317 0.543647
threshold=1.5456029176712038 1.5067449212074282 0.89101329445838939 1.4826412200927737 0.027410119771957401 0.79739290475845348 1.4215819239616396 0.77961143851280224 0.030776515603065494 0.026671408675611023 1.0000000180025095e-35 0.025978407822549347 1.0000000180025095e-35 0.069047622382640853
decision_type=2 2 2 2 2 2 2 2 2 2 2 2 2 2
left_child=1 2 3 6 5 -3 8 -8 9 10 11 -1 -13 -10
right_child=-2 4 -4 -5 -6 -7 7 -9 13 -11 -12 12 -14 -15
leaf_value=0.00038390482548756921 0.0058688192845695901 -0.00090878375918711208 -0.096316123371588583 0.017945192968576242 -0.0034529460466420393 -0.094076514349283033 -0.044395927372204262 0.016849960799013079 -0.0053646232004518945 0.013872133158513636 -0.037291803741854909 -0.00059600126869218219 -0.064656350145335023 -0.00047143993933590348
leaf_weight=50.713590646941157 18.928221007576212 0.38209142442792543 0.13036337122321029 2.9428479596972457 0.75054825097322464 0.52353366836905479 1.5479383859783402 1.2129553444683552 58.095431747278781 11.114844782234284 1.0659551889257262 0.84374990465585031 0.56216078530997038 96.963731667492539
leaf_count=8712 556 9 15 45 16 22 36 16 4057 1076 281 167 39 3284
internal_value=-0.000852205 -0.001413 -0.00119163 -0.00113654 -0.031513 -0.0547682 -0.00138935 -0.0174885 -0.00118672 0.00150939 -0.00107421 -0.000333483 -0.0262109 -0.00230475
internal_weight=245.778 226.85 225.194 225.063 1.65617 0.905625 222.12 2.76089 219.359 64.3003 53.1855 52.1195 1.40591 155.059
internal_count=18331 17775 17728 17713 47 31 17668 52 17616 10275 9199 8918 206 7341
is_linear=0
shrinkage=0.04


Tree=191
num_leaves=15
num_cat=0
split_feature=1 8 5 6 3 1 7 7 1 7 1 1 1 1
split_gain=0.608162 0.608092 0.476876 0.816415 0.80199 0.664268 0.708077 0.634598 1.00647 0.583681 0.529104 0.46644 0.579305 0.699269
threshold=0.75000000000000011 1.6313779354095461 1.0000000180025095e-35 1.0000000180025095e-35 0.029561495408415798 0.18333333730697635 0.68226009607315075 0.71522772312164318 0.013793759513646366 0.70705461502075206 0.020204081200063232 0.014185110572725536 0.014815627597272398 0.017392619512975219
decision_type=2 2 2 2 2 2 2 2 2 2 2 2 2 2
left_child=2 -2 -1 4 7 -5 -7 9 -9 11 -10 -4 -13 -14
right_child=1 -3 3 5 -6 6 -8 8 10 -11 -12 12 13 -15
leaf_value=-0.0017412168940948924 0.0062298290550998406 0.042617147597851145 -0.046864300041725475 0.0033146791202718281 -0.08034971112520603 0.040267039034712758 -0.0023779835685868353 0.037163570594630047 -0.084629608050875826 0.076091066861934745 -0.027339354094884933 0.057354903014282053 -0.05736916790803815 -0.00012235641803821559
leaf_weight=178.47625155887363 10.53494972735643 0.7899331599473961 0.37719094452040369 46.342262610560283 0.24522953946143466 1.6283996924757951 1.0089531601406632 0.27229782566428173 0.41137148253619649 0.15012942254543293 0.69149307161569595 0.26031426692497905 0.3634840733866439 5.6187112033949234
leaf_count=16102 206 46 158 1166 11 24 30 5 15 1 20 25 92 517
internal_value=-0.000286668 0.00876792 -0.000721452 0.00245101 -0.00907807 0.00442595 0.0239526 -0.00693222 -0.0317051 -0.00190008 -0.0487088 -0.00366886 -0.00105886 -0.00360073
internal_weight=247.171 11.3249 235.846 57.3698 8.39022 48.9796 2.63735 8.14499 1.37516 6.76983 1.10286 6.6197 6.24251 5.9822
internal_count=18418 252 18166 2064 844 1220 54 833 40 793 35 792 634 609
is_linear=0
shrinkage=0.04


Tree=192
num_leaves=15
num_cat=0
split_feature=1 0 0 0 0 0 1 4 1 9 7 1 7 7
split_gain=0.512863 0.35286 0.649486 0.359018 0.413017 0.370346 0.299097 0.754006 0.623989 0.400007 0.747764 0.378026 0.456837 0.748891
threshold=0.75000000000000011 0.074175827205181136 0.095454547554254546 0.15476191043853763 0.22500000149011615 0.11805555596947671 0.015504807699471714 1.0000000180025095e-35 0.015749008394777778 0.5000000149011613 0.74682956933975231 0.014599318150430919 0.87074008584022533 0.68412163853645336
decision_type=2 2 2 2 2 2 2 2 2 2 2 2 2 2
left_child=6 -2 -3 5 -5 -4 7 11 9 10 -8 -1 13 -13
right_child=1 2 3 4 -6 -7 8 -9 -10 -11 -12 12 -14 -15
leaf_value=-0.0015938778287554814 0.019893378258703354 -0.035751959213223203 0.0052149066034229722 -0.01929042985813589 0.0078913949680698009 0.038001948070535307 0.027504549310804555 -0.067164664993696721 0.00045878410918269116 0.073295629323423983 -0.091043827410893757 -0.032940339665944771 -0.078438492642991145 0.015229987413695762
leaf_weight=20.420536496465509 3.302057961933313 0.59794693626463402 1.1380317909643056 1.1519130202941594 4.0008197803981602 1.0690010413527486 0.99219823451858136 0.30001218387042072 212.34507476381987 0.2517620027065276 0.093122045043855906 1.2703184182028051 0.18771524121984828 0.87008776608854521
leaf_count=3672 54 9 15 24 138 21 139 125 13561 1 9 515 14 25
internal_value=0.000560067 0.00890083 0.00433947 0.00759671 0.00181479 0.0210957 0.00016335 -0.00416577 0.000630307 0.0278703 0.0173329 -0.00333493 -0.0186062 -0.0133588
internal_weight=247.991 11.2598 7.95771 7.35977 5.15273 2.20703 236.731 23.0487 213.682 1.33708 1.08532 22.7487 2.32812 2.14041
internal_count=18322 261 207 198 162 36 18061 4351 13710 149 148 4226 554 540
is_linear=0
shrinkage=0.04


Tree=193
num_leaves=15
num_cat=0
split_feature=3 3 8 8 8 7 4 3 1 3 4 5 7 3
split_gain=0.400688 1.3036 0.652015 0.432582 0.466525 0.418893 0.744433 0.388083 0.654502 0.401581 0.590791 0.452684 0.450242 0.40239
threshold=0.031076864339411262 0.030947909690439705 1.4770575761795046 2.5955792665481572 2.5477148294448857 0.72907793521881115 1.0000000180025095e-35 0.030292679555714134 0.10555555671453477 0.030787454918026928 1.0000000180025095e-35 1.0000000180025095e-35 0.72326120734214794 0.0305646350607276
decision_type=2 2 2 2 2 2 2 2 2 2 2 2 2 2
left_child=1 3 -2 4 7 -3 -7 -1 -9 10 11 13 -11 -10
right_child=2 5 -4 -5 -6 6 -8 8 9 12 -12 -13 -14 -15
leaf_value=-0.00017304672785166929 0.0030447191984779528 -0.046257743726202144 0.024319861206718328 -0.048337021958827109 0.047310175194950732 0.024794501560532388 -0.048293471980247429 0.037267947970623626 0.00029755833414714839 0.0024070663280413352 0.018227948825216125 0.023394188441900252 -0.036514058037119393 -0.030789688245182984
leaf_weight=213.93912858261319 19.409073277376596 1.2392490622587495 2.6153686821926376 0.29322849400341411 0.33694653678685327 0.4640348833054303 0.42921682121232152 1.0659740406554181 1.8774591693654645 1.34550258424133 4.414907859172672 0.79088497348129738 0.73550178017467249 1.0326078827492891
leaf_count=17546 422 38 127 7 14 11 11 25 42 25 73 20 21 25
internal_value=0.000419017 -7.87445e-05 0.00557111 0.00021519 0.000278314 -0.0312064 -0.010325 0.000207945 0.00744493 0.00432725 0.00834684 -0.00344044 -0.0113491 -0.0107334
internal_weight=249.989 227.965 22.0244 225.832 225.539 2.1325 0.893252 225.202 11.2628 10.1969 8.11586 3.70095 2.081 2.91007
internal_count=18407 17858 549 17798 17791 60 22 17777 231 206 160 87 46 67
is_linear=0
shrinkage=0.04


Tree=194
num_leaves=15
num_cat=0
split_feature=1 1 7 7 8 1 8 4 3 7 3 8 1 7
split_gain=0.407869 0.858215 1.07436 0.88413 0.793906 1.011 0.866589 0.683019 0.598143 0.460681 0.811026 0.595795 0.418394 1.00344
threshold=0.015504807699471714 0.014599318150430919 0.88132035732269298 0.8410148322582246 1.6534048318862917 0.015749008394777778 1.6417425870895388 1.0000000180025095e-35 0.0077221249230206021 0.87680101394653331 0.009756329935044052 2.5955792665481572 0.013606071937829258 0.71628782153129589
decision_type=2 2 2 2 2 2 2 2 2 2 2 2 2 2
left_child=1 7 3 -3 6 -6 -2 8 12 10 -7 -11 -1 -14
right_child=4 2 -4 -5 5 9 -8 -9 -10 11 -12 -13 13 -15
leaf_value=-0.0010243804728736431 0.00012029557330117356 -0.028168094151610978 -0.11436240638972789 0.065895427519490568 0.074174862177143613 -0.06073039087654318 -0.054854747878461202 -0.069037795528354554 0.027609530165495399 0.019778922986699411 0.0041181653540471718 -0.035736607129064901 -0.003658917680056952 -0.060365299556975102
leaf_weight=16.572516842999917 213.9032458581496 1.7831007175118423 0.21282514557242382 0.1756271868944167 0.39246371388435264 0.33193258661776592 0.45976335555314918 0.24435381959483393 1.051854782461304 5.2718068773392588 4.3841615400742739 0.32858427800238121 1.9409931028494605 0.67219124571420241
leaf_count=3117 13662 554 13 2 1 12 19 115 114 187 120 8 422 33
internal_value=1.84485e-05 -0.00509753 -0.0290081 -0.019734 0.000533371 0.0111622 2.38572e-06 -0.00256245 -0.00175981 0.00876505 -0.000446067 0.0165217 -0.00336998 -0.0182455
internal_weight=247.725 22.6535 2.17155 1.95873 225.072 10.7089 214.363 20.4819 20.2376 10.3165 4.71609 5.60039 19.1857 2.61318
internal_count=18379 4370 569 556 14009 328 13681 3801 3686 327 132 195 3572 455
is_linear=0
shrinkage=0.04


Tree=195
num_leaves=15
num_cat=0
split_feature=1 7 1 1 7 0 8 4 0 1 1 6 1 7
split_gain=0.461619 0.876866 0.244788 0.996999 1.35932 1.30475 1.20216 0.843284 0.72364 0.542321 0.48739 0.482782 0.560592 0.818695
threshold=0.75000000000000011 0.85450997948646557 0.030776515603065494 0.035098522901535041 0.72695675492286693 1.0000000180025095e-35 1.6472816467285158 1.0000000180025095e-35 0.069047622382640853 0.029857398010790352 0.033908046782016761 1.0000000180025095e-35 0.031754031777381904 0.67651858925819408
decision_type=2 2 2 2 2 2 2 2 2 2 2 2 2 2
left_child=2 -2 7 4 5 11 -6 8 -1 -10 -7 12 -4 -14
right_child=1 -3 3 -5 6 10 -8 -9 9 -11 -12 -13 13 -15
leaf_value=0.0007794757749871971 0.0041458408876104205 0.044323177710275719 -0.024990432315030654 -0.0008403965474928284 -0.058726388990865762 -0.076694545799630434 0.027711583824612158 -0.025497440822961896 0.012800374759336514 0.062099180570125187 -0.0032244163964927535 -0.010209582675625368 0.0042041588830656808 0.055987806959159059
leaf_weight=64.515451465478691 10.238628623541441 0.94976629049051631 0.54661167456651893 155.61477871888201 1.5776786004425956 0.5419745782855897 0.30763716250658024 1.8440520654985437 4.5488493398297569 0.38743805838748802 0.1969751266296953 3.9369189757853746 1.5934568420343569 0.7044471944682299
leaf_count=9969 205 56 154 6764 72 31 8 359 132 7 8 151 455 8
internal_value=-0.000382701 0.00755644 -0.000758579 -0.00160478 -0.0142512 -0.00663748 -0.0446218 0.00120002 0.00190888 0.0166697 -0.0571103 -0.00113763 0.0114183 0.020079
internal_weight=247.505 11.1884 236.316 165.02 9.4057 7.52038 1.88532 71.2958 69.4517 4.93629 0.73895 6.78143 2.84452 2.2979
internal_count=18379 261 18118 7651 887 807 80 10467 10108 139 39 768 617 463
is_linear=0
shrinkage=0.04


Tree=196
num_leaves=15
num_cat=0
split_feature=8 8 6 1 1 1 5 1 4 1 3 1 1 8
split_gain=0.427549 0.759077 0.759253 0.735714 0.462689 0.910991 0.759393 0.507773 0.413726 0.441716 0.592496 0.758509 0.579633 0.474805
threshold=1.3731684088706972 1.4215819239616396 1.0000000180025095e-35 0.75000000000000011 0.013423423748463394 0.013606071937829258 1.0000000180025095e-35 0.011050061322748663 1.0000000180025095e-35 0.01183473411947489 0.0068729349877685317 0.011428944766521456 0.011173533275723459 0.74512207508087169
decision_type=2 2 2 2 2 2 2 2 2 2 2 2 2 2
left_child=4 2 -2 -3 6 -6 8 -8 9 10 11 12 13 -1
right_child=1 3 -4 -5 5 -7 7 -9 -10 -11 -12 -13 -14 -15
leaf_value=0.0047792833811775232 0.0016961880121409737 0.00069571387284134655 0.041596921051356164 0.029980092533382078 0.040035067161786397 -0.000310362491316537 -0.061960186268044296 -0.018190163571176581 -0.062494253369952117 -0.014661351188479143 0.041743470575270884 -0.05135373389302985 0.038199630048767447 -0.02644928308840587
leaf_weight=4.233857265891853 1.4042415097355869 24.285317842848603 1.6710476698353887 1.4548720988677804 0.89940475163893907 204.08837258896529 0.55633673953707274 1.7836904855794271 0.18571869217703429 3.146575944731012 0.59035368848708447 0.43143579669413146 0.684317253937479 0.95463074010331173
leaf_count=1389 39 623 21 75 118 14374 124 125 107 862 75 135 140 42
internal_value=1.63553e-05 0.00459493 0.0233774 0.00235091 -0.000590085 -0.000133343 -0.00804032 -0.0285964 -0.00333686 -0.0022427 0.00342496 -0.000163329 0.00359729 -0.000966466
internal_weight=246.37 28.8155 3.07529 25.7402 217.555 204.988 12.5669 2.34003 10.2269 10.0412 6.89459 6.30424 5.87281 5.18849
internal_count=18249 758 60 698 17491 14492 2999 249 2750 2643 1781 1706 1571 1431
is_linear=0
shrinkage=0.04


Tree=197
num_leaves=15
num_cat=0
split_feature=1 5 6 0 0 7 7 1 7 7 7 1 1 1
split_gain=0.242455 0.204491 0.540373 1.00914 0.689319 0.674943 2.4928 1.3574 1.24367 0.676883 0.5243 0.38378 0.68884 0.564661
threshold=0.0083683477714657801 1.0000000180025095e-35 1.0000000180025095e-35 0.060661764815449722 0.087121214717626586 0.81719619035720836 0.80189430713653576 0.039230769500136382 0.77961143851280224 0.85176765918731701 0.72491174936294567 0.013245614245533945 0.025978407822549347 0.054093567654490478
decision_type=2 2 2 2 2 2 2 2 2 2 2 2 2 2
left_child=-1 -2 3 -3 5 6 8 -8 11 -7 -6 -4 -13 -14
right_child=1 2 4 -5 10 9 7 -9 -10 -11 -12 12 13 -15
leaf_value=-0.056364623483498438 -0.00094207687472567571 -0.0033914375469119339 -0.017721370179391471 -0.05362159670690609 0.025366019453810215 0.040284797234297155 -0.079377765202706368 -0.016055604203609602 0.03861985606102053 0.0071450985676102252 0.0026748534659990918 0.011930015705978793 -0.0069179403740944343 0.006361431064128004
leaf_weight=0.12354974872141511 190.67824361778912 7.6506480477401038 1.7500235700281361 0.6983572058379649 3.7169513581320635 1.220944620668887 0.90056880004703943 1.3590557463467119 1.4303389615379263 5.1276354775764048 2.9007083785254508 7.610475076595324 13.916609942447396 8.1084029013290984
leaf_count=59 16211 814 111 43 74 29 17 18 21 125 79 194 334 201
internal_value=-0.000344282 -0.000316269 0.00179982 -0.00759297 0.00343217 0.00151709 -0.000655132 -0.0412925 0.00214307 0.0135185 0.0154198 0.000480701 0.00155556 -0.0020292
internal_weight=247.193 247.069 56.3907 8.34901 48.0417 41.4241 35.0755 2.25962 32.8159 6.34858 6.61766 31.3855 29.6355 22.025
internal_count=18330 18271 2060 857 1203 1050 896 35 861 154 153 840 729 535
is_linear=0
shrinkage=0.04


Tree=198
num_leaves=15
num_cat=0
split_feature=0 1 7 8 1 1 1 1 3 7 3 1 6 1
split_gain=0.383058 0.827575 0.544433 0.633078 0.478586 0.413946 0.304537 0.266139 0.555399 1.04533 0.415159 0.567977 1.08862 0.962586
threshold=0.75000000000000011 0.040833333507180221 0.8892553746700288 0.69696003198623668 0.048809524625539787 0.087121214717626586 0.023532669059932235 0.18333333730697635 0.0305646350607276 0.82935446500778209 0.030543250031769279 0.13392857462167743 1.0000000180025095e-35 0.11805555596947671
decision_type=2 2 2 2 2 2 2 2 2 2 2 2 2 2
left_child=7 6 3 4 -3 -4 -2 8 10 -10 11 13 -13 -1
right_child=1 2 5 -5 -6 -7 -8 -9 9 -11 -12 12 -14 -15
leaf_value=-0.00085726899707542061 -0.0062270792171835402 0.039030694159929977 -0.061341871397538557 0.038283868392071735 0.0058168361558804159 -0.0029064321381360621 -0.054608842197509846 0.0024233082160900776 -0.03455480914376468 0.034673894873223907 0.039888565917862044 -0.018811518713176236 0.0069043270284076972 0.01423633736118737
leaf_weight=168.93432776388363 0.40691839903592963 0.7734329402446728 0.2455124408006657 1.4260720170568673 6.7698436949867755 0.92369842366315424 0.4261653758585453 46.230953094898723 1.7712619882076972 0.43460907647386182 0.40182084031402965 7.2514165854081494 4.1362304675858468 7.0422309360001227
leaf_count=16188 9 11 6 50 120 39 15 1175 43 17 5 349 98 230
internal_value=4.09269e-05 0.00734722 0.0104963 0.013843 0.00922234 -0.0151768 -0.0309768 -0.000298451 -0.00096081 -0.0209151 -0.000726387 -0.00081349 -0.00947099 -0.000253253
internal_weight=247.174 10.9716 10.1386 8.96935 7.54328 1.16921 0.833084 236.203 189.972 2.20587 187.766 187.364 11.3876 175.977
internal_count=18355 250 226 181 131 45 24 18105 16930 60 16870 16865 447 16418
is_linear=0
shrinkage=0.04


Tree=199
num_leaves=15
num_cat=0
split_feature=3 5 1 3 7 7 3 1 1 3 8 8 1 1
split_gain=0.29057 0.841416 0.458032 0.398596 0.255373 1.18195 0.60267 0.60879 1.15341 1.10048 0.694209 0.643016 0.738564 0.605677
threshold=0.031890055164694793 1.0000000180025095e-35 0.29166667163372045 0.031766045838594444 0.88476338982582103 0.88239160180091869 0.031269090250134475 0.030776515603065494 0.028991596773266796 0.011696309782564642 1.6616088151931765 1.665262043476105 0.016807910054922107 0.012739370577037336
decision_type=2 2 2 2 2 2 2 2 2 2 2 2 2 2
left_child=3 2 -2 4 5 -1 7 8 11 10 -9 13 -13 -6
right_child=1 -3 -4 -5 6 -7 -8 9 -10 -11 -12 12 -14 -15
leaf_value=-0.001560016004847127 0.037742146006280543 -0.055150615374925542 0.005391904560045937 -0.023663650174669072 0.020077137782621692 -0.077025222553528311 0.033977219884527517 -0.080469636026078942 0.051193649182743925 -0.0010287215396014013 -0.004214634369910094 0.0017595422422845783 0.052493115675536162 -0.010315926554130781
leaf_weight=210.48021118800534 0.76424610661342463 0.34938913956284601 8.364186638616955 1.2768295533023764 1.4163925601169518 0.33259039837866922 0.95301931770518322 0.47335518850013514 0.95588021539151657 11.739220429677514 0.32025180757045746 1.0090463329106567 0.84239662624895562 4.0454890716355294
leaf_count=17416 14 13 255 30 30 10 37 25 14 311 9 18 22 119
internal_value=-0.00109736 0.00576864 0.00810032 -0.00137564 -0.00125328 -0.00167907 0.00287284 0.00144783 0.00987212 -0.00411055 -0.0496977 0.00447124 0.024843 -0.0024343
internal_weight=243.323 9.47782 9.12843 233.845 232.568 210.813 21.7551 20.802 8.2692 12.5328 0.793607 7.31332 1.85144 5.46188
internal_count=18323 282 269 18041 18011 17426 585 548 203 345 34 189 40 149
is_linear=0
shrinkage=0.04


Tree=200
num_leaves=15
num_cat=0
split_feature=3 3 3 0 0 7 8 0 3 1 8 3 3 0
split_gain=0.446203 0.719466 0.609903 0.561089 0.424605 0.338511 1.15256 0.568065 1.55904 1.04163 1.03422 0.966879 0.715564 0.8715
threshold=0.030292679555714134 0.030787454918026928 0.031076864339411262 0.13392857462167743 0.18333333730697635 0.67651858925819408 0.66967597603797924 0.15476191043853763 0.029794779606163505 0.060661764815449722 0.72414132952690136 0.027217179536819461 0.029908834956586364 0.064583335071802153
decision_type=2 2 2 2 2 2 2 2 2 2 2 2 2 2
left_child=5 -2 -3 -4 -5 6 -1 12 9 10 -9 -12 13 -7
right_child=1 2 3 4 -6 7 -8 8 -10 -11 11 -13 -14 -15
leaf_value=-0.001427867891738396 0.013835913855598092 -0.012778951947266498 0.047060206340326698 -0.018706242235694625 0.0042694466587024603 0.0015410983435181439 -0.061932356114290016 -0.0550503848262196 0.032877160826971952 -0.048491355903741144 -0.022330524382211645 0.033510970680665858 -0.033928493586832975 0.016299985759889876
leaf_weight=133.23454408164253 9.4963290456216765 4.3091991459950831 0.46748636104166763 1.3781587430276001 19.450368854333647 64.446051313658245 0.50565304199699213 0.55316888540983145 1.0234107086434958 1.5250177807174621 0.95147567987442005 1.0366105344146488 0.84918388910591502 7.1074634124524882
leaf_count=15389 190 105 10 32 501 1783 52 13 34 34 27 27 19 140
internal_value=0.000256241 0.00443244 0.000944929 0.00372192 0.00274922 -0.000437738 -0.00165663 0.00166588 -0.0112511 -0.0223574 -0.00667437 0.00678586 0.00257391 0.00300711
internal_weight=246.334 35.1015 25.6052 21.296 20.8285 211.233 133.74 77.4924 5.08968 4.06627 2.54126 1.98809 72.4027 71.5535
internal_count=18356 838 648 543 533 17518 15441 2077 135 101 67 54 1942 1923
is_linear=0
shrinkage=0.04


Tree=201
num_leaves=15
num_cat=0
split_feature=7 7 8 7 1 7 8 8 8 1 3 6 1 1
split_gain=0.291328 1.50553 1.22912 1.64125 1.37429 1.13551 0.616995 0.613763 0.587238 0.554879 1.22438 0.825111 0.622013 0.64847
threshold=0.77769252657890331 0.78002032637596141 0.80723297595977794 0.78402599692344677 0.042572464793920524 0.77690324187278759 0.80804961919784557 0.81913942098617565 0.81958013772964489 0.025978407822549347 0.012422840110957624 1.0000000180025095e-35 0.051315790042281158 0.22500000149011615
decision_type=2 2 2 2 2 2 2 2 2 2 2 2 2 2
left_child=5 -2 3 4 -3 -1 9 -8 -9 -4 11 -11 -12 -14
right_child=1 2 6 -5 -6 -7 7 8 -10 10 12 -13 13 -15
leaf_value=-0.00072570774003268338 0.037997399530002349 -0.064877748221580239 0.034608668467539329 -0.063088865430523819 0.034467993393725735 -0.094210200752753576 -0.037290773428524021 0.05547211925069042 0.0011374005650678877 -0.08674432302359654 0.057091168339983386 -0.0016983577815775344 -0.0036167296056360755 0.039968435922643313
leaf_weight=191.70134355218761 1.8474845271557558 0.31084229005500608 1.6469298694282759 1.0826190686784682 0.7865272075869143 0.20811394415795703 0.66118839709088106 0.32066126074641843 42.466717862640508 0.3278136616572741 0.53549794107675586 0.41183524532243609 1.7866520299576225 0.78665495105087746
leaf_count=16944 28 26 32 61 18 10 43 12 1163 16 4 9 34 16
internal_value=-0.000102239 0.0025238 0.00124188 -0.028146 0.00632719 -0.000827086 0.00255083 0.000953615 0.0015446 0.015179 0.00686414 -0.0393909 0.0178692 0.00970717
internal_weight=244.881 52.9714 51.1239 2.17999 1.09737 191.909 48.944 43.4486 42.7874 5.49538 3.84845 0.739649 3.1088 2.57331
internal_count=18416 1462 1434 105 44 16954 1329 1218 1175 111 79 25 54 50
is_linear=0
shrinkage=0.04


Tree=202
num_leaves=15
num_cat=0
split_feature=6 1 1 1 9 3 0 1 7 7 5 3 1 3
split_gain=0.422875 0.889183 0.533089 0.534335 0.789821 0.467887 0.590948 0.448859 0.428433 1.07581 2.35106 1.32084 0.543442 0.447513
threshold=1.0000000180025095e-35 0.0093025267124176043 0.0091326101683080214 0.0092167854309082049 1.0000000180025095e-35 0.032394465059041984 0.75000000000000011 0.0094788861460983771 0.72326120734214794 0.69785863161087047 1.0000000180025095e-35 0.013072450179606678 0.41666667163372045 0.024908919818699363
decision_type=2 2 2 2 2 2 2 2 2 2 2 2 2 2
left_child=2 -2 -1 4 -4 6 8 -5 9 12 -11 -12 13 -3
right_child=1 5 3 7 -6 -7 -8 -9 -10 10 11 -13 -14 -15
leaf_value=-0.033771539419686636 0.042511868803782986 -0.0015685242605810764 0.14942989947828778 -0.052376738842084443 0.0088814795748630194 -0.050743056188658021 0.054828930344855177 -0.0015755860110236064 0.0054224615400298194 -0.077324046232630644 -0.036680275092434662 0.040218600789212682 0.027229658866347727 0.0088616927828178722
leaf_weight=0.82661940102116105 0.84789302386343379 46.867110951861832 0.091845295042729869 0.27878548500302613 0.21080480795353651 0.27500379830598731 0.33136972598731418 153.55547180151916 27.491395922377706 0.91346708359196704 0.6635633404366672 0.77451982162892818 1.1892002928070713 7.6570091233588746
leaf_count=357 9 2166 25 142 6 4 9 14697 655 41 16 11 19 171
internal_value=-0.000481993 0.00174958 -0.001735 -0.00156319 0.0515337 0.00134845 0.00151524 -0.00166765 0.00130875 -0.000638926 -0.0271406 0.00473576 0.000479659 -0.000103773
internal_weight=241.974 87.0105 154.964 154.137 0.30265 86.1626 85.8876 153.834 85.5563 58.0649 2.35155 1.43808 55.7133 54.5241
internal_count=18328 3101 15227 14870 31 3092 3088 14839 3079 2424 68 27 2356 2337
is_linear=0
shrinkage=0.04


Tree=203
num_leaves=15
num_cat=0
split_feature=7 7 7 7 5 8 1 1 8 7 7 0 8 7
split_gain=0.832155 1.20744 0.813494 1.2581 0.569809 0.518625 0.596046 0.401435 0.373388 1.433 2.56127 1.49649 1.4214 0.951017
threshold=0.76462683081626903 0.75867441296577465 0.76811915636062633 0.77199336886405956 1.0000000180025095e-35 0.76790934801101696 0.074175827205181136 0.010050504934042694 1.502380967140198 0.81831201910972606 0.79739290475845348 0.29166667163372045 1.5787281990051272 0.8410148322582246
decision_type=2 2 2 2 2 2 2 2 2 2 2 2 2 2
left_child=1 -1 5 4 -4 6 -2 -5 -9 10 -10 12 -12 -11
right_child=2 -3 3 7 -6 -7 -8 8 9 13 11 -13 -14 -15
leaf_value=-0.00093156419700925587 0.035762356428432764 -0.062468945145346844 -0.079633300206497129 -0.030277867079250176 0.0088369306619378429 0.05320546192027277 -0.019453829966232523 0.0069104523782975748 0.013882452748996578 0.030231367501045357 -0.085548948934809077 0.028775305977897705 -0.024133449968313517 0.0020123898196395761
leaf_weight=186.18869854042714 0.75036344118416243 0.51156466291285951 0.4199083149433126 0.53908697224687685 0.16119608096778393 0.83631716761738051 0.53641104232519865 34.865781573869754 2.1928771026432523 2.245360259898006 1.2358999606221921 0.39093702076934267 1.1773241646587846 12.826177479815669
leaf_count=16758 24 32 31 29 5 14 13 888 38 60 44 12 24 420
internal_value=0.000201467 -0.00110018 0.00437863 0.0034581 -0.055092 0.0286828 0.0127447 0.00407143 0.00440851 6.18175e-05 -0.0185012 -0.0438254 -0.0555866 0.00621646
internal_weight=244.878 186.7 58.1776 56.0545 0.581104 2.12309 1.28677 55.4734 54.9344 20.0686 4.99704 2.80416 2.41322 15.0715
internal_count=18392 16790 1602 1551 36 51 37 1515 1486 598 118 80 68 480
is_linear=0
shrinkage=0.04


Tree=204
num_leaves=15
num_cat=0
split_feature=3 3 6 0 5 1 3 7 7 7 7 1 1 1
split_gain=0.496137 0.464311 0.627941 0.443009 0.336443 0.552154 0.773899 0.501481 2.19752 0.748796 0.534414 0.455157 0.74627 0.848019
threshold=0.031076864339411262 0.031017075292766098 1.0000000180025095e-35 0.13392857462167743 1.0000000180025095e-35 0.29166667163372045 0.0305646350607276 0.79645448923110973 0.81719619035720836 0.78363332152366649 0.85588780045509349 0.080128207802772536 0.030776515603065494 0.042572464793920524
decision_type=2 2 2 2 2 2 2 2 2 2 2 2 2 2
left_child=1 4 -3 -2 -1 6 7 9 -9 -6 -10 12 -12 -14
right_child=3 2 -4 -5 5 -7 -8 8 10 -11 11 -13 13 -15
leaf_value=-0.0006222522782105683 0.046514851465250147 -0.049719915476924774 0.020646773206540937 0.0057265476151650164 0.0041566080049026625 -0.036075693751750119 0.048677212573153154 -0.039614152839784658 0.023624144769311774 0.050511602625204363 0.011143824265625836 0.030049746835538051 -0.052590937649003106 -0.002549398006428789
leaf_weight=170.59228521189652 0.4351461823098387 0.65223021572455664 0.29454374313354492 20.382077928283252 41.926395363756455 0.57154484558850427 0.59853163175284763 2.2786460239440185 1.9132236256264148 0.56507332250475784 2.1630074908025563 0.65238850004971016 0.87460809014737639 1.4240499678999183
leaf_count=15744 10 25 6 529 1750 7 12 49 46 7 64 17 27 29
internal_value=0.000671782 0.000124025 -0.0278287 0.00657915 0.000242404 0.0030272 0.00345375 0.00293118 -0.00547898 0.00477306 0.00558959 -0.00115733 -0.00572045 -0.0215895
internal_weight=245.324 224.507 0.946774 20.8172 223.56 52.9675 52.3959 51.7974 9.30592 42.4915 7.02728 5.11405 4.46167 2.29866
internal_count=18322 17783 31 539 17752 2008 2001 1989 232 1757 183 137 120 56
is_linear=0
shrinkage=0.04


Tree=205
num_leaves=15
num_cat=0
split_feature=8 8 1 1 3 3 3 8 8 8 8 3 1 8
split_gain=0.247333 0.392091 0.244977 0.770371 0.844266 0.919658 0.739823 0.624533 0.532154 0.661949 0.844885 1.00877 0.776309 0.774637
threshold=2.5955792665481572 2.5572814941406254 0.069047622382640853 0.054093567654490478 0.028785075061023239 0.027945944108068946 0.027528079226613048 1.4096468687057497 2.1174428462982182 1.3989027142524721 1.5761188268661501 0.0074350500945001849 0.014389234129339458 1.6140992045402529
decision_type=2 2 2 2 2 2 2 2 2 2 2 2 2 2
left_child=1 2 3 4 5 6 8 -5 9 -1 11 -11 -13 -12
right_child=-2 -3 -4 7 -6 -7 -8 -9 -10 10 13 12 -14 -15
leaf_value=0.00093598658489692525 -0.0344545983121093 0.046661428432216247 0.00187539039148397 -0.01126268444837897 -0.087451856566409067 0.025760902041533817 -0.037533646252626091 0.013940071757962275 0.020424237513675909 0.01262203948945545 0.030014389938693428 -0.083900877870841523 -0.025121411399223491 -0.007039032773296666
leaf_weight=104.55918415723863 0.32422078214585681 0.29411858413368364 107.82654577109497 15.201092511895697 0.17455094680189986 2.2770174210891119 0.83010954037308593 1.7547892667353142 2.0778632001020005 1.0714634982869009 1.1791762229986487 0.40160803496837649 3.4290846772491932 3.8507201047614217
leaf_count=13360 8 17 3636 939 3 47 26 38 64 23 28 6 77 91
internal_value=0.000458876 0.000505092 0.000449599 -0.000674163 0.000454842 0.000583056 9.47194e-05 -0.00865441 0.000362678 -1.41282e-06 -0.00986984 -0.0216873 -0.0312838 0.00164753
internal_weight=245.252 244.927 244.633 136.807 119.851 119.676 117.399 16.9559 116.569 114.491 9.93205 4.90216 3.83069 5.0299
internal_count=18363 18355 18338 14702 13725 13722 13675 977 13649 13585 225 106 83 119
is_linear=0
shrinkage=0.04


Tree=206
num_leaves=15
num_cat=0
split_feature=0 8 1 1 3 1 1 1 1 3 7 7 1 7
split_gain=0.36686 0.41944 0.295627 0.57123 0.831135 0.694244 0.226386 0.992212 0.945124 0.546808 0.669505 1.24472 0.62365 0.650451
threshold=0.29166667163372045 2.2931365966796879 0.022991543635725979 0.037749288603663451 0.026859275065362457 0.027402402833104137 0.13392857462167743 0.11805555596947671 0.18333333730697635 0.015038445126265289 0.80723297595977794 0.65952381491661083 0.15476191043853763 0.72491174936294567
decision_type=2 2 2 2 2 2 2 2 2 2 2 2 2 2
left_child=6 2 -2 4 5 -4 7 -1 9 10 11 -8 13 -11
right_child=1 -3 3 -5 -6 -7 8 -9 -10 12 -12 -13 -14 -15
leaf_value=-0.00067500040144578366 0.025320019520486313 0.04293221034139582 -0.034445899926575797 0.0042868977731116203 -0.056365052581234087 0.038066809803414453 0.0021268584816531784 0.01431065381236659 -3.5559300330104491e-05 -0.058449917306218568 0.038158227297371179 -0.072398551353023505 -0.013073736373741048 -0.006879470435767949
leaf_weight=163.25585459335707 0.96642299485393479 0.4414529170608138 0.39440088067204004 23.530851191608235 0.625515750143677 0.45492569357156754 2.6857235871721059 7.3892112998291841 38.139892749371938 1.110448052175341 0.60564892645925272 0.41382978903129686 6.3129003753419966 0.60426123160868872
leaf_count=15989 23 39 13 579 21 9 153 237 981 32 10 17 238 17
internal_value=-0.000185362 0.00426946 0.0036123 0.00277334 -0.0213753 0.00439416 -0.00071896 -2.6097e-05 -0.00308967 -0.0130177 -0.000307145 -0.00782323 -0.0188843 -0.0402766
internal_weight=246.931 26.4136 25.9721 25.0057 1.47484 0.849327 220.518 170.645 49.8727 11.7328 3.7052 3.09955 8.02761 1.71471
internal_count=18358 684 645 622 43 22 17674 16226 1448 467 180 170 287 49
is_linear=0
shrinkage=0.04


Tree=207
num_leaves=15
num_cat=0
split_feature=1 6 1 8 1 8 7 3 1 3 1 8 7 1
split_gain=0.207334 0.593586 0.569378 0.723536 0.466609 0.523208 0.381688 0.380909 0.249357 0.228286 0.871624 0.569022 0.733498 0.546832
threshold=0.0093025267124176043 1.0000000180025095e-35 0.0091326101683080214 0.73484647274017345 0.010929288342595102 1.6901376843452456 0.72491174936294567 0.006430935114622117 0.010256679728627207 0.0070672251749783763 0.013072453904896976 1.5188317298889162 0.77961143851280224 0.013606071937829258
decision_type=2 2 2 2 2 2 2 2 2 2 2 2 2 2
left_child=1 2 6 -4 5 7 -1 8 -2 -6 11 12 -11 -12
right_child=4 -3 3 -5 9 -7 -8 -9 -10 10 13 -13 -14 -15
leaf_value=-0.046569716842122091 -0.017682513311916774 0.043517410161971172 0.066582176986075853 -0.073586273937699787 0.0079078498188417286 0.039759586305509208 0.013003840588983111 -0.038258961721452656 0.011766092829453104 -0.026844917083073964 0.020140601620656163 -0.069589662825034135 0.027321242118231247 -2.7247478906559735e-05
leaf_weight=0.46418910031206795 1.6319406168695425 0.66332726273685683 0.28065822548524011 0.074579832144081593 5.8312313964706837 0.26460016891360272 0.27344241866376251 1.0771912191703448 0.64066835865378369 1.9011229677125809 2.1716425605409304 0.35659055784344662 0.50659085111692537 227.06597981350933
leaf_count=335 653 8 50 5 834 5 13 281 129 515 353 10 11 15064
internal_value=-2.61215e-05 0.013668 -0.00444936 0.0371548 -0.000125727 -0.0143898 -0.0244856 -0.018667 -0.00938069 9.10466e-05 -0.000105424 -0.0224323 -0.0154482 0.000163809
internal_weight=243.204 1.7562 1.09287 0.355238 241.448 3.6144 0.737632 3.3498 2.27261 237.833 232.002 2.7643 2.40771 229.238
internal_count=18266 411 403 55 17855 1068 348 1063 782 16787 15953 536 526 15417
is_linear=0
shrinkage=0.04


Tree=208
num_leaves=15
num_cat=0
split_feature=8 8 1 4 3 3 1 8 8 7 0 1 5 8
split_gain=0.227887 0.290129 0.220643 1.09431 0.565531 0.644613 0.547497 0.752274 0.818034 0.909882 0.632286 0.493933 0.445142 0.472765
threshold=2.5955792665481572 2.5572814941406254 0.026671408675611023 1.0000000180025095e-35 0.025126799941062931 0.010152544826269152 0.030776515603065494 1.6892020702362063 0.89101329445838939 0.8624648153781892 0.069047622382640853 0.022991543635725979 1.0000000180025095e-35 2.2845329046249394
decision_type=2 2 2 2 2 2 2 2 2 2 2 2 2 2
left_child=1 2 3 4 5 12 7 8 10 -10 -4 -6 -1 -14
right_child=-2 -3 6 -5 11 -7 -8 -9 9 -11 -12 -13 13 -15
leaf_value=-0.0034234384154101911 -0.033401557183794284 0.045479945598448472 0.0049915497981625877 -0.042576381262636513 0.042427700193395729 -0.020423713274050358 0.00010266152052396929 0.05503071901272466 -0.067846048932844363 0.020178613401185951 0.02997653998021807 -0.0026840554601035137 0.0061423301375180192 -0.027972667593044127
leaf_weight=37.400116874960077 0.32645887322723766 0.22462106589227815 8.672892215865426 1.0518017433569173 0.86884059291332849 2.9025146227286305 173.37188030903781 0.54104122519493181 0.47046343283727843 0.3128137516323477 1.9930069935508061 0.70218575093895197 14.79288199912116 0.67981092445552427
leaf_count=7885 8 16 1010 289 15 271 7828 12 16 11 54 19 855 22
internal_value=-3.93954e-06 4.07474e-05 -1.12403e-06 -0.00214517 -0.00140362 -0.00207028 0.000674357 0.00894075 0.00676273 -0.0326921 0.00966019 0.0222646 -0.00106275 0.00464345
internal_weight=244.311 243.985 243.76 58.3982 57.3464 55.7753 185.362 11.9902 11.4492 0.783277 10.6659 1.57103 52.8728 15.4727
internal_count=18311 18303 18287 9356 9067 9033 8931 1103 1091 27 1064 34 8762 877
is_linear=0
shrinkage=0.04


Tree=209
num_leaves=15
num_cat=0
split_feature=3 3 8 0 4 0 1 7 1 7 3 3 3 0
split_gain=0.178571 0.43731 0.438075 0.253894 0.239412 0.410875 0.216101 0.183685 0.655493 1.64188 1.18453 1.45342 0.704943 1.14909
threshold=0.031890055164694793 0.032138250768184669 0.81883308291435253 0.41666667163372045 1.0000000180025095e-35 0.75000000000000011 0.0083683477714657801 0.65196481347084057 0.29166667163372045 0.72491174936294567 0.030091284774243835 0.030600344762206081 0.029794779606163505 0.15476191043853763
decision_type=2 2 2 2 2 2 2 2 2 2 2 2 2 2
left_child=6 2 -2 -4 5 -3 -1 -8 12 -10 -11 -12 13 -9
right_child=1 4 3 -5 -6 -7 7 8 9 10 11 -13 -14 -15
leaf_value=-0.054828179361704907 0.026238635736938933 -0.027892574946128474 0.019807457599905372 -0.022687921693401673 0.011651848191410342 0.0013901479301957566 -0.00076634853391911782 0.0026635093452309069 -0.050999151063446914 0.016789330489862229 -0.067029415271369339 -0.0046476141157739646 0.01405657662835276 -0.018775623573710033
leaf_weight=0.11464075476396729 2.4202671749517308 1.0463474318385126 0.37160555459558953 0.57000188250094652 1.6702064231503753 2.8682769914157689 146.82667533661879 68.814794518693816 1.2702538263984005 3.1301892464980483 0.7315815016627315 3.26246866164729 7.8157163208816192 4.2468393614981315
leaf_count=59 47 20 19 16 117 51 15626 1933 30 60 11 89 211 103
internal_value=0.00028706 0.00583409 0.0172323 -0.00591711 -0.00102725 -0.00643689 7.69635e-05 0.000103623 0.00153448 -0.00910457 -0.00163476 -0.016074 0.00263874 0.00141732
internal_weight=245.16 8.94671 3.36187 0.941607 5.58483 3.91462 236.213 236.099 89.2718 8.39449 7.12424 3.99405 80.8774 73.0616
internal_count=18392 270 82 35 188 71 18122 18063 2437 190 160 100 2247 2036
is_linear=0
shrinkage=0.04


Tree=210
num_leaves=15
num_cat=0
split_feature=1 1 8 7 3 0 0 3 0 8 1 7 0 8
split_gain=0.364885 0.50277 0.582726 1.71529 1.45354 1.14809 0.775116 0.69424 1.67965 0.526875 0.514722 1.12346 0.929855 0.710326
threshold=0.074175827205181136 0.057189542800188072 0.65952381491661083 0.7257656753063203 0.028603389859199527 0.41666667163372045 0.29166667163372045 0.028603389859199527 0.060661764815449722 2.1174428462982182 0.048809524625539787 0.65952381491661083 0.22500000149011615 1.4850433468818667
decision_type=2 2 2 2 2 2 2 2 2 2 2 2 2 2
left_child=1 9 5 -4 -5 6 7 8 -3 10 -1 12 -12 -13
right_child=-2 2 3 4 -6 -7 -8 -9 -10 -11 11 13 -14 -15
leaf_value=-0.0018689185322718646 0.0015944145348856245 -0.0019554687050887484 -0.053972182031569123 0.0045498375382649076 -0.056472449585364654 0.042523789827342846 -0.079891026005305094 0.032964526610791224 -0.057103675245229593 0.018558558197459704 -0.00059534982417128494 0.027349709842688089 -0.089537147079666368 -0.021490457801759847
leaf_weight=105.91287396604457 104.05088569922373 9.2832062136731057 1.5614494819892559 3.8252583460416645 0.74642103794030834 0.83825737331062633 0.22267100494355041 0.73790814774110991 0.97660320508293885 2.25290897861123 7.3314062384306435 4.2628045179881155 0.19302332866936911 0.53641162626445282
leaf_count=13129 3405 741 62 104 19 10 5 17 51 76 584 84 10 14
internal_value=-0.000196029 -0.00153938 -0.00773768 -0.017776 -0.00541331 -0.00263209 -0.00600561 -0.00450965 -0.00720488 -0.000603543 -0.000968663 0.00676839 -0.00287696 0.0218908
internal_weight=242.732 138.681 18.1918 6.13313 4.57168 12.0586 11.2204 10.9977 10.2598 120.489 118.237 12.3236 7.52443 4.79922
internal_count=18311 14906 1009 185 123 824 814 809 792 13897 13821 692 594 98
is_linear=0
shrinkage=0.04


Tree=211
num_leaves=15
num_cat=0
split_feature=1 6 0 3 1 4 3 1 8 1 1 3 1 0
split_gain=0.215213 0.471634 1.02323 0.303023 0.200544 0.201892 1.64196 1.16628 0.883523 0.903837 0.838313 1.56058 1.17873 0.646151
threshold=0.41666667163372045 1.0000000180025095e-35 0.29166667163372045 0.032262260094285018 0.0083683477714657801 1.0000000180025095e-35 0.025984985753893856 0.13392857462167743 1.6499184370040896 0.11805555596947671 0.039230769500136382 0.012270399834960701 0.051315790042281158 0.18333333730697635
decision_type=2 2 2 2 2 2 2 2 2 2 2 2 2 2
left_child=3 -2 -3 4 -1 -6 10 8 9 -8 -7 -12 -13 -10
right_child=1 2 -4 -5 5 6 7 -9 13 -11 11 12 -14 -15
leaf_value=-0.055264925128009831 0.0018713495056090948 0.040650111522803352 -0.017161706315124304 -0.02682141518920652 0.00027784911340497708 -0.034747700981549112 0.013561868666139315 -0.0040823113235464274 -0.08528654371449608 0.050236559686695548 0.043562709333485695 -0.075678847724806847 -0.010188817204116055 0.0076570030420694659
leaf_weight=0.10592981417721503 19.92677358805668 1.4689603345468634 0.7349126231856643 0.68836932443082233 189.4263459056674 2.4223685044271432 5.7664867336861816 9.7594980574212951 0.2239708313718437 1.3215804910287259 0.84209304404794139 0.45925170817645167 10.343237760112968 0.25701237050816417
leaf_count=59 486 20 15 22 16123 489 137 234 6 21 65 45 562 15
internal_value=5.2094e-05 0.00381331 0.0213719 -0.000323502 -0.000240939 -0.000214544 -0.00318542 0.00505645 0.0168399 0.0203999 -0.0133383 -0.00888457 -0.012973 -0.0356224
internal_weight=243.747 22.1306 2.20387 221.616 220.928 220.822 31.3955 17.3285 7.56905 7.08807 14.067 11.6446 10.8025 0.480983
internal_count=18299 521 35 17778 17756 17697 1574 413 179 158 1161 672 607 21
is_linear=0
shrinkage=0.04


Tree=212
num_leaves=15
num_cat=0
split_feature=1 3 1 8 7 1 3 6 7 0 0 4 4 3
split_gain=0.383211 0.526327 0.442234 0.438806 0.425043 0.350439 1.0403 1.29914 0.499018 0.487099 0.414925 0.828114 0.723706 0.483823
threshold=0.0089687905274331587 0.0056657700333744296 0.0092167854309082049 0.73201096057891857 0.72491174936294567 0.41666667163372045 0.030446350574493412 1.0000000180025095e-35 0.8892553746700288 0.095454547554254546 0.18333333730697635 1.0000000180025095e-35 1.0000000180025095e-35 0.032654680311679847
decision_type=2 2 2 2 2 2 2 2 2 2 2 2 2 2
left_child=1 4 3 -2 -1 -4 7 8 9 -7 12 13 -8 -12
right_child=2 -3 5 -5 -6 6 10 -9 -10 -11 11 -13 -14 -15
leaf_value=-0.048302288457228795 0.049641056501831031 -0.063594004092926981 -0.00059239195680026093 -0.028363115707791358 0.030681630486102986 0.0097274212433064704 0.021526458486805261 0.060136561969366939 -0.026376684858966635 0.049184085720875237 -0.016728020711104529 0.018473394592012863 -0.020538053661603512 0.011281975643756902
leaf_weight=0.17520498632074932 0.52256090400623989 0.36049490341247292 219.05112045090209 0.14808596903458238 0.28854427672922611 7.7304245207924378 0.7996845217421632 0.90368282934650856 0.57114672521129328 0.53526955470442761 3.2379688951186836 3.1061148889129981 3.6023044437170029 1.4191342841368166
leaf_count=134 80 151 17434 9 6 147 16 8 14 5 71 159 75 21
internal_value=-0.000112597 -0.0273403 -1.97171e-05 0.0324169 0.000841418 -0.000109997 0.00471382 0.0144554 0.00978391 0.0122826 -0.00308615 0.00247659 -0.0128964 -0.00819268
internal_weight=242.452 0.824244 241.627 0.670647 0.463749 240.957 21.9057 9.74052 8.83684 8.26569 12.1652 7.76322 4.40199 4.6571
internal_count=18330 291 18039 89 140 17950 516 174 166 152 342 251 91 92
is_linear=0
shrinkage=0.04


Tree=213
num_leaves=15
num_cat=0
split_feature=3 6 3 8 3 3 3 7 0 3 7 3 7 0
split_gain=0.432391 0.636977 0.310032 0.465694 0.297231 0.90928 0.782281 1.01486 0.60823 0.72681 0.47756 0.678967 0.633895 0.776397
threshold=0.0058309501037001618 1.0000000180025095e-35 0.0059347699861973533 0.73201096057891857 0.030091284774243835 0.030446350574493412 0.029908834956586364 0.72491174936294567 0.22500000149011615 0.03039026074111462 0.85176765918731701 0.031039469875395301 0.80189430713653576 0.10555555671453477
decision_type=2 2 2 2 2 2 2 2 2 2 2 2 2 2
left_child=1 -1 3 -2 6 8 -4 -8 9 -6 12 -12 13 -7
right_child=2 -3 4 -5 5 10 7 -9 -10 -11 11 -13 -14 -15
leaf_value=-0.057291746538059546 0.045244621836992432 0.016940814506329595 -0.00038623941953108031 -0.031246777573848191 -1.5656665165633521e-05 -0.044391180560431114 -0.046956420722429087 0.012791618094836038 0.033355686834782107 0.050418500368023235 0.036862733027578733 0.0023941383059283843 -0.021056862418809361 0.0015957515292596301
leaf_weight=0.49563784251222287 0.52614276684471306 0.29504984617233276 204.19884268247552 0.16801590588875115 3.1444244920276101 0.60272657498718274 1.2747990707866836 0.7071918318979441 2.353432085365057 0.534965369850397 1.3069516913965333 3.0440433940384537 2.4220583033747962 23.102196021005511
leaf_count=302 86 5 17029 9 62 8 40 19 55 5 44 137 69 508
internal_value=-5.94992e-05 -0.0295914 3.64412e-05 0.0267305 -3.99103e-05 0.00328663 -0.000628979 -0.0256378 0.017475 0.00731722 0.000478193 0.0127478 -0.0015651 0.000426478
internal_weight=244.176 0.790688 243.386 0.694159 242.692 36.5108 206.181 1.98199 6.03282 3.67939 30.478 4.351 26.127 23.7049
internal_count=18378 307 18071 95 17976 888 17088 59 122 67 766 181 585 516
is_linear=0
shrinkage=0.04


Tree=214
num_leaves=15
num_cat=0
split_feature=8 8 1 8 8 8 7 7 3 7 7 7 3 1
split_gain=0.498378 1.43996 1.55986 0.778107 0.928764 0.695103 0.451456 0.485274 0.573175 0.685111 0.954556 0.792414 1.0201 0.776428
threshold=1.6140992045402529 1.6405735015869143 0.11805555596947671 1.6417425870895388 1.6472816467285158 1.5787281990051272 0.92864400148391735 0.80348670482635509 0.031766045838594444 0.82042154669761669 0.84448784589767467 0.87680101394653331 0.010695495177060367 0.069047622382640853
decision_type=2 2 2 2 2 2 2 2 2 2 2 2 2 2
left_child=5 2 -2 -3 -5 -1 7 -6 9 13 -11 12 -12 -9
right_child=1 3 -4 4 6 -7 -8 8 -10 10 11 -13 -14 -15
leaf_value=0.00064552290317135784 -0.075869109295370066 0.05295590594052655 0.013378604247118958 -0.071755327086739304 0.0165513788526017 0.02422219223486459 0.045275323254560899 -0.0029274342959843846 0.03321659997607411 0.046065952825751579 -0.07054575913573255 -0.0019621094144611972 -0.0046491383352093504 -0.063384087486895405
leaf_weight=229.11905454303633 0.92132553178816923 0.3901071697473516 0.47482009744271636 0.31928057223558326 1.5898420736193628 2.0184290109900749 0.30685630254447538 0.62615652009844402 0.52722813026048321 0.5435488293878733 0.68858584202826001 5.5740953150670975 0.82763529848307371 0.7434284333139658
leaf_count=17811 25 7 13 12 44 66 10 9 44 25 19 183 28 14
internal_value=0.000414581 -0.00704627 -0.0455165 -0.00262087 -0.00446657 0.000851408 -0.00258653 -0.00390721 -0.00731998 -0.00969373 -0.00502006 -0.00893636 -0.0345758 -0.0357441
internal_weight=244.67 13.5329 1.39615 12.1368 11.7467 231.137 11.4274 11.1205 9.53068 9.00345 7.63387 7.09032 1.51622 1.36958
internal_count=18310 433 38 395 388 17877 376 366 322 278 255 230 47 23
is_linear=0
shrinkage=0.04


Tree=215
num_leaves=15
num_cat=0
split_feature=1 6 1 8 8 7 1 3 7 7 3 1 8 6
split_gain=0.35847 0.765338 0.621989 0.709479 0.385574 0.932162 0.351717 0.366417 0.277458 0.60193 0.372394 0.560427 0.599087 0.449234
threshold=0.010256679728627207 1.0000000180025095e-35 0.0093898782506585139 1.4096468687057497 0.73201096057891857 0.72491174936294567 0.0094788861460983771 0.006153905065730215 0.65196481347084057 0.65952381491661083 0.006779740098863841 0.011696306522935631 1.5456029176712038 1.0000000180025095e-35
decision_type=2 2 2 2 2 2 2 2 2 2 2 2 2 2
left_child=1 4 -3 -4 5 6 -1 -8 -2 -10 13 12 -12 -11
right_child=8 2 3 -5 -6 -7 7 -9 9 10 11 -13 -14 -15
leaf_value=-0.049354397734726198 -0.0012341839068726736 0.0346613598577638 -0.051458186784964104 0.048607614920038213 -0.056310021204312215 0.052575952775099424 0.027802280108935245 -0.035335027578315657 0.032084249282709185 0.026979034044194383 -0.07920952923440619 0.0010391932819237551 0.0041931432160227733 -0.010710339449791516
leaf_weight=0.74501657353539419 148.72268830874964 0.75359631748870037 0.37933486085967161 0.16168976575136185 0.55950425274204452 0.25383743830025185 0.25785809128137771 0.34230345317337196 1.0222361874766637 1.8054067315533751 0.28855234803631802 87.854856518912129 0.26376109011471272 0.70304932724684466
leaf_count=510 14721 14 139 3 35 4 134 236 29 41 17 2416 4 19
internal_value=-0.000349932 -0.0131463 0.0111694 -0.0215527 -0.0277301 -0.0177299 -0.0309967 -0.00820822 -0.000166322 0.0015611 0.0012179 0.000786679 -0.03938 0.0164158
internal_weight=244.114 3.45314 1.29462 0.541025 2.15852 1.59902 1.34518 0.600162 240.661 91.9379 90.9156 88.4072 0.552313 2.50846
internal_count=18322 1075 156 142 919 884 880 370 17247 2526 2497 2437 21 60
is_linear=0
shrinkage=0.04


Tree=216
num_leaves=15
num_cat=0
split_feature=6 3 1 8 1 3 5 3 3 8 8 1 8 8
split_gain=0.409669 0.707793 0.883408 0.891632 0.587718 0.493802 0.568897 0.444021 0.466772 0.631077 1.41159 0.882917 1.27468 0.482527
threshold=1.0000000180025095e-35 0.032138250768184669 0.41666667163372045 0.65952381491661083 0.0093898782506585139 0.011696309782564642 1.0000000180025095e-35 0.012903760187327864 0.014599314890801908 0.87403500080108654 0.70791500806808483 0.060661764815449722 0.70705461502075206 1.0000000180025095e-35
decision_type=2 2 2 2 2 2 2 2 2 2 2 2 2 2
left_child=-1 2 4 -4 -2 6 -6 -7 9 10 11 -9 13 -13
right_child=1 -3 3 -5 5 7 -8 8 -10 -11 -12 12 -14 -15
leaf_value=-0.00087495930985980602 0.036896333546511992 -0.042880820683091826 0.051044397916223463 -0.0025620156135348865 -0.007713247625162894 0.010493132935796663 0.0023459727275529922 -0.035536721608889522 0.0062717978586065903 0.017045447097267137 -0.043851119510181856 0.00042038928386543551 0.067371136259660708 -0.053399685865223846
leaf_weight=153.36544192158908 0.77432094933465023 0.54551429860293765 1.1966703874059015 0.84841796802356828 14.554063472693086 14.358457948197609 23.553016086341813 1.1155335544608522 18.417603746987879 2.0761356218717983 1.4507851495873172 8.9793068029684893 0.45539744943380434 0.27468773175496686
leaf_count=15238 14 11 12 11 976 414 644 47 480 44 61 371 3 15
internal_value=0.000376029 0.00254147 0.00282287 0.0288054 0.00220507 0.00188992 -0.0014959 0.00462765 0.0020576 -0.00335045 -0.00679991 -0.00183421 0.00203795 -0.00117716
internal_weight=241.965 88.5999 88.0544 2.04509 86.0093 85.235 38.1071 47.1279 32.7695 14.3518 12.2757 10.8249 9.70939 9.25399
internal_count=18341 3103 3092 23 3069 3055 1620 1435 1021 541 497 436 389 386
is_linear=0
shrinkage=0.04


Tree=217
num_leaves=15
num_cat=0
split_feature=3 3 8 0 3 1 8 4 8 8 8 1 1 1
split_gain=0.283246 0.585223 1.13389 0.93018 0.622825 0.543859 0.562157 0.535598 0.363389 0.463 0.613434 0.623781 0.574808 0.550797
threshold=0.030091284774243835 0.030446350574493412 0.8892553746700288 0.15476191043853763 0.03039026074111462 0.22500000149011615 0.69696003198623668 1.0000000180025095e-35 2.5343644618988042 1.6140992045402529 1.6405735015869143 0.010695492848753931 0.18333333730697635 0.080128207802772536
decision_type=2 2 2 2 2 2 2 2 2 2 2 2 2 2
left_child=8 2 4 -4 5 6 7 -2 9 -1 -11 -12 13 -13
right_child=1 -3 3 -5 -6 -7 -8 -9 -10 10 11 12 -14 -15
leaf_value=0.00023973356888855004 -0.0013718022781432102 0.001399958802734248 -0.083768589779780453 0.0040943739794896119 0.048246456835016521 -0.0042629850867773947 0.062795163292641079 0.038398771607262863 0.047029226823167063 -0.03836013947467936 0.047297174341824129 -0.0051419572088877282 0.028467324966125362 -0.031927720579478312
leaf_weight=197.44359665172669 1.2012823577970264 29.678486603312194 0.30815951619297255 0.51492593972943723 1.1138238646090028 1.5481438273563979 0.52107325382530678 0.98690328747034062 0.26126064918935199 1.004565066192298 0.34599565993994374 5.946573472581802 0.65254938974976529 1.5480578253045676
leaf_count=17130 28 753 8 22 12 28 10 14 14 31 6 164 15 47
internal_value=0.000452425 0.00373403 0.0149171 -0.0288011 0.0216165 0.0146496 0.0254567 0.0165653 -0.000115715 -0.000175235 -0.00880181 -0.00530567 -0.00753962 -0.0106747
internal_weight=243.075 35.8728 6.19431 0.823085 5.37123 4.2574 2.70926 2.18819 207.203 206.941 9.49774 8.49318 8.14718 7.49463
internal_count=18282 875 122 30 92 80 52 42 17407 17393 263 232 226 211
is_linear=0
shrinkage=0.04


Tree=218
num_leaves=15
num_cat=0
split_feature=8 8 8 7 0 8 8 8 7 1 7 7 8 7
split_gain=0.381831 0.787695 0.636603 0.470031 0.442334 0.391285 0.558208 0.42485 0.783026 0.430039 0.37561 0.484481 1.0861 1.35415
threshold=2.4263527393341069 2.4054820537567143 2.3851190805435185 0.89101329445838939 0.13392857462167743 2.2845329046249394 1.7452975511550906 2.3460838794708256 0.82042154669761669 0.051315790042281158 0.82862794399261486 0.81883308291435253 1.5188317298889162 0.81055158376693737
decision_type=2 2 2 2 2 2 2 2 2 2 2 2 2 2
left_child=1 2 3 5 -2 6 10 8 -7 -9 11 12 13 -1
right_child=4 -3 -4 -5 -6 7 -8 9 -10 -11 -12 -13 -14 -15
leaf_value=0.00071812491493535534 0.0043436286087803798 -0.074614631136550452 0.046809218070355589 -0.061433540398870772 0.045872955998644181 -0.074208257530083727 0.017567820454516731 0.037985366002714883 0.007305464193449158 -0.021963051629488996 -0.0044933714762851731 0.018093715564086853 -0.02813105901643943 -0.057179329239335476
leaf_weight=203.10605848500563 1.2329415762796987 0.22668460616841812 0.46365761756896873 0.19979020883329113 0.61506605509202916 0.46139854192733654 2.8841596867423496 0.30490821972489357 0.31885600462555885 0.51455882389564067 27.920399282127619 2.4599133231677106 2.1370685619767746 0.64841408096253772
leaf_count=17151 44 8 10 16 38 9 86 7 20 24 775 74 62 34
internal_value=5.27276e-05 -8.57929e-05 -1.58128e-05 -0.000105916 0.0181657 -5.50232e-05 7.68631e-05 -0.0197718 -0.0408972 0.000342623 -0.000136648 0.00044718 0.000236346 0.000533876
internal_weight=243.494 241.646 241.419 240.956 1.84801 240.756 239.156 1.59972 0.780255 0.819467 236.272 208.351 205.892 203.754
internal_count=18358 18276 18268 18258 82 18242 18182 60 29 31 18096 17321 17247 17185
is_linear=0
shrinkage=0.04


Tree=219
num_leaves=15
num_cat=0
split_feature=1 3 0 3 5 6 8 8 0 3 3 8 0 8
split_gain=0.367951 0.889013 1.56788 0.955576 0.442795 0.428049 0.408447 0.935181 0.561499 1.03883 0.467583 0.401339 0.359733 0.324652
threshold=0.41666667163372045 0.030446350574493412 0.095454547554254546 0.029491504654288295 1.0000000180025095e-35 1.0000000180025095e-35 1.1502401232719424 1.6579574346542361 0.15476191043853763 0.032394465059041984 0.031766045838594444 2.5955792665481572 0.15476191043853763 2.5477148294448857
decision_type=2 2 2 2 2 2 2 2 2 2 2 2 2 2
left_child=11 3 -3 5 6 -2 -4 8 -8 -10 12 13 -9 -1
right_child=1 2 4 -5 -6 -7 7 10 9 -11 -12 -13 -14 -15
leaf_value=-0.00059514109250919539 0.0032648005116387643 -0.067359927882557791 0.0060684961449488243 0.036142788577082266 -0.037762502725394172 0.02776148167742138 -0.074560237063435911 0.019962398697244393 0.022776741677015388 -0.067067440222921285 0.0480729395718466 -0.047580585108776212 -0.027703954284594285 0.045102748637750434
leaf_weight=220.36437308927998 7.5425132934469747 0.57170253992080589 8.929344410775224 2.2519626179710022 0.46675789868459183 1.3447830602526663 0.4209991591051232 0.51190774282440521 0.45524326106533408 0.37596951355226338 0.38672551652416576 0.29061871021985908 0.50149451289325953 0.24902153247967262
leaf_count=17820 153 3 211 22 18 8 5 15 19 19 37 7 10 14
internal_value=-9.67111e-05 0.00463322 -0.00263608 0.0128689 0.00043509 0.00697152 0.00197451 -0.0118083 -0.0369236 -0.0178611 0.0106537 -0.00060544 -0.00362588 -0.000543559
internal_weight=244.663 23.7594 12.6201 11.1393 12.0484 8.8873 11.5817 2.65234 1.25221 0.831213 1.40013 220.904 1.0134 220.613
internal_count=18361 520 337 183 334 161 316 105 43 38 62 17841 25 17834
is_linear=0
shrinkage=0.04


Tree=220
num_leaves=15
num_cat=0
split_feature=1 7 9 1 1 3 1 8 8 3 7 0 3 6
split_gain=0.357135 0.41285 1.639 0.408818 0.609701 0.632573 0.477733 0.970676 0.873345 0.632887 0.617316 0.612217 0.481161 0.638568
threshold=0.75000000000000011 0.72491174936294567 1.0000000180025095e-35 0.13392857462167743 0.11805555596947671 0.030320434831082824 0.087121214717626586 1.4894437193870547 0.87403500080108654 0.014389229938387873 0.79802823066711437 0.069047622382640853 0.028131764382123951 1.0000000180025095e-35
decision_type=2 2 2 2 2 2 2 2 2 2 2 2 2 2
left_child=3 2 -2 4 5 6 -1 8 9 10 -8 -10 13 -11
right_child=1 -3 -4 -5 -6 -7 7 -9 11 12 -12 -13 -14 -15
leaf_value=-4.7554150296301106e-05 0.0066484884484715881 0.019355609419873302 -0.065215696697436654 -0.0040026328906244343 0.010745274350318842 0.0225140886110827 -0.015114192968969273 -0.050642293942156948 0.043736588342750141 0.014940144579216004 -0.072705971148763079 -0.0073714903386449008 -0.01308523692424028 -0.021980902612814136
leaf_weight=152.41477923018101 7.5981118958443385 2.9297808997798702 0.54414124717004586 51.829378317692317 8.1146300886757654 1.8933803588151921 5.5873466929187945 0.78700167778879482 0.93556849192828007 3.6688758649397641 0.31455209478735913 0.62589661963284016 3.0480050900951028 0.94194197328761209
leaf_count=15450 127 119 15 1554 260 49 356 27 15 151 13 18 104 43
internal_value=-0.000538015 0.00647913 0.00184585 -0.000875578 3.32515e-05 -0.000477414 -0.000736032 -0.00733186 -0.00507786 -0.00833976 -0.0181836 0.0232505 -0.000754041 0.00739756
internal_weight=241.233 11.072 8.14225 230.161 178.332 170.217 168.324 15.9092 15.1222 13.5607 5.9019 1.56147 7.65882 4.61082
internal_count=18301 261 142 18040 16486 16226 16177 727 700 667 369 33 298 194
is_linear=0
shrinkage=0.04


Tree=221
num_leaves=15
num_cat=0
split_feature=3 1 1 1 1 4 1 0 3 8 1 4 8 8
split_gain=0.363231 0.4636 0.353032 2.40926 0.746799 0.655812 0.826144 1.27304 0.540792 0.754571 0.828423 0.494655 0.569564 1.09311
threshold=0.01550481002777815 0.15476191043853763 0.030776515603065494 0.033908046782016761 0.024695121683180336 1.0000000180025095e-35 0.022991543635725979 0.15476191043853763 0.025126799941062931 0.65338471531867992 0.016807910054922107 1.0000000180025095e-35 0.72414132952690136 0.65736749768257152
decision_type=2 2 2 2 2 2 2 2 2 2 2 2 2 2
left_child=1 -1 4 -4 5 6 8 -8 9 10 -2 12 13 -5
right_child=2 -3 3 11 -6 -7 7 -9 -10 -11 -12 -13 -14 -15
leaf_value=-0.00049435906515480732 0.02434287813660491 -0.011289704376560999 -0.075589670561204317 -0.00093470616857380508 0.027524739489729375 -0.061965042181489613 0.023366126606322094 -0.093072318922394343 0.039348800242905768 0.039745106353234111 -0.053460812750600786 0.0059903106475258355 0.0071797641109694809 -0.027619931115471556
leaf_weight=148.24180619225808 0.36778297834098361 6.6504154695430762 0.64200174994766612 33.208983022952452 2.6368176394607872 0.26161190879065532 0.28727539256215084 0.31493259314447641 0.89708949648775149 0.48652860894799232 0.54113225499168038 32.785228312131949 11.934745226521043 2.6522267810069016
leaf_count=15693 15 316 36 876 71 30 8 14 16 11 32 873 298 50
internal_value=0.000203882 -0.000957865 0.00227183 0.0015914 0.0118118 -0.00131472 0.00416654 -0.0375269 0.0151187 -0.000458164 -0.0219784 0.00220631 -0.000389286 -0.00290829
internal_weight=241.909 154.892 87.0164 81.2232 5.79317 3.15635 2.89474 0.602208 2.29253 1.39544 0.908915 80.5812 47.796 35.8612
internal_count=18339 16009 2330 2133 197 126 96 22 74 58 47 2097 1224 926
is_linear=0
shrinkage=0.04


Tree=222
num_leaves=15
num_cat=0
split_feature=7 7 8 7 7 7 0 8 8 1 8 8 8 8
split_gain=0.232922 1.52658 1.15838 0.840157 1.15918 0.746394 0.588057 0.34029 0.77141 0.337256 0.349207 0.693689 0.695584 0.64647
threshold=0.78002032637596141 0.77961143851280224 0.80723297595977794 0.78402599692344677 0.78363332152366649 0.77690324187278759 0.11805555596947671 2.1711282730102544 2.1174428462982182 0.010050504934042694 0.80804961919784557 0.81913942098617565 0.81958013772964489 0.87403500080108654
decision_type=2 2 2 2 2 2 2 2 2 2 2 2 2 2
left_child=1 5 3 4 6 7 -2 8 -1 -4 -11 -12 -13 -14
right_child=2 -3 9 -5 -6 -7 -8 -9 -10 10 11 12 13 -15
leaf_value=0.00022997383895407943 -0.072593801501505933 0.040968281473065409 -0.035646971536146571 -0.058739558611374719 0.04442697147762048 -0.075078505203111143 0.013560850977861612 0.04546172624546313 -0.062146257592723346 0.0084614407899411947 -0.046623990530623508 0.056319115111346366 -0.016258185481740225 -0.0003634389038375945
leaf_weight=191.46178109769971 0.37674569804221281 1.4740970868151624 0.45587866194546123 0.9889178381417878 0.41368953883647919 0.21103156777098675 0.19103575497865677 0.26527778850868244 0.31775104627013107 5.4262400059960774 0.55818515596911211 0.327650744933634 4.6289822224061927 35.432938079116866
leaf_count=16904 31 23 22 57 9 12 5 11 7 109 37 13 163 967
internal_value=-0.000204602 0.000417547 -0.00267445 -0.0327186 -0.00650027 0.00010663 -0.0436062 0.000189248 0.000126625 -0.00141032 -0.00107376 -0.00233733 -0.00172529 -0.00220001
internal_weight=242.53 193.73 48.8003 1.97039 0.981471 192.256 0.567781 192.045 191.78 46.8299 46.374 40.9478 40.3896 40.0619
internal_count=18370 16957 1413 102 45 16934 36 16922 16911 1311 1289 1180 1143 1130
is_linear=0
shrinkage=0.04


Tree=223
num_leaves=15
num_cat=0
split_feature=1 1 1 1 1 7 8 4 7 7 0 0 6 8
split_gain=0.319261 0.541371 0.653952 0.667737 0.9134 0.799221 0.855189 0.516485 0.507311 0.917023 0.499782 0.41831 0.450162 0.413012
threshold=0.069047622382640853 0.031754031777381904 0.026671408675611023 0.028174603357911113 0.028991596773266796 0.6899811625480653 0.74250298738479625 1.0000000180025095e-35 0.7945058047771455 0.73153436183929454 0.15476191043853763 0.15476191043853763 1.0000000180025095e-35 2.1057972908020024
decision_type=2 2 2 2 2 2 2 2 2 2 2 2 2 2
left_child=1 2 7 -4 5 10 -7 -1 9 11 -5 12 -6 -2
right_child=13 -3 3 4 8 6 -8 -9 -10 -11 -12 -13 -14 -15
leaf_value=-0.00097044496557108055 0.0015206481529239733 -0.0046807829580255682 0.020677612561304244 -0.059708237977436872 -0.013334162157345038 0.052849687970417829 -0.027540435579798479 -0.030498746965543423 0.02682413084815503 -0.082206996023334394 0.030562058100397225 0.037230758089756899 0.010224123405751335 -0.011928256654473427
leaf_weight=57.921110185328871 104.31753256748198 60.347416927543236 4.5663103163315091 0.82940245972713345 1.9865442322989091 0.34742545243352652 0.54208138957619667 0.96353221710887638 1.7794644996756686 0.19723393442109216 0.1113008139654994 0.5973503729328512 3.7430909425020218 3.7860927777364841
leaf_count=9101 3505 3957 444 186 498 4 18 294 42 13 4 15 102 152
internal_value=-0.000567391 -0.00187257 0.000430463 0.00797753 0.0022549 -0.0233243 0.00385851 -0.00145362 0.0078928 0.00272933 -0.0490278 0.00537708 0.00205614 0.00104963
internal_weight=242.036 133.932 73.5848 14.7002 10.1339 1.83021 0.889507 58.8846 8.30368 6.52422 0.940703 6.32699 5.72964 108.104
internal_count=18335 14678 10721 1326 882 212 22 9395 670 628 190 615 600 3657
is_linear=0
shrinkage=0.04


Tree=224
num_leaves=15
num_cat=0
split_feature=7 7 7 7 7 3 3 3 3 7 3 3 3 3
split_gain=0.264523 0.664346 0.36197 2.14479 1.68735 1.21392 1.01284 1.00727 0.987721 0.720652 0.542369 0.775475 0.519673 1.29311
threshold=0.65196481347084057 0.65736749768257152 0.71407991647720348 0.71884065866470348 0.70895385742187511 0.013986699748784305 0.022767074406147007 0.016001025214791301 0.026859275065362457 0.68586039543151867 0.0094788847491145151 0.0095695951022207754 0.0074907450471073398 0.0080322599969804304
decision_type=2 2 2 2 2 2 2 2 2 2 2 2 2 2
left_child=-1 -2 4 -4 5 10 7 9 -8 -7 -3 -12 -5 -14
right_child=1 2 3 12 -6 6 8 -9 -10 -11 11 -13 13 -15
leaf_value=-0.00064060220270402153 0.0384010155609604 -0.0016391113887375026 -0.057316534405550401 0.012108209616932004 0.046075452515494345 0.0054377302994788636 0.045262654293385926 -0.091025266950769665 -0.0094649892314400547 -0.049639237788994886 0.070801854449314555 0.013926530455347013 -0.032730255804028316 0.0012103949512470768
leaf_weight=149.48670684480749 0.79869244620203872 3.7404671373078653 1.0117986545083102 6.5112193182576439 1.5982394753955294 0.8051587544614438 0.64250612258911166 0.41237184032797802 2.9514764628838748 0.72001996403560042 0.40637027192860831 6.8351090141804889 1.8473538174293924 64.646122876671143
leaf_count=15662 18 133 54 168 22 28 10 8 76 20 4 152 75 1840
internal_value=0.000401193 0.00207708 0.00176217 0.000521903 0.00683073 0.00303247 -0.0122486 -0.03556 0.000318822 -0.0205635 0.0107294 0.0171182 0.00132351 0.000267439
internal_weight=242.414 92.9269 92.1282 74.0165 18.1117 16.5135 5.53153 1.93755 3.59398 1.52518 10.9819 7.24148 73.0047 66.4935
internal_count=18270 2608 2590 2137 453 431 142 56 86 48 289 156 2083 1915
is_linear=0
shrinkage=0.04


Tree=225
num_leaves=15
num_cat=0
split_feature=3 1 7 7 3 4 7 1 3 1 7 7 7 9
split_gain=0.236289 0.939852 0.956258 0.842967 0.452261 0.669535 0.669607 0.621964 0.7818 0.396857 0.645438 1.20397 0.603945 0.884241
threshold=0.010256679728627207 0.030776515603065494 0.8892553746700288 0.82409983873367321 0.024594374932348732 1.0000000180025095e-35 0.81913942098617565 0.028174603357911113 0.024393829517066482 0.069047622382640853 0.85588780045509349 0.85450997948646557 0.87680101394653331 0.83333334326744091
decision_type=2 2 2 2 2 2 2 2 2 2 2 2 2 2
left_child=-1 2 3 4 5 7 -7 8 -2 10 11 -3 -12 -14
right_child=1 9 -4 -5 -6 6 -8 -9 -10 -11 12 -13 13 -15
leaf_value=-0.0017408137978602793 0.021556355543817209 -0.0013704733029387109 0.034655263537282925 -0.041492232861389769 0.020967736475247932 -0.049567444675615996 0.078577727473686715 -0.0028272468140474556 -0.074375526305100567 0.0018265419971652543 -0.047318291762119415 0.062591068578960518 -0.014045912005029226 0.052516975158599051
leaf_weight=55.609858553209051 4.0135896259016519 56.930050772229151 2.2561900063883504 0.56051243003457862 3.4749909488018611 0.57655570382485244 0.073568295687437057 4.8043378849251894 0.14068632060661901 109.73813412443269 0.78535799169912834 0.47479191422462363 4.8922853078693151 0.34161745011806477
leaf_count=9257 398 4018 45 20 90 100 2 580 9 3681 32 2 136 11
internal_value=0.000551196 0.00122536 0.0105323 0.00654341 0.00860128 0.00412896 -0.0350665 0.00697337 0.0183076 0.000370752 -0.0021481 -0.000841451 -0.0146094 -0.00970134
internal_weight=244.673 189.063 15.9004 13.6442 13.0837 9.60874 0.650124 8.95861 4.15428 173.162 63.4241 57.4048 6.01926 5.2339
internal_count=18381 9124 1244 1199 1179 1089 102 987 407 7880 4199 4020 179 147
is_linear=0
shrinkage=0.04


Tree=226
num_leaves=15
num_cat=0
split_feature=7 7 7 7 8 1 0 3 7 1 1 7 1 7
split_gain=0.139012 1.03812 0.388238 1.7939 1.7906 0.964372 0.97719 0.931876 1.11603 1.3659 1.73583 1.66539 0.88778 0.854074
threshold=0.65196481347084057 0.65736749768257152 0.71407991647720348 0.72261759638786327 0.70895385742187511 0.095454547554254546 0.41666667163372045 0.013606070075184109 0.69785863161087047 0.021980676800012592 0.022474748082458976 0.70705461502075206 0.048809524625539787 0.6899811625480653
decision_type=2 2 2 2 2 2 2 2 2 2 2 2 2 2
left_child=-1 -2 4 -4 5 6 7 8 13 -10 -11 -12 -6 -3
right_child=1 2 3 -5 12 -7 -8 -9 9 10 11 -13 -14 -15
leaf_value=-0.0013618111853119748 0.04534340727412043 -0.00014475749918120358 -0.043555119402795626 -0.00015903008641310082 -0.0037207554858873083 -0.017298534296239537 -0.058972201374286513 0.033296027978342385 -0.083483431722409324 0.072020194133049803 -0.095584904521246031 0.0073677556960920852 0.05395432579426368 0.027225741263904792
leaf_weight=148.62541659738054 0.82294195052236219 5.0558773536467907 1.5574871975113627 71.133864420640748 0.57591950939968173 3.6486681307433164 0.35777198709547597 1.9622772429138429 0.47073821607045818 0.35334239760413755 0.39485678495839216 0.69194627925753593 1.6516583394259212 2.8536823922768235
leaf_count=15692 18 167 80 2060 19 108 6 38 29 3 20 12 19 49
internal_value=-0.000606585 0.00061973 0.000213978 -0.00108884 0.00547039 0.000733874 0.00615328 0.00813076 0.00310235 -0.0243318 -0.00499704 -0.030037 0.039043 0.00973022
internal_weight=240.156 91.531 90.7081 72.6914 18.0167 15.7892 12.1405 11.7827 9.82044 1.91088 1.44015 1.0868 2.22758 7.90956
internal_count=18320 2628 2610 2140 470 432 324 318 280 64 35 32 38 216
is_linear=0
shrinkage=0.04


Tree=227
num_leaves=15
num_cat=0
split_feature=1 1 1 1 8 8 0 1 3 8 1 4 3 8
split_gain=0.226228 0.517173 0.667091 0.658838 0.622449 0.769 0.566056 0.543882 0.499543 1.28651 0.748327 0.489447 0.443834 0.449662
threshold=0.074175827205181136 0.030776515603065494 0.026671408675611023 0.032795699313282974 1.6892020702362063 1.6246455907821657 1.0000000180025095e-35 0.025978407822549347 0.011173535138368608 0.68171778321266185 0.033908046782016761 1.0000000180025095e-35 0.025984985753893856 0.67794409394264232
decision_type=2 2 2 2 2 2 2 2 2 2 2 2 2 2
left_child=1 2 7 6 5 12 -3 11 9 -5 -10 -1 13 -4
right_child=-2 3 4 8 -6 -7 -8 -9 10 -11 -12 -13 -14 -15
leaf_value=0.00077079250328144589 0.0015189849729544717 -0.01439039861230861 0.00075135430351066417 0.025385994870662131 0.053792427445358601 -0.069460095385738121 -0.068584757664072071 -0.023175012277953853 -0.081718150801887615 -0.057929485626135507 -0.0029023419397926843 -0.028730153536098545 0.038877712803423871 0.017291592231410361
leaf_weight=56.590408501127968 103.24289654777385 3.9483351628223309 6.6360008971678255 2.2966189059807216 0.4951294958591469 0.20148261170834381 0.33449373207986344 1.6234550035442215 0.19335250416770478 0.3405050633009522 61.407475585787324 0.91435435660241537 0.76181518845260221 4.3560886544873938
leaf_count=8843 3371 423 964 187 13 9 27 211 11 21 3796 287 14 117
internal_value=9.82515e-05 -0.000948723 0.0014291 -0.00343266 0.00984429 0.00802419 -0.018623 -0.000342876 -0.0024199 0.0146283 -0.00314973 0.000301713 0.00935241 0.00730614
internal_weight=243.342 140.1 71.5787 68.5208 12.4505 11.9554 4.28283 59.1282 64.238 2.63712 61.6008 57.5048 11.7539 10.9921
internal_count=18294 14923 10458 4465 1117 1104 450 9341 4015 208 3807 9130 1095 1081
is_linear=0
shrinkage=0.04


Tree=228
num_leaves=15
num_cat=0
split_feature=8 8 8 7 3 4 8 1 1 0 1 8 7 7
split_gain=0.20354 0.315428 0.212126 0.228974 0.205961 0.923818 0.667482 0.559521 1.26854 1.2026 0.560754 0.384785 1.04923 0.827863
threshold=2.5955792665481572 2.5572814941406254 2.5429651737213139 0.89101329445838939 0.011696309782564642 1.0000000180025095e-35 2.1057972908020024 0.030776515603065494 0.033908046782016761 0.080128207802772536 0.027402402833104137 0.78002032637596141 0.77199336886405956 0.74512207508087169
decision_type=2 2 2 2 2 2 2 2 2 2 2 2 2 2
left_child=1 2 3 4 5 11 -7 9 -9 -6 -11 12 13 -1
right_child=-2 -3 -4 -5 7 6 -8 8 -10 10 -12 -13 -14 -15
leaf_value=0.00064641757560620911 -0.034716953601761996 0.044938132401821373 -0.037523296341414762 -0.038428597122131515 -0.065178126789414897 -0.039728222213657176 0.055429709711729357 -0.061534090188792377 0.0010210733260454811 0.0092956877089346197 0.037609801681855383 -0.0056797331019808285 0.036408618936198359 -0.042527817239647332
leaf_weight=59.479763588875358 0.26445330679416557 0.25409259786829252 0.23641568515449662 0.24294763104990025 0.29149657371453841 1.4193250733951561 0.12863127142190922 0.5204194076359262 155.13244705757825 3.505085370852612 1.6440885802730916 18.502841166802682 1.3031804207712401 0.71919906826224078
leaf_count=10700 7 18 5 16 29 416 2 35 6288 123 37 561 27 59
internal_value=0.000356201 0.000394311 0.000347758 0.00038462 0.000423481 -0.00121441 -0.0318208 0.00125266 0.000811923 0.0138617 0.0183361 -0.000622229 0.000899315 0.000130614
internal_weight=243.644 243.38 243.126 242.889 242.646 81.5529 1.54796 161.094 155.653 5.44067 5.14917 80.005 61.5021 60.199
internal_count=18323 18316 18298 18293 18277 11765 418 6512 6323 189 160 11347 10786 10759
is_linear=0
shrinkage=0.04


Tree=229
num_leaves=15
num_cat=0
split_feature=1 3 1 1 1 1 1 7 7 8 7 8 3 0
split_gain=0.294499 0.646166 0.496038 0.307273 0.377243 0.768755 0.372108 0.860983 1.98756 0.549025 0.626329 0.450986 0.450848 0.496855
threshold=0.0089687905274331587 0.0056980550289154061 0.0092167854309082049 0.010152545757591726 0.028174603357911113 0.026671408675611023 0.022474748082458976 0.69785863161087047 0.74701264500617992 0.69696003198623668 0.68226009607315075 1.5761188268661501 0.025126799941062931 0.22500000149011615
decision_type=2 2 2 2 2 2 2 2 2 2 2 2 2 2
left_child=1 -1 -2 -4 5 6 12 9 -9 10 -8 -10 13 -5
right_child=2 -3 3 4 -6 -7 7 8 11 -11 -12 -13 -14 -15
leaf_value=0.0059682598274378787 0.034330070827332027 -0.065857253068732649 -0.016968113344888552 0.0030661778630656921 -0.00073147104375271567 0.01842960352881581 0.0029740027312827994 -0.077842764242871121 -0.015527565304622308 0.06206896352748148 -0.051405743952029043 0.020994025060799705 0.034230130636574353 -0.052468411274448928
leaf_weight=0.48439057779614714 0.67839757246838317 0.34182549330580514 1.6801604141946871 43.856791861442616 178.32590636281384 4.7133095422104807 7.4754407765140041 0.77729514241218511 1.8973557942081245 0.23887088708579529 0.35497354809194792 0.75675062416121353 0.7396323112770905 0.25928835105150838
leaf_count=173 94 121 637 6890 8492 446 1304 42 72 5 11 28 12 15
internal_value=9.27513e-05 -0.0237477 0.000174228 7.8112e-05 0.000197748 0.0029111 0.00161323 -0.00480581 -0.0215891 0.00233116 0.000508824 -0.00511437 0.00325903 0.00273978
internal_weight=242.58 0.826216 241.754 241.076 239.396 61.0697 56.3564 11.5007 3.4314 8.06929 7.83041 2.65411 44.8557 44.1161
internal_count=18342 294 18048 17954 17317 8825 8379 1462 142 1320 1315 100 6917 6905
is_linear=0
shrinkage=0.04


Tree=230
num_leaves=15
num_cat=0
split_feature=1 6 1 8 1 6 7 1 6 1 1 1 6 3
split_gain=0.189552 0.447624 0.305944 0.491244 0.295226 0.639697 0.216742 0.582348 0.977692 0.634191 0.577206 0.57594 1.27573 0.862691
threshold=0.0088890646584332007 1.0000000180025095e-35 0.0092167854309082049 0.73201096057891857 0.0091326101683080214 1.0000000180025095e-35 0.65196481347084057 0.29166667163372045 1.0000000180025095e-35 0.13392857462167743 0.41666667163372045 0.18333333730697635 1.0000000180025095e-35 0.031529305502772338
decision_type=2 2 2 2 2 2 2 2 2 2 2 2 2 2
left_child=1 -1 3 4 5 -2 7 9 -9 -4 -10 12 13 -11
right_child=2 -3 6 -5 -6 -7 -8 8 10 11 -12 -13 -14 -15
leaf_value=-0.052151852118169827 -0.051128641156172772 0.017069753386324566 -0.0005769885866764642 -0.033064109555933995 0.073832828631068881 0.05148457462876959 0.0017245385253601561 0.0027285308628912752 0.0068971154329939954 -0.031941312607394787 0.051780438659486609 -0.0025256249066134087 0.0069187224349011858 0.025970349824369545
leaf_weight=0.34400913015269807 0.14060732530197029 0.2643073033541441 110.57841047557304 0.19256840832531452 0.25105873934808187 0.31490588188171387 92.005679453723133 19.257438904140148 0.79026013519614835 5.1166755771264452 1.0918080182746051 11.073781362385487 2.5421718342695385 0.44757043570280064
leaf_count=262 88 5 14229 10 26 2 2593 410 18 305 13 360 62 5
internal_value=0.000224903 -0.0220758 0.000280545 0.0235703 0.0390054 0.01981 0.000194335 -0.000738661 0.00541779 -0.00174163 0.0329344 -0.00845609 -0.0165574 -0.0272831
internal_weight=244.411 0.608316 243.803 0.89914 0.706572 0.455513 242.904 150.898 21.1395 129.759 1.88207 19.1802 8.10642 5.56425
internal_count=18388 267 18121 126 116 90 17995 15402 441 14961 31 732 372 310
is_linear=0
shrinkage=0.04


Tree=231
num_leaves=15
num_cat=0
split_feature=8 8 1 7 1 8 8 1 8 1 1 6 1 8
split_gain=0.337751 0.285239 0.291661 0.704591 1.04396 0.657077 0.491582 0.686928 1.03223 0.671433 1.18214 0.518666 0.859452 0.545824
threshold=2.5955792665481572 2.5572814941406254 0.030776515603065494 0.8892553746700288 0.028174603357911113 1.5523229837417605 0.83555287122726452 0.018693221732974056 1.5188317298889162 0.018019480630755428 0.017095265910029415 1.0000000180025095e-35 0.011561079882085325 1.5456029176712038
decision_type=2 2 2 2 2 2 2 2 2 2 2 2 2 2
left_child=1 2 3 6 5 -5 -1 9 -9 10 11 12 -8 -14
right_child=-2 -3 -4 4 -6 -7 7 8 -10 -11 -12 -13 13 -15
leaf_value=0.0020108761578177263 -0.044479801397405823 0.044954344255737307 -0.00078206661562979355 -0.0037550366279557683 0.045834369891240685 0.021375447414704502 0.029481344310775769 -0.052447532612811119 -0.00088041412153041794 0.051379892794751247 -0.07496404326169924 0.014960275170507985 -0.079551202688553105 -0.0044652650361857787
leaf_weight=56.557541623762518 0.27152172103524108 0.22721121041104098 170.27246527533862 3.8807978921104205 1.3252426115795968 2.9151837546378374 0.35529331257566843 1.21701434860006 1.2683830745518205 0.38027583435177792 0.34386811638250936 2.0187188610434532 0.37064884975552559 0.26611729059368372
leaf_count=10072 6 15 7808 105 20 80 10 50 36 5 13 43 18 9
internal_value=0.000107589 0.000157741 0.000115537 0.00227124 0.0133579 0.00702486 0.000837017 -0.00983616 -0.0261311 0.00100726 -0.00470287 0.00332182 -0.020361 -0.0481713
internal_weight=241.67 241.399 241.172 70.8991 8.12122 6.79598 62.7779 6.22032 2.4854 3.73492 3.35465 3.01078 0.992059 0.636766
internal_count=18290 18284 18269 10461 205 185 10256 184 86 98 93 80 37 27
is_linear=0
shrinkage=0.04


Tree=232
num_leaves=15
num_cat=0
split_feature=8 8 8 7 8 1 7 7 8 7 7 8 7 7
split_gain=0.549724 0.309331 0.311226 0.726419 0.65425 0.668881 0.493652 1.23325 1.08011 0.813022 0.977195 0.645594 0.597528 0.920718
threshold=2.5955792665481572 2.5572814941406254 1.6140992045402529 0.89101329445838939 1.6568480730056765 0.22500000149011615 0.76598063111305248 0.74810978770256054 1.4826412200927737 0.76811915636062633 0.77199336886405956 1.4770575761795046 0.78002032637596141 0.78077834844589245
decision_type=2 2 2 2 2 2 2 2 2 2 2 2 2 2
left_child=1 2 3 6 5 -4 7 11 -9 -8 -11 -1 -12 -14
right_child=-2 -3 4 -5 -6 -7 9 8 -10 10 12 -13 13 -15
leaf_value=7.3368596655467756e-05 -0.044040940995527099 0.044483995441053407 -0.031022346405869573 -0.096532114244006026 -0.0011579269046941617 0.026934108554759157 0.032808967193363701 -0.060706521879622388 0.0081047957831015677 -0.053813608546549534 0.021251702214786828 -0.069308640003076225 -0.052660834909121483 0.0033988197109016786
leaf_weight=183.34374574880349 0.44955298863351245 0.25248718401417036 2.3686873400583859 0.1233095838688304 10.01365398080088 0.36813215585425485 1.5613191248849023 0.9989450389984984 0.57510167825967073 0.47217158693820138 2.9961907488759598 0.21482979413121839 0.47481747390702267 36.711428764276206
leaf_count=16653 8 19 71 14 327 11 37 71 14 34 65 6 25 985
internal_value=0.000150295 0.000232908 0.000186397 0.000527269 -0.00589484 -0.0232266 0.000579912 -0.000310152 -0.0355653 0.00448318 0.00339534 -7.8334e-06 0.00406758 0.00268301
internal_weight=240.924 240.475 240.222 227.472 12.7505 2.73682 227.349 185.133 1.57405 42.2159 40.6546 183.559 40.1824 37.1862
internal_count=18340 18332 18313 17904 409 82 17890 16744 85 1146 1109 16659 1075 1010
is_linear=0
shrinkage=0.04


Tree=233
num_leaves=15
num_cat=0
split_feature=3 8 3 8 8 3 3 3 3 6 3 8 7 7
split_gain=0.222082 0.208963 0.695363 0.426455 0.8469 0.538025 0.750933 0.692722 0.651132 0.473789 0.346483 0.565824 0.877037 1.8701
threshold=0.0056338498834520587 2.1174428462982182 0.0077221249230206021 1.6568480730056765 1.6417425870895388 0.030320434831082824 0.013793759979307653 0.0080322599969804304 0.028175914660096172 1.0000000180025095e-35 0.013423420023173096 1.502380967140198 0.83336618542671215 0.80723297595977794
decision_type=2 2 2 2 2 2 2 2 2 2 2 2 2 2
left_child=-1 3 -3 4 10 6 7 -5 -8 -9 11 -2 13 -13
right_child=1 2 -4 5 -6 -7 8 9 -10 -11 -12 12 -14 -15
leaf_value=-0.049969498705773496 -0.0014561623350954095 0.033451240607119646 -0.012885376140732019 -0.022164535162242142 -0.039935019804937369 0.04195915168494823 -0.049511504165640333 0.039867776355699068 0.018035152291808777 0.00041850439667355321 0.0011265134667974813 0.0079374502660007271 -0.0016682367499937739 -0.083186196330315709
leaf_weight=0.14511320577730558 106.98240392663502 0.57778020855039258 5.0236453028628603 0.59268574928864826 0.86927980720065434 0.78538487816695113 0.61779806949198235 1.4482953036203983 0.36221508029848337 0.73396749887615431 118.30751950270496 0.66296155564486914 2.2353402748703957 0.7894464423879981
leaf_count=119 13723 14 204 18 30 39 17 21 14 18 3950 17 62 27
internal_value=-0.000500584 -0.000470672 -0.00810581 -0.000288206 -0.000528009 0.0118514 0.00555408 0.0161844 -0.0245461 0.0265997 -0.000378406 -0.00198718 -0.0173922 -0.0415922
internal_weight=240.134 239.989 5.60143 234.387 229.847 4.54035 3.75496 2.77495 0.980013 2.18226 228.978 110.67 3.68775 1.45241
internal_count=18273 18154 218 17936 17809 127 88 57 31 39 17779 13829 106 44
is_linear=0
shrinkage=0.04


Tree=234
num_leaves=15
num_cat=0
split_feature=4 3 3 1 0 8 0 3 1 7 0 7 1 1
split_gain=0.296529 0.860847 1.13843 1.16698 0.779385 0.6456 0.416959 0.825386 0.838438 0.541093 0.621721 0.794015 0.858136 0.954976
threshold=1.0000000180025095e-35 0.025399639271199707 0.028290714137256149 0.080128207802772536 1.0000000180025095e-35 1.4093438982963564 0.22500000149011615 0.030816650018095974 0.41666667163372045 0.81831201910972606 0.095454547554254546 0.8582751750946046 0.75000000000000011 0.29166667163372045
decision_type=2 2 2 2 2 2 2 2 2 2 2 2 2 2
left_child=-1 4 5 -4 -2 -3 9 -8 -9 -5 -11 -12 13 -13
right_child=1 2 3 6 -6 -7 7 8 -10 10 11 12 -14 -15
leaf_value=-0.0009985565884802006 -0.0025958018199539897 0.031534514821423533 -0.055513952353824073 0.0049314360623364866 -0.045424189213123432 -0.012372604416638532 0.046014624188819228 -0.0044039315653634096 0.027115868592898985 0.015557688949818694 -0.066149986384673606 0.00055907866099311578 0.043876114428022472 -0.072988939169462738
leaf_weight=198.02668073618406 16.020494965199763 3.8893752952571985 0.52500727120787161 11.310102828312667 0.70997144974535231 0.62142231594771136 1.0279552261345077 3.6886089858599007 2.1300071887671947 0.80664394982159082 0.56848903768695924 0.75394770922139265 0.35350387962535013 0.45169946365058422
leaf_count=16396 1120 86 20 213 70 14 30 101 142 12 15 26 17 12
internal_value=-0.000345667 0.00267108 0.0072076 0.00339333 -0.00441326 0.0254857 0.00485969 0.012972 0.00713445 0.000960508 -0.0143453 -0.0256823 -0.0109272 -0.0269959
internal_weight=240.884 42.8572 26.1268 21.616 16.7305 4.5108 21.091 6.84657 5.81862 14.2444 2.93428 2.12764 1.55915 1.20565
internal_count=18274 1878 688 588 1190 100 568 273 243 295 82 70 55 38
is_linear=0
shrinkage=0.04


Tree=235
num_leaves=15
num_cat=0
split_feature=1 1 8 7 5 3 1 3 5 7 3 7 1 8
split_gain=0.16015 1.52143 0.770373 1.28308 0.771606 0.732794 0.590553 0.440784 0.415955 0.426685 0.998009 0.868963 0.771956 0.947323
threshold=0.030776515603065494 0.032795699313282974 1.3964423537254336 0.67048376798629772 1.0000000180025095e-35 0.024594374932348732 0.027402402833104137 0.021927075460553173 1.0000000180025095e-35 0.87776499986648571 0.010362974833697082 0.85073077678680431 0.012739370577037336 1.6579574346542361
decision_type=2 2 2 2 2 2 2 2 2 2 2 2 2 2
left_child=5 2 3 4 7 8 -7 -2 9 11 12 -1 -11 -14
right_child=1 -3 -4 -5 -6 6 -8 -9 -10 10 -12 -13 13 -15
leaf_value=-0.0019596738523869886 0.0059315812561829941 -5.4748617814868449e-05 0.011715950559730655 -0.077076607513769366 -0.048190879629058339 0.0055834555471766722 0.036539405896693314 -0.060180234706276821 0.0054702632248413039 0.01824938978782158 0.037476516364603391 -0.038686779521071364 -0.028164621939133161 0.028350213161624158
leaf_weight=39.722739450360677 1.3714162026881238 167.92174861351668 0.74645557347685088 0.8075546771287917 0.91215632541570801 2.4513027558568856 1.6495640515349803 0.18287317315116514 19.828804175420373 1.9789274921640743 1.4447041535750029 1.0581953264772881 2.0097864409908657 0.62125691445544351
leaf_count=9102 318 7446 16 42 53 66 37 22 1027 40 19 46 74 16
internal_value=2.22181e-05 -0.000636958 -0.024954 -0.0333146 -0.0189861 0.00162385 0.0180354 -0.00184694 0.000614295 -0.00144158 0.00846694 -0.00291268 -0.000624275 -0.01482
internal_weight=242.707 171.942 4.02046 3.274 2.46645 70.7653 4.10087 1.55429 66.6644 46.8356 6.05468 40.7809 4.60997 2.63104
internal_count=18324 7897 451 435 393 10427 103 340 10324 9297 149 9148 130 90
is_linear=0
shrinkage=0.04


Tree=236
num_leaves=15
num_cat=0
split_feature=6 3 1 7 7 7 7 3 7 1 1 7 8 1
split_gain=0.236931 0.578064 1.30289 0.423249 1.47198 1.55725 1.39834 1.08104 1.05031 1.01069 0.889475 0.562794 0.600518 0.655683
threshold=1.0000000180025095e-35 0.032138250768184669 0.41666667163372045 1.0000000180025095e-35 0.71407991647720348 0.71628782153129589 0.70895385742187511 0.013986699748784305 0.65736749768257152 0.074175827205181136 0.042572464793920524 0.70010116696357738 0.69696003198623668 0.057189542800188072
decision_type=2 2 2 2 2 2 2 2 2 2 2 2 2 2
left_child=3 2 -2 -1 6 -6 7 9 -9 10 -5 12 13 -10
right_child=1 -3 -4 4 5 -7 -8 8 11 -11 -12 -13 -14 -15
leaf_value=-0.0023956159520774649 0.0014277865092020452 -0.037921778547907854 0.039381017962222466 0.020753199956731829 -0.082610029229114257 -0.00093917092924806881 0.051538768576904932 0.044654567769616779 0.028403339667676348 0.065967561652995887 -0.018967587644874398 -0.048175438589103461 0.026702302048668011 -0.02256167243338033
leaf_weight=97.761882658149261 85.29359796634526 0.5821306686848392 1.4721824480220664 5.4627451788401213 0.376835270319133 42.792512101790635 1.3866440816782404 0.5891999783925711 0.48187898693140674 0.66456873691640783 1.0804271986708043 0.60156874544918526 0.70667133480310429 2.4957856708206236
leaf_count=13396 3077 11 22 153 25 1384 15 12 11 5 31 22 14 71
internal_value=0.000140317 0.00180521 0.00207175 -0.000801552 0.00194989 -0.00165209 0.0134942 0.00912811 -0.00541993 0.018968 0.0141944 -0.0123039 -0.00644685 -0.0143139
internal_weight=241.749 87.3479 86.7658 154.401 56.6388 43.1693 13.4695 12.0828 4.8751 7.20774 6.54317 4.2859 3.68434 2.97766
internal_count=18249 3110 3099 15139 1743 1409 334 319 130 189 184 118 96 82
is_linear=0
shrinkage=0.04


Tree=237
num_leaves=15
num_cat=0
split_feature=5 0 3 1 0 7 7 8 1 8 7 1 1 3
split_gain=0.314017 0.644199 1.93269 0.859889 0.761115 0.698539 1.28168 1.05254 1.02829 0.64748 0.91886 0.632874 1.04455 0.624573
threshold=1.0000000180025095e-35 0.18333333730697635 0.028603389859199527 0.069047622382640853 0.22500000149011615 0.81844714283943187 0.79772290587425243 0.81525707244873058 0.033908046782016761 0.76598063111305248 0.68529570102691661 0.015504807699471714 0.028991596773266796 0.027767430059611801
decision_type=2 2 2 2 2 2 2 2 2 2 2 2 2 2
left_child=-1 5 -3 -4 -5 6 9 -8 -9 10 13 -12 -13 -2
right_child=1 2 3 4 -6 -7 7 8 -10 -11 11 12 -14 -15
leaf_value=-0.00099669018419032873 0.0028515948510019458 -0.077667999784283875 0.054150867959980219 0.039669137461967784 -0.019835717583453389 0.015294003111616557 -0.0044076212637938561 -0.10213069750489238 -0.020622638071776809 0.020221598793077323 -0.063942322473844224 0.018260565260876646 -0.024746977347473616 0.027352205007060575
leaf_weight=186.27194481558399 32.157792964811961 0.62976372521370594 0.40101971593685481 0.41854136250913176 1.9292083473410455 7.0179616366513065 1.4059956520795815 0.45884534064680327 0.53803256899118423 3.3451592433266333 0.38869885145686467 1.3498562299646435 2.7329252427443862 1.7556365402415384
leaf_count=16331 1509 20 8 14 60 191 22 15 14 60 18 27 62 34
internal_value=-0.000215154 0.00245456 -0.0144622 1.87388e-05 -0.00922758 0.00357192 0.00170789 -0.0266993 -0.0581394 0.00334361 0.00187273 -0.015171 -0.0105277 0.00411995
internal_weight=240.801 54.5294 3.37853 2.74877 2.34775 51.1509 44.1329 2.40287 0.996878 41.7301 38.3849 4.47148 4.08278 33.9134
internal_count=18385 2054 102 82 74 1952 1761 51 29 1710 1650 107 89 1543
is_linear=0
shrinkage=0.04


Tree=238
num_leaves=15
num_cat=0
split_feature=3 3 4 1 0 8 1 1 3 8 8 8 1 3
split_gain=0.36808 0.205617 0.392674 0.68394 0.448604 0.194276 0.165942 0.818919 0.705726 0.483098 0.495822 0.508546 1.0441 0.539058
threshold=0.032654680311679847 0.032138250768184669 1.0000000180025095e-35 0.41666667163372045 0.75000000000000011 0.68356719613075267 0.030776515603065494 0.026671408675611023 0.025791729800403122 1.6534048318862917 0.89101329445838939 0.6899811625480653 0.028174603357911113 0.010582310147583486
decision_type=2 2 2 2 2 2 2 2 2 2 2 2 2 2
left_child=1 6 3 -3 -4 -5 7 -1 9 10 11 12 -9 -14
right_child=-2 2 4 5 -6 -7 -8 8 -10 -11 -12 -13 13 -15
leaf_value=-0.00053203917712907941 0.019684443549572578 0.017534864866753878 0.02518630050867492 -0.020441680117111016 -0.035303202194317318 -0.046991320001101802 -0.00086861499834099763 0.019795232594986868 0.042989164703892781 0.051194862885952021 -0.033388611986997468 0.021202655921581163 -0.045476823569588591 -0.0050280659274380361
leaf_weight=57.530657590945339 1.4801823359448452 0.62539928918704335 0.80424267565831564 1.1246912255883215 0.25944896461442113 0.72541196644306172 165.74597063974215 3.0179021323201543 1.0061865414027114 0.39947162475437004 0.47884427895769555 3.2920733118662611 0.62772171403776189 3.290746674836555
leaf_count=9388 55 13 64 24 18 15 7632 390 19 12 18 86 179 388
internal_value=-0.000200872 -0.000324063 -0.00989373 -0.0186275 0.0104321 -0.0308516 -0.000180178 0.00145824 0.0109111 0.00800511 0.00639377 0.00825618 0.00211165 -0.0115078
internal_weight=240.409 238.929 3.53919 2.4755 1.06369 1.8501 235.39 69.6436 12.1129 11.1068 10.7073 10.2284 6.93637 3.91847
internal_count=18301 18246 134 52 82 39 18112 10480 1092 1073 1061 1043 957 567
is_linear=0
shrinkage=0.04


Tree=239
num_leaves=15
num_cat=0
split_feature=8 8 8 7 8 7 7 7 7 1 1 6 1 8
split_gain=0.287459 0.183673 0.204485 1.54847 0.960579 0.696115 1.21461 0.516531 0.736707 1.47161 0.802288 0.386081 0.661939 0.593587
threshold=2.5572814941406254 2.5429651737213139 0.87403500080108654 0.86642786860466015 0.88132035732269298 0.85450997948646557 0.85073077678680431 0.84717625379562389 0.82862794399261486 0.016261236742138866 0.051315790042281158 1.0000000180025095e-35 0.010152545757591726 1.4215819239616396
decision_type=2 2 2 2 2 2 2 2 2 2 2 2 2 2
left_child=1 2 3 5 -4 6 7 8 -1 -10 -11 12 -6 -13
right_child=-2 -3 4 -5 11 -7 -8 -9 9 10 -12 13 -14 -15
leaf_value=0.00023247708784224796 0.034307331221147937 -0.034475542621680122 0.036178065512644277 -0.07319488004309134 -0.052630750934599069 0.031938610991199552 -0.092543455366273022 0.064703920325088676 0.036144316416623419 -0.086986045743967219 -0.022443380582779074 0.0061134193526733317 0.0057184265030445569 -0.0098731377196245914
leaf_weight=196.04911405476741 0.40220873337238927 0.24050221405923267 1.3547083511948574 0.46180062182247539 0.31503696553409355 1.0951769347302605 0.22684989194385607 0.19761159271001716 0.45408177748322387 0.50402925023809053 0.79289244976826012 6.4533130140043786 24.749327941797674 8.7614906786475313
leaf_count=17049 24 5 24 30 18 26 14 2 10 31 23 139 691 248
internal_value=0.000519435 0.000463199 0.000498005 -3.34342e-05 0.00304814 0.000136072 -3.96345e-05 6.6349e-05 1.77302e-06 -0.0258287 -0.0475269 0.00193388 0.00498503 -0.00309249
internal_weight=242.058 241.656 241.415 199.782 41.6339 199.32 198.225 197.998 197.8 1.751 1.29692 40.2792 25.0644 15.2148
internal_count=18334 18310 18305 17185 1120 17155 17129 17115 17113 64 54 1096 709 387
is_linear=0
shrinkage=0.04


Tree=240
num_leaves=15
num_cat=0
split_feature=3 8 8 8 3 7 7 0 8 0 1 3 7 1
split_gain=0.388644 0.492843 1.20777 0.840347 0.500458 0.363993 0.505129 0.411105 0.733873 0.686244 1.19228 0.769155 0.566084 1.06023
threshold=0.032138250768184669 1.4605516195297243 1.6579574346542361 0.80723297595977794 0.032394465059041984 0.65196481347084057 0.66230651736259472 0.15476191043853763 2.3851190805435185 0.064583335071802153 0.29166667163372045 0.030600344762206081 0.67651858925819408 0.018019480630755428
decision_type=2 2 2 2 2 2 2 2 2 2 2 2 2 2
left_child=5 3 -3 4 -2 -1 -7 9 -9 12 -11 -12 13 -8
right_child=1 2 -4 -5 -6 6 7 8 -10 10 11 -13 -14 -15
leaf_value=-0.00076557149422003452 -0.031976552898443658 -0.096342062458753125 0.041123170375702962 0.026103296273229805 -0.0035545763439214961 0.020576986263727889 0.016716653640183085 -0.0068063144217887818 0.037210806342830666 0.020202245472909004 -0.041599562500604294 0.0043122305768033779 0.0020098105958569136 -0.066928817936707241
leaf_weight=147.51441351335961 1.6184396166354407 0.30311333155259479 0.15432948211673647 1.0092093965504316 2.5578268554527313 2.397565873572602 0.44679788837674905 12.252968842978586 0.63756919268053103 8.0049770402256382 0.86929237004369442 1.7778733810409901 62.989415211020969 0.53014034044463187
leaf_count=15604 51 16 27 39 66 47 22 355 36 161 19 44 1789 48
internal_value=0.000210559 -0.0101643 -0.0499648 -0.00665328 -0.014569 0.000457145 0.00246332 0.00196704 -0.00462922 0.00310656 0.0125067 -0.0107646 0.00154119 -0.028674
internal_weight=243.064 5.64292 0.457443 5.18548 4.17627 237.421 89.9066 87.509 12.8905 74.6185 10.6521 2.64717 63.9664 0.976938
internal_count=18324 199 43 156 117 18125 2521 2474 391 2083 224 63 1859 70
is_linear=0
shrinkage=0.04


Tree=241
num_leaves=15
num_cat=0
split_feature=8 8 8 7 7 7 7 0 8 8 7 0 0 7
split_gain=0.529969 0.249765 0.310576 0.232671 1.0138 0.991198 1.00225 0.78674 0.627034 0.527608 1.01407 0.461135 0.63533 0.749243
threshold=2.5955792665481572 2.5572814941406254 2.5429651737213139 0.77769252657890331 0.77690324187278759 0.78002032637596141 0.78077834844589245 0.11805555596947671 0.78402599692344677 0.80723297595977794 0.79645448923110973 0.095454547554254546 0.064583335071802153 0.83336618542671215
decision_type=2 2 2 2 2 2 2 2 2 2 2 2 2 2
left_child=1 2 3 4 -1 -5 7 -7 -8 10 -10 12 -11 -14
right_child=-2 -3 -4 5 -6 6 8 -9 9 11 -12 -13 13 -15
leaf_value=-0.00062728180004595184 -0.047561698872385309 0.044180001052841408 -0.04592577112127641 0.03284949508727994 -0.097474020339558431 -0.090616530885336721 0.035581731699736899 0.011978392565229614 0.0025571078910290317 0.0028938320366153161 -0.082563108783082303 -0.0051820222376389559 -0.009482593228969995 0.045301329825116816
leaf_weight=189.65367103253448 0.37671969644725223 0.20381610421463747 0.2365892929956307 1.6480696049984533 0.17310102446935971 0.33419440989382465 0.86867980007082124 0.18623559549450874 0.62742994027212162 33.520254692295566 0.34821723430650309 11.178234001854433 0.59587454330176015 1.2115550199523566
leaf_count=16891 7 18 5 27 10 21 24 5 27 888 28 375 12 18
internal_value=-0.000155321 -8.11517e-05 -0.000118649 -7.35576e-05 -0.000715595 0.00233893 0.00131002 -0.053903 0.00190432 0.00128819 -0.0278231 0.00189891 0.00413943 0.0272401
internal_weight=241.163 240.786 240.582 240.346 189.827 50.5187 48.8707 0.52043 48.3502 47.4816 0.975647 46.5059 35.3277 1.80743
internal_count=18356 18349 18331 18326 16901 1425 1398 26 1372 1348 55 1293 918 30
is_linear=0
shrinkage=0.04


Tree=242
num_leaves=15
num_cat=0
split_feature=0 7 3 3 8 3 3 7 3 3 8 3 4 7
split_gain=0.239127 0.550805 0.56159 0.439553 0.345264 1.12666 0.333748 0.643791 0.311439 0.225128 0.184903 0.245782 0.22125 0.453119
threshold=0.75000000000000011 0.8892553746700288 0.031766045838594444 0.030446350574493412 0.9763699769973756 0.032394465059041984 0.028393074870109562 1.0000000180025095e-35 0.026148115284740928 0.030446350574493412 0.69696003198623668 0.032654680311679847 1.0000000180025095e-35 0.73887839913368236
decision_type=2 2 2 2 2 2 2 2 2 2 2 2 2 2
left_child=-1 2 6 -3 -5 -6 8 9 -2 -8 11 -4 -12 -14
right_child=1 3 10 4 5 -7 7 -9 -10 -11 12 -13 13 -15
leaf_value=-0.00090185093340998585 0.025992652276756401 -0.053464870453472424 -0.014913958984980512 0.01460495854986827 0.024958017578934153 -0.11769675229108861 0.02718388311042608 0.054274712728039888 -0.019253732976503707 0.0050173351901017724 0.04460852070587068 0.0068840164887206592 0.048408620073254111 -0.070683258175449459
leaf_weight=231.16702351069398 0.39308033417910138 0.3994753761216987 1.932485034456477 0.6148946201428771 0.21241002227179706 0.15194788866210729 1.3144558335188783 0.85132018662989128 0.63921866333112121 1.6574633521959183 0.27267449628561724 1.4476064139744267 0.10346245742402971 0.10103568038903177
leaf_count=18111 9 5 45 16 16 11 20 21 19 29 10 28 8 12
internal_value=-0.000638734 0.00538849 0.00910591 -0.0181035 -0.00367824 -0.0345332 0.0181572 0.0236065 -0.00202475 0.0148214 -0.00228792 -0.00557845 0.0210208 -0.0104307
internal_weight=241.259 10.0915 8.7128 1.37873 0.979253 0.364358 4.85554 3.82324 1.0323 2.97192 3.85726 3.38009 0.477173 0.204498
internal_count=18360 249 201 48 43 27 98 70 28 49 103 73 30 20
is_linear=0
shrinkage=0.04


Tree=243
num_leaves=15
num_cat=0
split_feature=3 1 8 7 8 7 7 1 1 7 7 5 7 1
split_gain=0.218606 0.761691 0.703181 0.694919 0.466055 0.710616 0.593361 0.354418 0.391749 0.373994 0.57768 0.395606 0.624259 0.346559
threshold=0.0070672251749783763 0.013072453904896976 1.5188317298889162 0.77961143851280224 0.69785863161087047 0.68529570102691661 0.70010116696357738 0.013606071937829258 0.013986697886139156 0.87535640597343456 0.71882361173629772 1.0000000180025095e-35 0.71165418624877941 0.011173533275723459
decision_type=2 2 2 2 2 2 2 2 2 2 2 2 2 2
left_child=4 2 3 13 5 -1 -6 -3 9 10 11 12 -9 -2
right_child=1 7 -4 -5 6 -7 -8 8 -10 -11 -12 -13 -14 -15
leaf_value=0.0017459396589427376 0.024828713814826466 0.016061882695101913 -0.082943361935973375 0.028037337160853645 0.063287326651138051 -0.059426809534470743 0.011049600695579554 -0.054361134714610231 0.0007467335897351409 0.033729521340869095 -0.092604461917276046 0.013199906565836842 0.075407266158855027 -0.03132842174088829
leaf_weight=5.6585688807972456 0.1968795082066207 2.4029312142301924 0.26344010606408108 0.49558928608894337 0.37323964294046152 0.32107610523235042 5.1271593880956061 0.48848908068612107 224.2329574861069 0.17361395340412844 0.19195673894137144 0.40961839520605281 0.067509643733501434 1.6443658965290522
leaf_count=2170 10 341 9 12 3 19 150 193 14886 5 14 22 1 505
internal_value=0.000803773 0.000535539 -0.0209911 -0.014007 0.00619104 -0.00153872 0.0145943 0.00078108 0.000618294 -0.0210168 -0.0292277 -0.0166289 -0.0386046 -0.0253237
internal_weight=242.047 230.567 2.60027 2.33683 11.48 5.97964 5.5004 227.967 225.564 1.33119 1.15757 0.965617 0.555999 1.84125
internal_count=18340 15998 536 527 2342 2189 153 15462 15121 235 230 216 194 515
is_linear=0
shrinkage=0.04


Tree=244
num_leaves=15
num_cat=0
split_feature=7 7 7 1 3 3 8 8 1 0 3 3 1 3
split_gain=0.158528 0.577639 2.16934 1.70128 1.01838 1.00737 1.00633 0.859298 0.688323 0.558561 0.887999 0.548684 0.576119 0.541724
threshold=0.65196481347084057 0.71407991647720348 0.72402209043502819 0.41666667163372045 0.011428945232182743 0.027410119771957401 0.70895385742187511 0.72414132952690136 0.04446640424430371 0.069047622382640853 0.013793759979307653 0.0074350500945001849 0.0092167854309082049 0.0066007350105792293
decision_type=2 2 2 2 2 2 2 2 2 2 2 2 2 2
left_child=11 3 4 6 -3 9 13 -4 -8 10 -6 12 -1 -2
right_child=1 2 7 -5 5 -7 8 -9 -10 -11 -12 -13 -14 -15
leaf_value=0.018374675179380774 0.034688330093974463 -0.087852936990070254 0.056764083027382561 -0.04053727392975217 0.0091549215814155007 -0.062603208321991413 -0.0026239574304910431 0.00029366058075441521 0.051766708226982469 0.037816773999297525 -0.079955013001900249 -0.00062608077214107763 -0.016900008255194571 0.0049307420601596074
leaf_weight=0.84948032281681563 1.0508336863131322 0.51595165824983213 0.43382770195603271 1.1170680930372316 0.52964794030413009 0.69550802279263724 0.50339832529425521 69.683101191185415 1.4292014078237114 0.38256494328379631 0.27021418791264296 143.39321557740914 5.7908470031470642 14.282905320404096
leaf_count=348 34 40 5 32 21 15 18 2042 17 5 17 12890 2480 371
internal_value=-0.000347999 0.000970245 -0.000635334 0.00730323 -0.0380793 -0.0244043 0.0103983 0.000643055 0.0375992 -0.00193561 -0.0209487 -0.00114662 -0.0123874 0.00697005
internal_weight=240.928 90.8942 72.5108 18.3834 2.39389 1.87794 17.2663 70.1169 1.9326 1.18243 0.799862 150.034 6.64033 15.3337
internal_count=18335 2617 2145 472 98 58 440 2047 35 43 38 15718 2828 405
is_linear=0
shrinkage=0.04


Tree=245
num_leaves=15
num_cat=0
split_feature=3 3 8 0 8 8 8 0 3 8 4 3 8 8
split_gain=0.453432 0.738766 0.871367 0.638681 0.399553 0.761265 0.372666 0.287205 0.662623 0.458652 0.295403 0.700695 0.232362 0.540684
threshold=0.030947909690439705 0.031039469875395301 0.72491174936294567 0.13392857462167743 2.4054820537567143 2.4311239719390874 2.3851190805435185 0.22500000149011615 0.031766045838594444 2.2442642450332646 1.0000000180025095e-35 0.031299686059355743 1.0000000180025095e-35 0.71407991647720348
decision_type=2 2 2 2 2 2 2 2 2 2 2 2 2 2
left_child=4 2 -2 -3 6 -6 12 8 10 -9 -5 -12 -1 -14
right_child=1 3 -4 7 5 -7 -8 9 -10 -11 11 -13 13 -15
leaf_value=-0.00011323741793425276 -0.067465557720625693 0.046108244263291145 0.0023629221074251759 0.0079676071185740931 -0.077214450022501741 -0.0067314225644504611 0.045255532091360941 -0.003630254922507902 -0.063817960686046366 0.035521624336612934 -0.060139309606953816 -0.0032131461041439817 0.0088954761053569049 0.00088942341506990886
leaf_weight=136.80833593174611 0.6434718021191681 0.40568627230823295 0.51458308985456824 1.0593189764767916 0.28938100207596917 1.6052144719287751 0.30335825122892757 15.500685082748529 0.39842530991882075 0.49399561388418156 0.47675934992730629 1.2610050835646687 17.151166686438955 63.342317246686434
leaf_count=15376 24 10 18 22 7 61 7 419 15 36 19 25 427 1803
internal_value=0.000258344 -0.00539295 -0.0364372 -0.00355833 0.00079268 -0.017497 0.00095192 -0.0046083 -0.0155563 -0.00242105 -0.00868173 -0.018831 0.000890071 0.00259531
internal_weight=240.254 20.7539 1.15805 19.5959 219.5 1.8946 217.605 19.1902 3.19551 15.9947 2.79708 1.73776 217.302 80.4935
internal_count=18269 588 42 546 17681 68 17613 536 81 455 66 44 17606 2230
is_linear=0
shrinkage=0.04


Tree=246
num_leaves=15
num_cat=0
split_feature=8 0 8 1 7 1 8 8 7 3 0 6 8 7
split_gain=0.230617 1.10658 0.515753 0.482256 0.594024 0.667264 0.412514 0.27942 0.75865 0.696393 0.828195 0.586859 0.500773 0.981067
threshold=2.4054820537567143 0.15476191043853763 2.3851190805435185 0.069047622382640853 0.8892553746700288 0.018693221732974056 2.4263527393341069 1.3731684088706972 0.89101329445838939 0.027217179536819461 0.15476191043853763 1.0000000180025095e-35 1.3787989020347597 0.74264433979988109
decision_type=2 2 2 2 2 2 2 2 2 2 2 2 2 2
left_child=2 3 7 4 -2 -6 -5 8 -1 12 11 -11 -9 -14
right_child=1 -3 -4 6 5 -7 -8 9 -10 10 -12 -13 13 -15
leaf_value=-0.00018681454574433911 -0.048214858777799824 0.036200119902951015 0.046047108958635799 -0.084938485505453479 -0.033118997849724892 0.051178245393213029 -0.028741837678461918 0.044428673648333923 -0.1008305695527532 0.020249376830911738 0.0039126350689171613 0.060935812081987742 -0.030958427001741812 0.0019693291296050859
leaf_weight=215.3205660430358 0.34942201152443819 0.58870818174909789 0.39335593767464061 0.30401016771793365 0.25297723338007927 0.36995857954025269 0.66871178802102804 0.39011213975027459 0.1199029095005234 2.0537682734429832 4.5178840347798541 0.7836612844839691 1.615870754700153 13.915173633024095
leaf_count=17590 10 40 10 2 5 22 21 6 14 43 187 21 47 352
internal_value=0.000155202 -0.0118489 0.000282407 -0.0263917 -0.00647072 0.0169447 -0.0463053 0.000206996 -0.000242828 0.00437044 0.0145497 0.0314864 -0.000332205 -0.00145652
internal_weight=241.644 2.53379 239.11 1.94508 0.972358 0.622936 0.972722 238.717 215.44 23.2765 7.35531 2.83743 15.9212 15.531
internal_count=18370 100 18270 60 37 27 23 18260 17604 656 251 64 405 399
is_linear=0
shrinkage=0.04


Tree=247
num_leaves=15
num_cat=0
split_feature=3 7 7 7 7 6 3 3 3 7 7 1 1 0
split_gain=0.306469 0.257423 0.753578 1.44928 1.26886 0.848962 1.05921 0.80603 0.78867 1.7419 0.741827 2.39611 0.726793 0.641223
threshold=0.032138250768184669 0.65196481347084057 0.71407991647720348 0.71884065866470348 0.70895385742187511 1.0000000180025095e-35 0.01197647536173463 0.013072450179606678 0.013986699748784305 0.69785863161087047 0.69785863161087047 0.060661764815449722 0.29166667163372045 0.29166667163372045
decision_type=2 2 2 2 2 2 2 2 2 2 2 2 2 2
left_child=1 12 4 -4 5 6 -3 -8 -9 -10 -7 -12 -1 -14
right_child=-2 2 3 -5 -6 10 7 8 9 -11 11 -13 13 -15
leaf_value=-0.0022156531159485348 -0.010284090056594307 0.023738012810089495 -0.050843450522016706 0.00033151435711488176 0.044989318072502664 0.0016753454347039805 -0.038499944525628653 0.039271595241469441 0.0080168511904515211 -0.068041993223287078 -0.084546055742199769 0.019208550645722952 0.0040023825500038182 0.030313109405750115
leaf_weight=129.29373893050797 4.8735648425063109 5.8038203659816698 0.89689388094120559 69.317464181338437 1.4297001464292396 3.5189156918786457 0.76829946669749904 0.90758543647825707 3.7467671354534104 0.5528631459455936 0.71046297368593492 0.71407594252377748 16.027768508996818 1.6330564427189518
leaf_count=15295 190 149 56 1976 21 100 20 19 89 22 19 12 330 25
internal_value=-0.000355711 -0.000150091 0.00155599 -0.000322177 0.0088208 0.00572861 0.0115672 -0.000254002 0.005389 -0.00176309 -0.00818356 -0.0325372 -0.00117599 0.00643528
internal_weight=240.195 235.321 88.3668 70.2144 18.1525 16.7228 11.7793 5.97552 5.20722 4.29963 4.94345 1.42454 146.955 17.6608
internal_count=18323 18133 2483 2032 451 430 299 150 130 111 131 31 15650 355
is_linear=0
shrinkage=0.04


Tree=248
num_leaves=15
num_cat=0
split_feature=6 3 0 0 3 5 3 3 3 7 7 3 3 0
split_gain=0.335045 0.618026 1.71536 0.876394 0.875819 0.477764 0.907202 0.596369 0.515877 0.441155 0.459764 0.435106 0.853279 0.505012
threshold=1.0000000180025095e-35 0.015749010257422928 0.087121214717626586 0.095454547554254546 0.015268070157617332 1.0000000180025095e-35 0.029561495408415798 0.013072450179606678 0.012270399834960701 0.65952381491661083 0.68356719613075267 0.025399639271199707 0.028036504983901981 0.15476191043853763
decision_type=2 2 2 2 2 2 2 2 2 2 2 2 2 2
left_child=5 4 -3 -4 -2 -1 7 8 9 -7 -11 -5 -13 -14
right_child=1 2 3 11 -6 6 -8 -9 -10 10 -12 12 13 -15
leaf_value=-0.00046342620429522886 0.0011170617463683121 0.030442820856475393 -0.046076838060578461 0.035063467205066333 -0.03211020185868281 -0.023049373635905659 -0.078121836476575085 0.0065527139526535714 -0.069519232491288316 0.061253949715285964 -0.0045830793161730403 -0.040703541221054892 0.01803573608718571 -0.0013433635142080594
leaf_weight=145.15378805401269 69.525431714166189 4.414169461932036 0.59475886821746726 0.66760786157101293 1.2928457532543678 2.746997748494322 0.30633797193877388 2.8337558512575924 0.27871059451717872 0.19347675889730442 1.3817351311445234 0.70643632113933463 3.1483947383239848 6.7955273170955479
leaf_count=14405 2707 77 13 13 44 661 19 102 38 2 41 17 75 176
internal_value=0.000148434 0.00212788 0.00914345 0.00125113 0.000510471 -0.000979789 -0.0106622 -0.00788265 -0.0167735 -0.0133723 0.00350341 0.00373821 0.00177462 0.00479235
internal_weight=240.04 87.1452 16.3269 11.9127 70.8183 152.895 7.74101 7.43468 4.60092 4.32221 1.57521 11.318 10.6504 9.94392
internal_count=18390 3122 371 294 2751 15268 863 844 742 704 43 281 268 251
is_linear=0
shrinkage=0.04


Tree=249
num_leaves=15
num_cat=0
split_feature=1 6 1 3 3 7 1 1 1 7 0 3 0 6
split_gain=0.225062 1.08041 0.549413 0.959312 0.867637 0.932162 0.679568 0.675577 0.659705 0.639538 0.861293 0.59774 0.887968 0.597426
threshold=0.41666667163372045 1.0000000180025095e-35 0.13392857462167743 0.030047404579818252 0.028832204639911655 0.83336618542671215 0.22500000149011615 0.069047622382640853 0.11805555596947671 0.744692623615265 0.11805555596947671 0.030446350574493412 0.75000000000000011 1.0000000180025095e-35
decision_type=2 2 2 2 2 2 2 2 2 2 2 2 2 2
left_child=2 -2 3 4 8 9 13 -7 -1 10 -6 -5 -13 -4
right_child=1 -3 6 11 5 7 -8 -9 -10 -11 -12 12 -14 -15
leaf_value=-0.00062780931013976847 0.00010306606898562475 0.030319229608446741 -0.014824461070505841 0.030577245415506504 -0.072004975100447205 -0.090560021632207874 7.1123839750676158e-05 -0.024072088280012116 0.013420130014861604 0.030178521600804784 -0.0085172854241472376 -0.04490668812772481 0.016961938222365146 -0.00027783195825811178
leaf_weight=159.93057122403479 18.942995506222363 2.1036034426651886 14.687462765490638 2.5754652144387356 0.3690351564437141 0.39963824581354834 18.959630851168185 0.62994937226176262 5.5337258680956429 0.61031918507069338 4.6487274025566876 0.49736248701810803 1.4629357946105301 6.5237673181109122
leaf_count=16070 480 34 626 61 11 7 519 21 196 18 130 16 33 164
internal_value=-0.000825989 0.00312317 -0.00120932 -0.000249162 -0.000727661 -0.0148857 -0.00543174 -0.0498796 -0.000157995 -0.00848395 -0.0131865 0.0179088 0.00126477 -0.0103505
internal_weight=237.875 21.0466 216.829 176.658 172.122 6.65767 40.1709 1.02959 165.464 5.62808 5.01776 4.53576 1.9603 21.2112
internal_count=18386 514 17872 16563 16453 187 1309 28 16266 159 141 110 49 790
is_linear=0
shrinkage=0.04


end of trees

feature_importances:
embedding_reciprocal_rank=746
rrf_score=710
historical_max_similarity=651
historical_weighted_usage=633
bm25_reciprocal_rank=301
is_relationship_key=173
is_primary_key=132
is_table=131
historical_support_count=23

parameters:
[boosting: gbdt]
[objective: lambdarank]
[metric: ndcg]
[tree_learner: serial]
[device_type: cpu]
[data_sample_strategy: bagging]
[data: ]
[valid: ]
[num_iterations: 250]
[learning_rate: 0.04]
[num_leaves: 15]
[num_threads: 0]
[seed: 42]
[deterministic: 0]
[force_col_wise: 0]
[force_row_wise: 0]
[histogram_pool_size: -1]
[max_depth: -1]
[min_data_in_leaf: 10]
[min_sum_hessian_in_leaf: 0.001]
[bagging_fraction: 0.9]
[pos_bagging_fraction: 1]
[neg_bagging_fraction: 1]
[bagging_freq: 1]
[bagging_seed: 400]
[bagging_by_query: 0]
[feature_fraction: 0.9]
[feature_fraction_bynode: 1]
[feature_fraction_seed: 30056]
[extra_trees: 0]
[extra_seed: 12879]
[early_stopping_round: 0]
[early_stopping_min_delta: 0]
[first_metric_only: 0]
[max_delta_step: 0]
[lambda_l1: 0]
[lambda_l2: 0]
[linear_lambda: 0]
[min_gain_to_split: 0]
[drop_rate: 0.1]
[max_drop: 50]
[skip_drop: 0.5]
[xgboost_dart_mode: 0]
[uniform_drop: 0]
[drop_seed: 17869]
[top_rate: 0.2]
[other_rate: 0.1]
[min_data_per_group: 100]
[max_cat_threshold: 32]
[cat_l2: 10]
[cat_smooth: 10]
[max_cat_to_onehot: 4]
[top_k: 20]
[monotone_constraints: ]
[monotone_constraints_method: basic]
[monotone_penalty: 0]
[feature_contri: ]
[forcedsplits_filename: ]
[refit_decay_rate: 0.9]
[cegb_tradeoff: 1]
[cegb_penalty_split: 0]
[cegb_penalty_feature_lazy: ]
[cegb_penalty_feature_coupled: ]
[path_smooth: 0]
[interaction_constraints: ]
[verbosity: -1]
[saved_feature_importance_type: 0]
[use_quantized_grad: 0]
[num_grad_quant_bins: 4]
[quant_train_renew_leaf: 0]
[stochastic_rounding: 1]
[linear_tree: 0]
[max_bin: 255]
[max_bin_by_feature: ]
[min_data_in_bin: 3]
[bin_construct_sample_cnt: 200000]
[data_random_seed: 175]
[is_enable_sparse: 1]
[enable_bundle: 1]
[use_missing: 1]
[zero_as_missing: 0]
[feature_pre_filter: 1]
[pre_partition: 0]
[two_round: 0]
[header: 0]
[label_column: ]
[weight_column: ]
[group_column: ]
[ignore_column: ]
[categorical_feature: ]
[forcedbins_filename: ]
[precise_float_parser: 0]
[parser_config_file: ]
[objective_seed: 16083]
[num_class: 1]
[is_unbalance: 0]
[scale_pos_weight: 1]
[sigmoid: 1]
[boost_from_average: 1]
[reg_sqrt: 0]
[alpha: 0.9]
[fair_c: 1]
[poisson_max_delta_step: 0.7]
[tweedie_variance_power: 1.5]
[lambdarank_truncation_level: 30]
[lambdarank_norm: 1]
[label_gain: ]
[lambdarank_position_bias_regularization: 0]
[eval_at: ]
[multi_error_top_k: 1]
[auc_mu_weights: ]
[num_machines: 1]
[local_listen_port: 12400]
[time_out: 120]
[machine_list_filename: ]
[machines: ]
[gpu_platform_id: -1]
[gpu_device_id: -1]
[gpu_device_id_list: ]
[gpu_use_dp: 0]
[num_gpu: 1]

end of parameters

pandas_categorical:null
